block,stage,feature,family,n_game_rounds,coef_learn,p_learn,ci_low_learn,ci_high_learn,coef_val,p_val,ci_low_val,ci_high_val,q_learn,replicates
post,endgame,mean_positivity_zscore_conversation,Sentiment & emotion,260,0.020005845064379232,0.000131382115838449,0.009751598118449892,0.030260092010308572,0.004232316417630836,0.28254535115028734,-0.0034868732782011927,0.011951506113462865,0.013198025754691386,False
post,endgame,min_user_max_word_TTR,Volume & form,260,-0.018049736347045913,0.0001571193542225165,-0.027409829910828933,-0.008689642783262893,0.017519997778225126,0.17007360594014587,-0.007508706410925912,0.04254870196737616,0.013198025754691386,False
post,endgame,stdev_user_max_negative_bert,Sentiment & emotion,260,-0.03525461447432128,0.011219502560608588,-0.06250366217172651,-0.008005566776916044,-0.01070770969786829,0.3945872621401697,-0.03535946463344429,0.013944045237707706,0.4378913361148611,False
post,endgame,min_positivity_zscore_chats,Sentiment & emotion,260,0.032106807660763424,0.011282413039548,0.0072715823202347644,0.05694203300129208,,,,,0.4378913361148611,False
post,endgame,max_negative_bert,Sentiment & emotion,260,-0.03737242277537418,0.014419604505788743,-0.06731090861883346,-0.0074339369319149015,-0.019859100237216362,0.10320656582070985,-0.043745597895301996,0.0040273974208692685,0.4378913361148611,False
post,endgame,min_positivity_zscore_conversation,Sentiment & emotion,260,-0.01996867512115442,0.019535638742614957,-0.036729012125706756,-0.0032083381166020837,-0.004429129478917909,0.5597114604753897,-0.019312343389531847,0.01045408443169603,0.4378913361148611,False
post,endgame,min_user_max_certainty_rocklage,Sentiment & emotion,260,0.02893755508822844,0.022116264227638637,0.004152801971044742,0.053722308205412135,-0.007580893127976038,0.3871346457666731,-0.024761561116447596,0.00959977486049552,0.4378913361148611,False
post,endgame,min_user_max_positivity_zscore_chats,Sentiment & emotion,260,0.02851044451859136,0.02774746559788433,0.003120373046954717,0.05390051599022801,,,,,0.4378913361148611,False
post,endgame,mean_user_max_positivity_zscore_chats,Sentiment & emotion,260,0.024377127048175344,0.028565694279288848,0.0025548632421302647,0.04619939085422042,,,,,0.4378913361148611,False
post,endgame,mean_user_max_verbs_lexical_wordcount,Lexical (LIWC),260,-0.02311722247574038,0.030722126351825866,-0.04408723291294134,-0.0021472120385394276,-0.011440896817346006,0.37176618579961085,-0.03654669729228436,0.013664903657592348,0.4378913361148611,False
post,endgame,mean_user_max_positivity_zscore_conversation,Sentiment & emotion,260,-0.020736016061464774,0.031361352510274665,-0.039617619004912494,-0.0018544131180170571,-0.002184226013954734,0.8315054916213026,-0.0223044582215264,0.017936006193616932,0.4378913361148611,False
post,endgame,min_user_max_positivity_zscore_conversation,Sentiment & emotion,260,-0.015848645792798113,0.03581657280270941,-0.03064746423253275,-0.0010498273530634775,0.0018623138585878145,0.855659686358454,-0.01820381738885799,0.021928445106033617,0.4378913361148611,False
post,endgame,max_tentativeness_lexical_wordcount,Lexical (LIWC),260,-0.024844879186541914,0.03831513944921681,-0.04835240278553556,-0.0013373555875482654,0.0012898254520002476,0.8912619868715126,-0.01720229166297652,0.019781942566977014,0.4378913361148611,False
post,endgame,mean_user_max_present_tense_lexical_wordcount,Lexical (LIWC),260,-0.018508328255609385,0.03832143350790252,-0.03602095608380904,-0.0009957004274097278,0.004358427474611897,0.6751275486732058,-0.01602317246715213,0.024740027416375925,0.4378913361148611,False
post,endgame,min_textblob_polarity,Sentiment & emotion,260,0.030718518112365912,0.03909744072454117,0.001536490193359604,0.05990054603137222,-0.0030957615089529373,0.7888599300622448,-0.02575362959806284,0.019562106580156963,0.4378913361148611,False
post,endgame,min_certainty_rocklage,Sentiment & emotion,260,0.01809399275301649,0.0503577064812977,-2.8210665862525575e-05,0.036216196171895504,-0.008052120212159217,0.3664089784529976,-0.025525006245664155,0.009420765821345722,0.5287559180536259,False
post,endgame,min_textblob_subjectivity,Sentiment & emotion,260,0.018655669473087486,0.05626532075783462,-0.0004982958043501483,0.03780963475052512,-0.008209512867920666,0.42953023401722923,-0.02857715279719305,0.012158127061351715,0.5296082740914272,False
post,endgame,mean_user_max_neutral_bert,Sentiment & emotion,260,-0.020834726194530386,0.0596057336165068,-0.04251298692922929,0.000843534540168521,0.006559946946511932,0.5299224807958085,-0.013909343399445079,0.027029237292468943,0.5296082740914272,False
post,endgame,min_user_max_neutral_bert,Sentiment & emotion,260,-0.017467496116256143,0.0611547318301691,-0.03575211433858686,0.0008171221060745762,-0.005156938013259336,0.6237359029589086,-0.025760658093687924,0.015446782067169254,0.5296082740914272,False
post,endgame,max_time_diff,Participation & timing,260,-0.031598342957387685,0.06711276336958734,-0.06542378443827773,0.0022270985235023633,0.001144568341064741,0.9289852901510389,-0.024026807855690124,0.026315944537819606,0.5296082740914272,False
post,endgame,min_user_max_time_diff,Participation & timing,260,-0.02296412604622608,0.07040423798049038,-0.047840505080602884,0.0019122529881507241,0.005194802156848829,0.5192103351983968,-0.01060136221602261,0.020990966529720267,0.5296082740914272,False
post,endgame,max_num_all_caps,Volume & form,260,-0.014289471066395013,0.0741822821119363,-0.029975298681395948,0.0013963565486059225,0.0032861713085797113,0.8300294264015151,-0.02671784697530535,0.03329018959246477,0.5296082740914272,False
post,endgame,min_user_max_textblob_subjectivity,Sentiment & emotion,260,0.016934573084945004,0.07694549051321511,-0.0018313715188743446,0.03570051768876435,-0.00259236202896255,0.7918225432407144,-0.021842365982035636,0.01665764192411054,0.5296082740914272,False
post,endgame,mean_user_max_textblob_polarity,Sentiment & emotion,260,0.014819536355001696,0.07802199138304428,-0.001662382838063442,0.031301455548066834,0.00305194556098719,0.7575826656001062,-0.01632784723409335,0.02243173835606773,0.5296082740914272,False
post,endgame,min_user_max_verbs_lexical_wordcount,Lexical (LIWC),260,-0.014983371701921273,0.07881075507312904,-0.03169160686355639,0.00172486345971384,-0.012407451575047503,0.2635547271423325,-0.03415837601580593,0.009343472865710922,0.5296082740914272,False
post,endgame,stdev_user_max_conjunction_lexical_wordcount,Lexical (LIWC),260,-0.019038595732875273,0.09618324566073368,-0.04146822787960465,0.003391036413854104,-0.005638299969436217,0.5894348112463119,-0.026115938263402833,0.014839338324530396,0.5574026170564479,False
post,endgame,stdev_user_mean_positivity_zscore_conversation,Sentiment & emotion,260,0.01392138861409958,0.10345705905846242,-0.0028354042446112372,0.030678181472810397,-0.004407989003576269,0.6344925380416404,-0.02258060384176306,0.013764625834610522,0.5574026170564479,False
post,endgame,max_dale_chall_score,Volume & form,260,-0.02112902784165133,0.10350529284965876,-0.04656501253340686,0.004306956850104203,0.010177022141403997,0.3359011176542349,-0.010551115868706135,0.03090516015151413,0.5574026170564479,False
post,endgame,max_positive_words_lexical_wordcount,Lexical (LIWC),260,0.012902197983632964,0.10761895534205869,-0.0028144155853536794,0.028618811552619607,0.005567379358513601,0.541442782522805,-0.012302386516999036,0.02343714523402624,0.5574026170564479,False
post,endgame,max_positivity_zscore_conversation,Sentiment & emotion,260,-0.025394587921432392,0.1155298065165399,-0.057019919023361475,0.006230743180496691,-0.0036709599084210724,0.6592702093106961,-0.019988961641496515,0.01264704182465437,0.5574026170564479,False
post,endgame,mean_user_max_cognitive_mech_lexical_wordcount,Lexical (LIWC),260,-0.01260220939641472,0.12013922855314921,-0.02849465817570374,0.0032902393828742986,0.0057284197724581185,0.5981120501359247,-0.0155713817691724,0.027028221314088635,0.5574026170564479,False
post,endgame,max_first_pronouns_proportion,Semantic dynamics,260,-0.02406053133425837,0.12043733399693168,-0.054427292216231285,0.006306229547714544,0.012182699608575275,0.2456726734690382,-0.008385094386017193,0.032750493603167743,0.5574026170564479,False
post,endgame,max_user_min_insight_lexical_wordcount,Lexical (LIWC),260,-0.013603553312524067,0.12381539023712092,-0.03092860973019705,0.0037215031051489184,0.00620265550291529,0.5256860645223698,-0.012954113417446279,0.02535942442327686,0.5574026170564479,False
post,endgame,max_present_tense_lexical_wordcount,Lexical (LIWC),260,-0.018363951712711706,0.12485222376633129,-0.04181620754185052,0.005088304116427102,0.007795302170172298,0.4901029244667455,-0.01434281171302276,0.029933416053367353,0.5574026170564479,False
post,endgame,max_user_min_tentativeness_lexical_wordcount,Lexical (LIWC),260,-0.018006384135404275,0.1298782252236846,-0.04130776902357057,0.0052950007527620205,-0.002239829578936498,0.8045472719681621,-0.019979550405818634,0.015499891247945638,0.5574026170564479,False
post,endgame,max_conjunction_lexical_wordcount,Lexical (LIWC),260,-0.016749760454938468,0.1313050083870134,-0.03850553065629786,0.005006009746420927,0.0035269359684071463,0.7537334109537877,-0.01850754962065944,0.025561421557473735,0.5574026170564479,False
post,endgame,mean_user_max_info_exchange_zscore_conversation,Semantic dynamics,260,-0.017145032809889976,0.1316230980026774,-0.03943257718693797,0.005142511567158017,0.0004726588972466944,0.9599197160586693,-0.017961461918406044,0.018906779712899432,0.5574026170564479,False
post,endgame,info_diversity,Semantic dynamics,260,-0.026362534642803394,0.13250816552819628,-0.06071084003660667,0.007985770750999883,0.01360434794332913,0.21571167984384343,-0.007933436811989894,0.03514213269864815,0.5574026170564479,False
post,endgame,max_user_max_verbs_lexical_wordcount,Lexical (LIWC),260,-0.013828988519064462,0.1373452543267481,-0.03207184166042597,0.004413864622297047,-0.005213132733947624,0.687130667772315,-0.03058247200817319,0.020156206540277943,0.5574026170564479,False
post,endgame,variance_in_DD,Semantic dynamics,260,0.011733630343543756,0.13862451930380398,-0.003795430178906701,0.027262690865994213,0.009246110877418822,0.04292914983629264,0.00029429486334843144,0.018197926891489212,0.5574026170564479,False
post,endgame,max_info_exchange_zscore_conversation,Semantic dynamics,260,-0.022802955045204826,0.13963824144651352,-0.053059386466694065,0.007453476376284414,-0.0029866667456919394,0.7516909479245234,-0.02148718821516818,0.015513854723784299,0.5574026170564479,False
post,endgame,max_first_person_singular_lexical_wordcount,Lexical (LIWC),260,-0.015540846579850094,0.14356623693182732,-0.03636587823908528,0.005284185079385087,0.006859229362980452,0.4838272195647261,-0.012341863686853072,0.026060322412813978,0.5574026170564479,False
post,endgame,max_user_min_neutral_bert,Sentiment & emotion,260,-0.016270051204163014,0.1469330829214526,-0.03825544552833543,0.0057153431200093995,0.01602345055905931,0.10801486855364244,-0.003517225823819626,0.03556412694193825,0.5574026170564479,False
post,endgame,stdev_user_max_textblob_polarity,Sentiment & emotion,260,-0.020355339703209418,0.15143949051662406,-0.04816760493559735,0.007456925529178517,0.005810423568294057,0.6187597279601388,-0.017075463076721985,0.028696310213310098,0.5574026170564479,False
post,endgame,max_exclusive_lexical_wordcount,Lexical (LIWC),260,-0.01677039357726034,0.15716125401883232,-0.040004822086714575,0.006464034932193892,0.010985866393372293,0.3005803191676154,-0.009814091406800458,0.031785824193545045,0.5574026170564479,False
post,endgame,max_user_min_num_all_caps,Volume & form,260,-0.011269663002308208,0.16058712075511328,-0.027012046909113362,0.0044727209044969456,-0.004984517301459206,0.7884615015477059,-0.04139580224382872,0.031426767640910305,0.5574026170564479,False
post,endgame,max_positivity_zscore_chats,Sentiment & emotion,260,0.012180351897493572,0.1634624895619754,-0.004951117114952035,0.02931182090993918,,,,,0.5574026170564479,False
post,endgame,stdev_user_min_positivity_zscore_conversation,Sentiment & emotion,260,0.012487898735847647,0.16449959850193396,-0.005119391888321504,0.0300951893600168,1.4367472955661986e-05,0.9987220221598052,-0.01756669154412812,0.017595426490039444,0.5574026170564479,False
post,endgame,sum_num_chars,Volume & form,260,-0.02400571302176598,0.1658260947272342,-0.05795891426245199,0.009947488218920036,0.007044609411770563,0.5322770825543885,-0.015063370684364148,0.029152589507905273,0.5574026170564479,False
post,endgame,max_auxiliary_verbs_lexical_wordcount,Lexical (LIWC),260,-0.015820080750117323,0.1679375415113854,-0.03830732432657653,0.0066671628263418915,-0.0016261713862363615,0.905407238071482,-0.028447197034674968,0.025194854262202245,0.5574026170564479,False
post,endgame,stdev_user_max_textblob_subjectivity,Sentiment & emotion,260,-0.021581916304397365,0.16921150874927882,-0.05235116971840493,0.0091873371096102,0.014260252724421218,0.18915387484992452,-0.007025158656154787,0.035545664104997224,0.5574026170564479,False
post,endgame,min_user_min_word_TTR,Volume & form,260,-0.011791949774768287,0.1767112752954919,-0.028899753572490326,0.005315854022953752,-0.0016056659630528415,0.8543016752366832,-0.018743402967468306,0.015532071041362623,0.5604105441731865,False
post,endgame,stdev_user_max_dale_chall_score,Volume & form,260,-0.017875547117726893,0.17679618357844573,-0.043814544242812566,0.00806345000735878,0.014674059608541939,0.1526295789663066,-0.005433982975048102,0.03478210219213198,0.5604105441731865,False
post,endgame,stdev_user_min_tentativeness_lexical_wordcount,Lexical (LIWC),260,-0.01543707527802186,0.19059399590016857,-0.038554097107087335,0.0076799465510436135,-0.007819637837601874,0.3931017203673114,-0.025765893870499653,0.010126618195295905,0.59295909835608,False
post,endgame,max_Impersonal_Pronoun_receptiveness_yeomans,Receptiveness,260,-0.012444262294054372,0.2027059288429912,-0.03159073206167788,0.006702207473569137,0.004788665275187286,0.6717280923607273,-0.01735883331730472,0.026936163867679296,0.6191744735567731,False
post,endgame,max_user_min_textblob_subjectivity,Sentiment & emotion,260,0.009513776362766041,0.20802043829449934,-0.0052965916665567245,0.024324144392088805,0.011027448385564808,0.28866004872379947,-0.00934207432320262,0.03139697109433223,0.6220352304308375,False
post,endgame,team_burstiness,Participation & timing,260,-0.015117362489102818,0.21104766746760562,-0.038807877629296224,0.00857315265109059,-0.010861523595830123,0.24564301409579936,-0.02919765221149831,0.007474605019838064,0.6220352304308375,False
post,endgame,max_First_Person_Single_receptiveness_yeomans,Receptiveness,260,-0.011376285925692332,0.22611471306217057,-0.029797134724415763,0.0070445628730310995,-0.001331738589091731,0.8885199599039151,-0.01995216374668369,0.01728868656850023,0.6471281802541748,False
post,endgame,mean_user_max_forward_flow,Semantic dynamics,260,-0.016917774779585695,0.22726525377973994,-0.04437951921368924,0.010543969654517846,0.02222424108852547,0.06611558009567484,-0.0014793840677772077,0.04592786624482815,0.6471281802541748,False
post,endgame,within_person_disc_range,Semantic dynamics,260,-0.0161187800949563,0.23159262175213868,-0.04252780473074268,0.010290244540830079,0.021120075832312273,0.0745368663200941,-0.002092227327202885,0.04433237899182743,0.6474646467626742,False
post,endgame,sum_num_messages,Volume & form,260,-0.024019878019146002,0.23509133007454242,-0.06366974576410611,0.015629989725814104,0.017613840773021593,0.09231333547260656,-0.0028947446810151448,0.03812242622705833,0.6474646467626742,False
post,endgame,gini_coefficient_sum_num_messages,Participation & timing,260,-0.015108626800281726,0.24737566648840525,-0.04070831255955509,0.010491058958991637,0.017869586392449878,0.08682362422641851,-0.0025834721213464813,0.038322644906246234,0.6631651919142083,False
post,endgame,max_user_min_first_pronouns_proportion,Semantic dynamics,260,-0.01366295606042672,0.24963609507304618,-0.03692400311414896,0.009598090993295519,0.0012165598058389328,0.8974865658339758,-0.017290638877344885,0.01972375848902275,0.6631651919142083,False
post,endgame,max_insight_lexical_wordcount,Lexical (LIWC),260,-0.009680096657635553,0.2526343588244603,-0.026264947692331165,0.006904754377060059,0.008217861310668213,0.4531056790028154,-0.013250671453029456,0.029686394074365883,0.6631651919142083,False
post,endgame,stdev_user_max_certainty_rocklage,Sentiment & emotion,260,-0.020658296931255128,0.25686247460027434,-0.05636843817397117,0.015051844311460914,0.0033271718068237375,0.7490760886994263,-0.017060437375179496,0.02371478098882697,0.6638907035822474,False
post,endgame,min_user_min_verbs_lexical_wordcount,Lexical (LIWC),260,-0.0092953325474282,0.2646975141239598,-0.02562958136754437,0.007038916272687969,-0.015273210550064207,0.1769596792385184,-0.03744435905413414,0.006897937954005727,0.6737754904973523,False
post,endgame,stdev_user_max_Impersonal_Pronoun_receptiveness_yeomans,Receptiveness,260,-0.010618053574804514,0.27421553321127967,-0.029651240285423312,0.008415133135814283,0.005089784528499986,0.633159320875062,-0.01581135039951733,0.025990919456517304,0.675389018087831,False
post,endgame,stdev_user_max_auxiliary_verbs_lexical_wordcount,Lexical (LIWC),260,-0.012191244269253304,0.2800382940885061,-0.03431090975686933,0.009928421218362727,0.004223682410908336,0.7258232805144742,-0.019382178621066753,0.027829543442883423,0.675389018087831,False
post,endgame,max_cognitive_mech_lexical_wordcount,Lexical (LIWC),260,-0.009994470662373196,0.28071960357503556,-0.02815403856621122,0.008165097241464827,0.005414049923847614,0.6079360837357713,-0.015269950685754673,0.0260980505334499,0.675389018087831,False
post,endgame,max_argue_lexical_wordcount,Lexical (LIWC),260,-0.009768102381476025,0.28299732832590785,-0.027600575523057135,0.008064370760105084,-0.007790958913470486,0.4620635814195304,-0.02855366761597121,0.012971749789030236,0.675389018087831,False
post,endgame,min_info_exchange_zscore_conversation,Semantic dynamics,260,0.010695159013352011,0.28543226359664287,-0.008928705159285214,0.03031902318598924,-0.013170547354407671,0.11076268918295865,-0.029357036267590484,0.003015941558775142,0.675389018087831,False
post,endgame,max_user_min_word_TTR,Volume & form,260,-0.0024846602714951385,0.2984809950606342,-0.007168570749131241,0.0021992502061409644,0.017400321959880716,0.24960596986404726,-0.012221668689128488,0.04702231260888992,0.6791306234355204,False
post,endgame,stdev_user_max_present_tense_lexical_wordcount,Lexical (LIWC),260,-0.0124817611637619,0.298699123883863,-0.03602214232824237,0.01105862000071857,0.007502605372700682,0.5302720666598408,-0.015928007980689236,0.0309332187260906,0.6791306234355204,False
post,endgame,mean_user_max_num_chars,Volume & form,260,-0.00920205379153948,0.29914086984659827,-0.0265728372393427,0.008168729656263739,-0.009974692473313646,0.35177658986760785,-0.03097030312341757,0.011020918176790278,0.6791306234355204,False
post,endgame,max_user_max_word_TTR,Volume & form,260,-0.002514960756741777,0.30504114735119847,-0.007320766937885004,0.0022908454244014503,0.021697726869028326,0.333841615676298,-0.022307392966369192,0.06570284670442585,0.6827142156531294,False
post,endgame,mean_user_max_nltk_english_stopwords_lexical_wordcount,Lexical (LIWC),260,-0.008213036769873006,0.30884690708117757,-0.024031188848214306,0.007605115308468295,0.0017588485435085796,0.8799197419685859,-0.021060095965186824,0.02457779305220398,0.6827142156531294,False
post,endgame,max_certainty_lexical_wordcount,Lexical (LIWC),260,-0.01141271759330086,0.3132063978797637,-0.033592332367597184,0.010766897180995466,0.002798298568744099,0.7647930903121246,-0.015532917829850123,0.02112951496733832,0.6833594135558481,False
post,endgame,max_money_lexical_wordcount,Lexical (LIWC),260,-0.011061983696140143,0.33005486895002856,-0.03332175244464919,0.011197785052368903,-0.011448413940190132,0.19463894250801672,-0.028749006820427494,0.005852178940047231,0.6964114506231944,False
post,endgame,max_user_min_percept_lexical_wordcount,Lexical (LIWC),260,0.0074448114157704675,0.3397717576499827,-0.007840452244257314,0.02273007507579825,-0.00728277046715986,0.4236179716529773,-0.02512165745919435,0.01055611652487463,0.6964114506231944,False
post,endgame,max_user_min_function_word_accommodation,Semantic dynamics,260,0.007075261279161693,0.3403855647547619,-0.007469739134032552,0.021620261692355938,0.008139673203940224,0.3468466373611341,-0.008819048947516192,0.025098395355396638,0.6964114506231944,False
post,endgame,stdev_user_max_forward_flow,Semantic dynamics,260,0.009380875555746834,0.34053165209111247,-0.009909737160443754,0.028671488271937422,0.01459348315653298,0.19763697397730295,-0.007608185107366635,0.0367951514204326,0.6964114506231944,False
post,endgame,mean_user_min_certainty_rocklage,Sentiment & emotion,260,0.00953991340171111,0.34257917410333405,-0.010161120834164459,0.029240947637586678,-0.004053825927789249,0.6888283130609139,-0.0238951027275466,0.015787450871968103,0.6964114506231944,False
post,endgame,mean_user_min_positivity_zscore_conversation,Sentiment & emotion,260,0.008472701172636952,0.34406041905788776,-0.00907820268226803,0.026023605027541936,-0.0026591721793444816,0.7599517510877709,-0.019716876382606486,0.014398532023917523,0.6964114506231944,False
post,endgame,stdev_user_max_social_lexical_wordcount,Lexical (LIWC),260,-0.009166799359556464,0.3485772050216974,-0.028334182315780148,0.01000058359666722,0.011811088710425223,0.3114071771378989,-0.011057535755865471,0.03467971317671592,0.6971544100433948,False
post,endgame,max_social_lexical_wordcount,Lexical (LIWC),260,-0.007554965286594396,0.3831329118267297,-0.02453330366329312,0.009423373090104327,0.0044500278878776365,0.7121145825831636,-0.019185412913260702,0.02808546868901597,0.7423636979102377,False
post,endgame,max_textblob_subjectivity,Sentiment & emotion,260,-0.012686432070396533,0.38390294114542267,-0.04124295405526204,0.01587008991446898,0.013041549534766926,0.24985827324629906,-0.009171979231629943,0.0352550783011638,0.7423636979102377,False
post,endgame,stdev_user_min_first_pronouns_proportion,Semantic dynamics,260,-0.01012077076882139,0.38443834356065887,-0.032927784899104806,0.01268624336146203,0.0038637509954420612,0.6797872353317072,-0.01448330869046626,0.022210810681350383,0.7423636979102377,False
post,endgame,max_percept_lexical_wordcount,Lexical (LIWC),260,-0.007085590507220452,0.39303331650255446,-0.023344839768735293,0.009173658754294389,-0.0008139660626086398,0.9312975814592322,-0.01931877916937052,0.01769084704415324,0.7431329627508066,False
post,endgame,stdev_user_min_quantifier_lexical_wordcount,Lexical (LIWC),260,0.008128635593349733,0.39368353383822496,-0.010549733799935367,0.02680700498663483,0.00840448394423434,0.3684594281527285,-0.009911244916529095,0.026720212804997777,0.7431329627508066,False
post,endgame,max_first_person_lexical_wordcount,Lexical (LIWC),260,-0.010827037800747029,0.4014294283300246,-0.036117629820484096,0.014463554218990041,0.013700487833385906,0.17331968545889487,-0.00602056354560843,0.03342153921238024,0.7493349328827126,False
post,endgame,max_article_lexical_wordcount,Lexical (LIWC),260,-0.007313422422424099,0.4101493228034496,-0.024716903584003837,0.010090058739155638,0.002865510103631102,0.771339742175546,-0.016459520903451996,0.0221905411107142,0.757198749790984,False
post,endgame,mean_user_mean_info_exchange_zscore_conversation,Semantic dynamics,260,-0.008596176894988126,0.4225819833282076,-0.029605218372751933,0.012412864582775681,0.0013240454626118683,0.8718236319463535,-0.014760253591544564,0.0174083445167683,0.7622982073410898,False
post,endgame,stdev_user_max_info_exchange_zscore_conversation,Semantic dynamics,260,-0.007535984592173382,0.42291581430628233,-0.02596717795518496,0.010895208770838195,-0.002459581135757243,0.8097556440371985,-0.02248394286109765,0.017564780589583162,0.7622982073410898,False
post,endgame,stdev_user_min_argue_lexical_wordcount,Lexical (LIWC),260,0.0057838368603450666,0.4293901952569772,-0.008561393971632105,0.020129067692322238,-0.004957808758008813,0.6388182067990318,-0.025661099871161833,0.015745482355144207,0.7622982073410898,False
post,endgame,min_user_max_info_exchange_zscore_conversation,Semantic dynamics,260,0.00824939265452451,0.4310614862940686,-0.012285271566858031,0.02878405687590705,-0.0024215489465110093,0.8104866725484631,-0.022213807430502712,0.017370709537480697,0.7622982073410898,False
post,endgame,max_num_chars,Volume & form,260,-0.006909427286125017,0.4550982478351119,-0.025039642077515543,0.011220787505265511,-0.0025814608407363354,0.824352977051848,-0.025377474642536826,0.020214552961064156,0.790308764769678,False
post,endgame,max_Positive_Emotion_receptiveness_yeomans,Receptiveness,260,0.007554120462076985,0.4596900082446821,-0.012471112552150297,0.027579353476304268,0.009732285958788013,0.2828720681040896,-0.00803017875200311,0.027494750669579134,0.790308764769678,False
post,endgame,mean_user_max_textblob_subjectivity,Sentiment & emotion,260,0.006046291169813006,0.46101344611564554,-0.01002919585290888,0.022121778192534892,0.0077534305693015195,0.4640246717997537,-0.013000055097341296,0.028506916235944334,0.790308764769678,False
post,endgame,turn_taking_index,Participation & timing,260,-0.00857322394439281,0.4790866812809782,-0.032314207544617696,0.015167759655832074,0.019776124899344504,0.11259644127647085,-0.0046533196440361885,0.0442055694427252,0.8086868900294111,False
post,endgame,min_user_max_negative_bert,Sentiment & emotion,260,-0.004670841510690332,0.48546180966069796,-0.017794986327315757,0.00845330330593509,-0.01918521573380822,0.0845514105387528,-0.04098534747818493,0.002614916010568489,0.8086868900294111,False
post,endgame,max_user_min_certainty_lexical_wordcount,Lexical (LIWC),260,-0.007248930422561774,0.49409976839814806,-0.028026331248939905,0.013528470403816356,-0.0011391446437677352,0.9103056926920274,-0.020958263345168825,0.018679974057633355,0.8086868900294111,False
post,endgame,max_certainty_rocklage,Sentiment & emotion,260,-0.012974049595051577,0.49528960970883995,-0.050263869748430154,0.024315770558326996,-0.001054862914611078,0.9158829521253323,-0.020629479721555436,0.01851975389233328,0.8086868900294111,False
post,endgame,min_negative_bert,Sentiment & emotion,260,-0.004155235851216597,0.49850951093657125,-0.01618784503932508,0.007877373336891886,-0.018691341778106114,0.07093250083759864,-0.03897716441218563,0.0015944808559733951,0.8086868900294111,False
post,endgame,max_user_min_first_person_singular_lexical_wordcount,Lexical (LIWC),260,-0.006765478497485419,0.5080895084870785,-0.026801418057281947,0.013270461062311108,-0.0003481003747819039,0.9671837889334421,-0.016931810960104376,0.01623561021054057,0.8086868900294111,False
post,endgame,max_function_word_accommodation,Semantic dynamics,260,0.005105080523030166,0.5088225959276725,-0.010039759704671216,0.020249920750731547,0.009715777366840168,0.32491396237157366,-0.009628371604278606,0.029059926337958942,0.8086868900294111,False
post,endgame,max_forward_flow,Semantic dynamics,260,-0.007687924142580168,0.5102429187090332,-0.03057172282195852,0.015195874536798184,0.02425063187738932,0.050849960737752255,-8.966563449561843e-05,0.04859092938927426,0.8086868900294111,False
post,endgame,max_user_min_forward_flow,Semantic dynamics,260,-0.007816013162349176,0.5196599052439836,-0.03160825456996086,0.015976228245262503,0.02059879162851688,0.10151055026166171,-0.0040552911599395225,0.04525287441697328,0.8159146175793388,False
post,endgame,max_positive_affect_lexical_wordcount,Lexical (LIWC),260,0.005387424656422522,0.5323117798501464,-0.01152127105811037,0.022296120370955415,0.01988770197990518,0.045498292856452044,0.0003982900494526251,0.03937711391035773,0.8199355348721745,False
post,endgame,stdev_user_min_conjunction_lexical_wordcount,Lexical (LIWC),260,-0.00726988276821914,0.5329714839437669,-0.030123526671327217,0.015583761134888938,-0.0036372722475280887,0.7104717416469588,-0.022841174734334384,0.015566630239278206,0.8199355348721745,False
post,endgame,stdev_user_max_cognitive_mech_lexical_wordcount,Lexical (LIWC),260,-0.0056815285891150015,0.5398594821136342,-0.023846501336676363,0.01248344415844636,-0.00177479703204096,0.8568898200251434,-0.021064142747518028,0.01751454868343611,0.8199355348721745,False
post,endgame,max_preposition_lexical_wordcount,Lexical (LIWC),260,-0.00521153585419523,0.5506038674557836,-0.022325264011206623,0.011902192302816162,0.004583469393207854,0.6814300474339572,-0.017299994034800724,0.026466932821216434,0.8199355348721745,False
post,endgame,max_user_min_conjunction_lexical_wordcount,Lexical (LIWC),260,-0.006518600541793023,0.5544361233639457,-0.028131972755894283,0.015094771672308237,0.0032541433562245457,0.7392837638662054,-0.01591041746501086,0.022418704177459947,0.8199355348721745,False
post,endgame,mean_user_mean_positivity_zscore_conversation,Sentiment & emotion,260,-0.005947293482903453,0.5643252714116243,-0.02616917987412859,0.014274592908321684,-0.00996506146617896,0.2065482357492303,-0.0254277691393872,0.005497646207029276,0.8199355348721745,False
post,endgame,stdev_user_max_positivity_zscore_chats,Sentiment & emotion,260,-0.0057695588170638724,0.5716291114379767,-0.0257608086460855,0.014221691011957756,,,,,0.8199355348721745,False
post,endgame,stdev_user_mean_info_exchange_zscore_conversation,Semantic dynamics,260,0.005442387711792007,0.5729968555358891,-0.01348249319605336,0.024367268619637374,-0.002343026270757099,0.8111539653889479,-0.021562466869507094,0.016876414327992896,0.8199355348721745,False
post,endgame,stdev_user_max_adverbs_lexical_wordcount,Lexical (LIWC),260,-0.005035527843218642,0.5790244749405615,-0.022824409218552378,0.012753353532115094,0.01451185151481639,0.14430796640043522,-0.00497032287321059,0.03399402590284337,0.8199355348721745,False
post,endgame,max_textblob_polarity,Sentiment & emotion,260,-0.006078577263205763,0.5810827265797143,-0.027669205525516785,0.015512050999105262,0.006834664063347699,0.47975813378805743,-0.01212083914654899,0.025790167273244388,0.8199355348721745,False
post,endgame,max_user_min_First_Person_Single_receptiveness_yeomans,Receptiveness,260,-0.004639892520898605,0.582294259015044,-0.02117337767465321,0.011893592632855998,-0.00787806794790308,0.3509199381522723,-0.024431052048552705,0.008674916152746544,0.8199355348721745,False
post,endgame,discursive_diversity,Semantic dynamics,260,-0.006539130632966024,0.5853847221990447,-0.03003245371918399,0.016954192453251943,0.019532621576068616,0.11860913197102557,-0.004997877516848867,0.0440631206689861,0.8199355348721745,False
post,endgame,stdev_user_max_positivity_zscore_conversation,Sentiment & emotion,260,-0.006325302290724263,0.588453390547274,-0.029237618743116034,0.01658701416166751,-0.0037607997629641914,0.7096712453526794,-0.023559560284984883,0.016037960759056502,0.8199355348721745,False
post,endgame,mean_user_min_info_exchange_zscore_conversation,Semantic dynamics,260,0.005193374287923866,0.5945029243588064,-0.01392818097578171,0.024314929551629443,-0.0002718828406732786,0.9763893523932764,-0.018277112068071935,0.017733346386725378,0.8199355348721745,False
post,endgame,stdev_user_max_positive_affect_lexical_wordcount,Lexical (LIWC),260,-0.005507771124064628,0.5977902088278595,-0.025969148228726476,0.01495360598059722,0.018380931609311844,0.07410343106433218,-0.0017906718715644428,0.038552535090188134,0.8199355348721745,False
post,endgame,min_user_max_cognitive_mech_lexical_wordcount,Lexical (LIWC),260,-0.003972389502916403,0.6003099451742706,-0.018831953060135034,0.01088717405430223,0.006616284910121095,0.5175665762200714,-0.013423368985717233,0.02665593880595942,0.8199355348721745,False
post,endgame,stdev_user_max_Positive_Emotion_receptiveness_yeomans,Receptiveness,260,-0.005782916274467337,0.6197768113538413,-0.028626665942350686,0.017060833393416013,0.013813457170165482,0.16373807443156252,-0.005627663406807466,0.03325457774713843,0.8396976153826237,False
post,endgame,max_user_min_first_person_plural_lexical_wordcount,Lexical (LIWC),260,-0.006828911661391046,0.6477117281860036,-0.03612011250608474,0.022462289183302647,0.004069756223840284,0.6722996035622175,-0.014787661888493332,0.0229271743361739,0.8637852349033537,False
post,endgame,min_user_max_auxiliary_verbs_lexical_wordcount,Lexical (LIWC),260,-0.0039039936464529933,0.6478389261775153,-0.02065585232662256,0.012847865033716575,-0.01414591083299697,0.24430158724159967,-0.037958866824792346,0.00966704515879841,0.8637852349033537,False
post,endgame,stdev_user_min_inclusive_lexical_wordcount,Lexical (LIWC),260,0.003678485955858275,0.6842117678519921,-0.014047848087843118,0.02140481999955967,0.0012539286587654533,0.9063080756721462,-0.019627349140331797,0.022135206457862704,0.9050990314892494,False
post,endgame,max_achievement_lexical_wordcount,Lexical (LIWC),260,0.003750319131224363,0.6916905541264349,-0.01478522464262011,0.022285862905068836,-0.004445925668289006,0.6376467952567972,-0.02294701101320775,0.014055159676629738,0.906782364106028,False
post,endgame,max_inclusive_lexical_wordcount,Lexical (LIWC),260,-0.004075479805678777,0.7061556396001881,-0.02526190279017999,0.017110943178822436,0.01925155909679365,0.04576744938145385,0.00036206582699563686,0.03814105236659167,0.906782364106028,False
post,endgame,stdev_user_min_num_question_naive,Questions & repair,260,0.0035248461254471586,0.7116616161908893,-0.01516589127441922,0.022215583525313536,0.020323088639673206,0.015153602424002176,0.0039222434487743915,0.03672393383057202,0.906782364106028,False
post,endgame,stdev_user_min_Positive_Emotion_receptiveness_yeomans,Receptiveness,260,-0.0036528657853763195,0.7127736686831493,-0.02310093218168218,0.015795200610929545,0.010933620876229833,0.2684574704957292,-0.008431172771323183,0.03029841452378285,0.906782364106028,False
post,endgame,stdev_user_min_info_exchange_zscore_conversation,Semantic dynamics,260,0.003693292444543292,0.716237214017527,-0.016221081293084937,0.02360766618217152,0.0037273287665335435,0.7171982563339644,-0.01644195187318462,0.02389660940625171,0.906782364106028,False
post,endgame,max_user_min_first_person_lexical_wordcount,Lexical (LIWC),260,-0.004129732470118129,0.7178693715839388,-0.026532036408550397,0.01827257146831414,0.003288627778828067,0.7206204075297612,-0.014734458688384484,0.021311714246040617,0.906782364106028,False
post,endgame,stdev_user_min_neutral_bert,Sentiment & emotion,260,-0.003747104188961778,0.738628931259989,-0.025757471353885803,0.018263262975962247,0.025234273015065957,0.01887152371562894,0.004170806149084265,0.04629773988104765,0.9173166556189646,False
post,endgame,stdev_user_max_quantifier_lexical_wordcount,Lexical (LIWC),260,0.003151557761573602,0.7466994296111866,-0.015972421963025653,0.022275537486172857,0.006442661435903366,0.5164746245924254,-0.013020338165665111,0.02590566103747184,0.9173166556189646,False
post,endgame,max_past_tense_lexical_wordcount,Lexical (LIWC),260,-0.0028204715587203597,0.7504151966029992,-0.020199166090208248,0.014558222972767529,-0.004273948467445695,0.6618023874964383,-0.02342412221030736,0.014876225275415973,0.9173166556189646,False
post,endgame,min_user_max_num_chars,Volume & form,260,-0.0029327282406842715,0.7514338725096961,-0.021079706207096933,0.015214249725728391,-0.016586310823866433,0.08504701592397805,-0.03546332979982988,0.002290708152097011,0.9173166556189646,False
post,endgame,stdev_user_max_verbs_lexical_wordcount,Lexical (LIWC),260,-0.0026401043312065595,0.7549005393529161,-0.019215284660044893,0.013935075997631774,0.0026698531303485235,0.8181935179734061,-0.020094480382339835,0.02543418664303688,0.9173166556189646,False
post,endgame,stdev_user_max_preposition_lexical_wordcount,Lexical (LIWC),260,-0.00287682855402545,0.762668644960281,-0.02154863817617613,0.015794981068125234,0.002984056082177579,0.7977781899833851,-0.019842266512369054,0.025810378676724213,0.9173166556189646,False
post,endgame,min_cognitive_mech_lexical_wordcount,Lexical (LIWC),260,-0.0023404484499437595,0.7644305463491372,-0.01764804689497443,0.012967149995086908,0.00535286002918046,0.6007735053957912,-0.014696143442510159,0.02540186350087108,0.9173166556189646,False
post,endgame,max_user_min_info_exchange_zscore_conversation,Semantic dynamics,260,-0.004205770162964251,0.7850006439687299,-0.03442171520394462,0.026010174878016115,-0.00047685711963015714,0.9587910287611342,-0.01856489395833729,0.017611179719076976,0.9353199162180612,False
post,endgame,min_num_chars,Volume & form,260,0.002465887692277801,0.8094447465578136,-0.017576423126766844,0.022508198511322446,-0.01963936036832293,0.05087661014429463,-0.03935360529627389,7.48845596280287e-05,0.9490811542101293,False
post,endgame,min_user_max_social_lexical_wordcount,Lexical (LIWC),260,0.0020646350887664044,0.8132347760915714,-0.015063509555820526,0.019192779733353336,-0.01238922348933011,0.25468247654436793,-0.033707375322950144,0.00892892834428992,0.9490811542101293,False
post,endgame,mean_info_exchange_zscore_conversation,Semantic dynamics,260,0.0018857794062824354,0.8134981321801108,-0.013781090865503432,0.017552649678068303,0.013401681061762791,0.1817583151090445,-0.0062685188108262645,0.033071880934351844,0.9490811542101293,False
post,endgame,stdev_user_max_num_chars,Volume & form,260,-0.0018952699040456697,0.8255572593138372,-0.01874921324122225,0.014958673433130912,0.007778310271515921,0.5101489653350916,-0.015369389001377194,0.030926009544409036,0.9536095910803328,False
post,endgame,max_user_min_inclusive_lexical_wordcount,Lexical (LIWC),260,0.0019282385592111866,0.8344601853814781,-0.01615575608488047,0.020012233203302844,0.010979725745320879,0.28987288033969183,-0.009352716008752862,0.03131216749939462,0.9536095910803328,False
post,endgame,min_auxiliary_verbs_lexical_wordcount,Lexical (LIWC),260,-0.0014849894967951065,0.8383188941937487,-0.01574917711708801,0.012779198123497796,-0.019342316040693197,0.1150663047032561,-0.043399720947548265,0.004715088866161874,0.9536095910803328,False
post,endgame,min_user_max_preposition_lexical_wordcount,Lexical (LIWC),260,-0.001653858202067893,0.8400846397612456,-0.017717981116353233,0.014410264712217449,6.482958029085592e-05,0.9953524211818625,-0.02174901140098881,0.021878670561570522,0.9536095910803328,False
post,endgame,min_user_max_mimicry_bert,Semantic dynamics,260,-0.0016629591764325841,0.8519530001280808,-0.01912740946646614,0.01580149111360097,0.01013581127792966,0.31861431834323817,-0.009783607570022525,0.030055230125881845,0.9555179526827849,False
post,endgame,stdev_user_min_positive_affect_lexical_wordcount,Lexical (LIWC),260,0.0015338840791722479,0.853141029181058,-0.014706847096233867,0.017774615254578362,0.015350444958600867,0.13365042198383184,-0.004708960562526947,0.03540985047972868,0.9555179526827849,False
post,endgame,max_user_min_certainty_rocklage,Sentiment & emotion,260,-0.0023595501208299105,0.8655977784033722,-0.029683366872587918,0.024964266630928097,-0.0013685007049641755,0.888387274593521,-0.020480038616828667,0.017743037206900316,0.9567089397212113,False
post,endgame,max_relative_lexical_wordcount,Lexical (LIWC),260,-0.001497939030142629,0.8660544986494481,-0.01890393015522727,0.015908052094942015,0.004355761197944685,0.6849908088516231,-0.016689174115390826,0.025400696511280196,0.9567089397212113,False
post,endgame,min_user_max_nltk_english_stopwords_lexical_wordcount,Lexical (LIWC),260,-0.0014981837927670189,0.8712884986746745,-0.019621559456949215,0.016625191871415177,-0.00018119203295748326,0.9875199020091768,-0.022884625706756187,0.02252224164084122,0.9567089397212113,False
post,endgame,max_adverbs_lexical_wordcount,Lexical (LIWC),260,-0.0013520536091599332,0.885006017571651,-0.019674989234423637,0.01697088201610377,0.023422643686290295,0.01783673635621262,0.004044115999411155,0.04280117137316944,0.9654611100781647,False
post,endgame,stdev_user_min_positive_words_lexical_wordcount,Lexical (LIWC),260,-0.0013838701748812715,0.9044635279639807,-0.02398200348603936,0.021214263136276817,0.00901377229521931,0.35681996992126064,-0.010159087888906727,0.028186632479345348,0.9689984791609524,False
post,endgame,stdev_user_max_positive_words_lexical_wordcount,Lexical (LIWC),260,-0.0011087852174208185,0.9049672403024906,-0.019311304522153953,0.017093734087312316,0.014755029378313671,0.1184613990249181,-0.0037679880546701433,0.033278046811297486,0.9689984791609524,False
post,endgame,max_content_word_accommodation_per_conv,Semantic dynamics,260,-0.0012073764428256663,0.9106317357993354,-0.022290570429773504,0.019875817544122175,0.005132171228036508,0.5383984599566893,-0.011217425442056339,0.021481767898129354,0.9689984791609524,False
post,endgame,max_user_min_argue_lexical_wordcount,Lexical (LIWC),260,-0.0008612432740632489,0.9113199982585147,-0.01601747392593654,0.01429498737781004,-0.0015442282299088922,0.8804031855605263,-0.021660334975407196,0.01857187851558941,0.9689984791609524,False
post,endgame,max_mimicry_bert,Semantic dynamics,260,-0.0010619324222524186,0.9259252118088214,-0.02344859258558785,0.021324727741083013,0.014107796839671838,0.17763890070287813,-0.006403724849197611,0.03461931852854129,0.9783360728546038,False
post,endgame,gini_coefficient_sum_num_chars,Participation & timing,260,-0.0006123998483789873,0.949832992422281,-0.019689773297798866,0.01846497360104089,0.01967542605115186,0.06694497133739989,-0.0013738180695901832,0.040724670171893906,0.985063309934675,False
post,endgame,min_nltk_english_stopwords_lexical_wordcount,Lexical (LIWC),260,0.0005463983790993673,0.9536008019122711,-0.017858866849040395,0.018951663607239128,-0.004836468160374988,0.6820383481617891,-0.027974598245833242,0.018301661925083267,0.985063309934675,False
post,endgame,min_user_max_relative_lexical_wordcount,Lexical (LIWC),260,-0.0004892711274859587,0.9573191273903537,-0.018407586400875024,0.017429044145903107,-0.026129032094133246,0.052901085993118116,-0.052585215712701465,0.00032715152443497236,0.985063309934675,False
post,endgame,max_user_min_positivity_zscore_conversation,Sentiment & emotion,260,0.00038555954238210857,0.9605066404245466,-0.014875267684989816,0.015646386769754033,-0.002244035675261404,0.7906850269264976,-0.018814790177298004,0.014326718826775196,0.985063309934675,False
post,endgame,stdev_user_max_relative_lexical_wordcount,Lexical (LIWC),260,0.0004759649940529009,0.961609421602897,-0.018904796367896416,0.01985672635600222,0.02070126237150658,0.055922744606486836,-0.0005233343830888873,0.04192585912610205,0.985063309934675,False
post,endgame,max_user_min_content_word_accommodation_per_conv,Semantic dynamics,260,-0.0003873383881190483,0.968615456842244,-0.01968260769748485,0.018907930921246752,0.00041696628198770527,0.9606717991302405,-0.016156335506510647,0.016990268070486057,0.9862266469666485,False
post,endgame,max_user_min_First_Person_Plural_receptiveness_yeomans,Receptiveness,260,0.0001329398856663496,0.9917442916848842,-0.025048546613895953,0.025314426385228656,0.004462838475016884,0.6619477918847574,-0.015542860990928827,0.024468537940962595,0.9964435077443192,False
post,endgame,max_First_Person_Plural_receptiveness_yeomans,Receptiveness,260,8.533474549752036e-05,0.9934221195390525,-0.02020191397311704,0.020372583464112082,0.005595331194762479,0.5816347359287263,-0.014307896462418972,0.02549855885194393,0.9964435077443192,False
post,endgame,stdev_user_min_first_person_lexical_wordcount,Lexical (LIWC),260,5.3978245704709715e-05,0.9964435077443192,-0.02368071443943284,0.02378867093084226,0.001409791510846227,0.8831906428868255,-0.017396584956838563,0.020216167978531017,0.9964435077443192,False
post,middle,mean_user_max_positivity_zscore_chats,Sentiment & emotion,1023,0.015096839073200079,0.002139864427348464,0.005458960213227566,0.02473471793317259,,,,,0.21776417910740434,False
post,middle,max_time_diff,Participation & timing,1023,-0.023554869203970645,0.003019713487505467,-0.039121622971246994,-0.007988115436694294,-0.015415379657279698,0.03294008202101532,-0.02958145568708363,-0.001249303627475766,0.21776417910740434,False
post,middle,max_user_min_textblob_subjectivity,Sentiment & emotion,1023,0.01793980726916011,0.003888646055489363,0.005760835981443146,0.03011877855687707,0.01632338369119339,0.000602655390490019,0.006997039790237093,0.025649727592149688,0.21776417910740434,False
post,middle,min_user_max_positivity_zscore_chats,Sentiment & emotion,1023,0.014519020760123189,0.008851789829108878,0.0036482268785239993,0.02538981464172238,,,,,0.30633130797460617,False
post,middle,stdev_user_min_positive_words_lexical_wordcount,Lexical (LIWC),1023,0.01092579090631069,0.010284198332574363,0.0025808494186926774,0.0192707323939287,0.007692146010091333,0.09155717029106987,-0.0012433505194316703,0.016627642539614337,0.30633130797460617,False
post,middle,stdev_user_min_Positive_Emotion_receptiveness_yeomans,Receptiveness,1023,0.01008971998593645,0.011667686803209081,0.002248647716132363,0.017930792255740534,0.006767237668191322,0.1561887594848028,-0.0025864138543365243,0.01612088919071917,0.30633130797460617,False
post,middle,min_user_max_neutral_bert,Sentiment & emotion,1023,-0.016419741847237528,0.014004028785449646,-0.02951701766051571,-0.003322466033959347,-0.017103196973976262,0.0009849809800596136,-0.027277360605570573,-0.006929033342381952,0.30633130797460617,False
post,middle,min_positivity_zscore_conversation,Sentiment & emotion,1023,-0.011393575203673914,0.014587205141647913,-0.02053637382677572,-0.0022507765805721055,-0.0033088609266112515,0.37772122021840004,-0.010660893222061468,0.004043171368838964,0.30633130797460617,False
post,middle,stdev_user_min_positivity_zscore_conversation,Sentiment & emotion,1023,0.015381452738963188,0.020853934248766227,0.002334256556500115,0.028428648921426262,0.008663282988427109,0.0863046555958418,-0.0012361523479581128,0.01856271832481233,0.3362951034272199,False
post,middle,stdev_user_max_positivity_zscore_conversation,Sentiment & emotion,1023,-0.010192281457224952,0.021603971670282007,-0.018888079527260973,-0.0014964833871889318,0.005723982043581802,0.33018177144432603,-0.005797274815351073,0.017245238902514677,0.3362951034272199,False
post,middle,mean_user_mean_positivity_zscore_conversation,Sentiment & emotion,1023,0.008350354554349597,0.022019322248210828,0.0012035649063765128,0.01549714420232268,0.00028410334055756735,0.943677026316449,-0.007597557720334004,0.008165764401449139,0.3362951034272199,False
post,middle,max_function_word_accommodation,Semantic dynamics,1023,-0.010031465938284327,0.03232802809807229,-0.019217574134879477,-0.0008453577416891751,-0.002275127398653277,0.5761703234758029,-0.010252351589235965,0.005702096791929411,0.387621435554898,False
post,middle,mean_user_max_textblob_subjectivity,Sentiment & emotion,1023,0.010652794283872691,0.03286047257472948,0.0008677861057328137,0.02043780246201257,0.007055889379360554,0.15746365706098997,-0.0027267686833228316,0.01683854744204394,0.387621435554898,False
post,middle,max_user_min_positivity_zscore_conversation,Sentiment & emotion,1023,0.012003209433767427,0.0344987818247142,0.0008756266734227074,0.023130792194112147,0.009465968140008645,0.0570443694526012,-0.00028350235910240724,0.019215438639119696,0.387621435554898,False
post,middle,stdev_user_min_tentativeness_lexical_wordcount,Lexical (LIWC),1023,-0.010224962742309811,0.03793681957849764,-0.019880565821932768,-0.000569359662686857,0.009173473449305962,0.009243972124086269,0.002265909460142157,0.016081037438469767,0.387621435554898,False
post,middle,stdev_user_min_positive_affect_lexical_wordcount,Lexical (LIWC),1023,0.01051613006439507,0.03867478109213682,0.000547600334424676,0.020484659794365465,0.005381858410673768,0.16136606917110308,-0.0021499585901015895,0.012913675411449126,0.387621435554898,False
post,middle,mean_user_max_neutral_bert,Sentiment & emotion,1023,-0.023625930929603942,0.04002076180051946,-0.04617533170355873,-0.0010765301556491524,-0.013405417465577555,0.020987653502178984,-0.024788339818781955,-0.002022495112373155,0.387621435554898,False
post,middle,min_positivity_zscore_chats,Sentiment & emotion,1023,0.014720991121888537,0.041530868095167636,0.0005649983463917561,0.028876983897385317,,,,,0.387621435554898,False
post,middle,stdev_user_min_inclusive_lexical_wordcount,Lexical (LIWC),1023,-0.008946052906281103,0.044173393176505045,-0.017658822686008234,-0.00023328312655397296,-0.00159266019831462,0.6888584677284282,-0.009388664285473396,0.006203343888844156,0.3905857922975183,False
post,middle,stdev_user_min_conjunction_lexical_wordcount,Lexical (LIWC),1023,-0.009155171434465087,0.050263635731112345,-0.01832086699286125,1.052412393107681e-05,0.0029866977182297742,0.38421038856505274,-0.0037405572153945367,0.009713952651854086,0.42221454014134374,False
post,middle,min_user_max_word_TTR,Volume & form,1023,-0.0070861704279365076,0.057884778519446727,-0.014409202243688392,0.00023686138781537584,0.0009141437440768332,0.8361911512678042,-0.0077510750357461305,0.009579362523899796,0.4630782281555738,False
post,middle,stdev_user_min_num_question_naive,Questions & repair,1023,-0.010486035681966134,0.06657408795259616,-0.021688990265932344,0.0007169189020000757,0.0004351876227658095,0.918516484826993,-0.00790235214271894,0.00877272738825056,0.5083839443652798,False
post,middle,min_textblob_subjectivity,Sentiment & emotion,1023,0.014214518209145502,0.08125991278660072,-0.001765515505908935,0.03019455192419994,0.00344483505294861,0.4879643432098898,-0.006290224907809019,0.013179895013706238,0.5935506673108226,False
post,middle,max_user_min_neutral_bert,Sentiment & emotion,1023,-0.015528770151239275,0.08974731206787062,-0.03346668113710635,0.002409140834627798,-0.0029045083183270627,0.5866599385809822,-0.013375198680681393,0.007566182044027267,0.6282311844750944,False
post,middle,stdev_user_max_cognitive_mech_lexical_wordcount,Lexical (LIWC),1023,-0.011088770446168362,0.09690855200000133,-0.0241810636341765,0.0020035227418397743,0.003345789091185148,0.46688423331435125,-0.005667412095236928,0.012358990277607224,0.6512254694400089,False
post,middle,max_user_min_num_all_caps,Volume & form,1023,-0.005722761813897655,0.10390161350048517,-0.012619963004458515,0.0011744393766632043,-0.013564506481760686,0.006592481925159215,-0.02335041510995165,-0.00377859785356972,0.6713642718492888,False
post,middle,max_tentativeness_lexical_wordcount,Lexical (LIWC),1023,-0.00920301205838462,0.13482828633580585,-0.021265613446236394,0.002859589329467154,0.006924210857591421,0.14946468510091782,-0.0024909200144590344,0.016339341729641875,0.7561675260286242,False
post,middle,max_cognitive_mech_lexical_wordcount,Lexical (LIWC),1023,-0.009112068757349873,0.13495201553136887,-0.021059257006197988,0.002835119491498242,0.0010318737630848336,0.8381085887958334,-0.008866817566522498,0.010930565092692166,0.7561675260286242,False
post,middle,max_user_min_argue_lexical_wordcount,Lexical (LIWC),1023,0.007238537165872483,0.15532434318071706,-0.002745651851403216,0.01722272618314818,0.006839781726116342,0.10123532034171892,-0.001339957274964866,0.01501952072719755,0.7561675260286242,False
post,middle,stdev_user_min_first_person_lexical_wordcount,Lexical (LIWC),1023,-0.006777517145097946,0.16590267228386069,-0.016365236299057426,0.0028102020088615343,0.007253990620467765,0.03556891249029667,0.0004895911871567894,0.01401839005377874,0.7561675260286242,False
post,middle,mean_user_max_cognitive_mech_lexical_wordcount,Lexical (LIWC),1023,-0.007805020187430658,0.16690219330109823,-0.01887235210349521,0.003262311728633896,-0.0027880643664065733,0.6192936699268743,-0.013786328646151121,0.008210199913337974,0.7561675260286242,False
post,middle,stdev_user_max_conjunction_lexical_wordcount,Lexical (LIWC),1023,-0.01033206111041141,0.16923014990105534,-0.0250630841502806,0.00439896192945778,0.0036962453738591527,0.41810535871416254,-0.0052507656562014535,0.012643256403919759,0.7561675260286242,False
post,middle,min_user_max_verbs_lexical_wordcount,Lexical (LIWC),1023,0.007956573574658853,0.1716779370369802,-0.003452726503294633,0.019365873652612338,-0.010591726223726842,0.08533259960053506,-0.022657291115223833,0.0014738386677701498,0.7561675260286242,False
post,middle,min_user_max_textblob_subjectivity,Sentiment & emotion,1023,0.010489876001001593,0.18013264510386007,-0.004849273695578459,0.025829025697581644,-0.0004615151351509755,0.9275275690702008,-0.010406469228245192,0.009483438957943242,0.7561675260286242,False
post,middle,mean_user_min_positivity_zscore_conversation,Sentiment & emotion,1023,0.012717964798211833,0.18375027207940064,-0.0060338778861589015,0.03146980748258257,0.006794991185653735,0.1978774864805788,-0.0035480561543890067,0.017138038525696477,0.7561675260286242,False
post,middle,max_article_lexical_wordcount,Lexical (LIWC),1023,0.008267159648125853,0.18851273122562984,-0.0040548471024303735,0.02058916639868208,-0.0020628946837984692,0.7126324503908543,-0.013040216105810333,0.008914426738213393,0.7561675260286242,False
post,middle,stdev_user_mean_positivity_zscore_conversation,Sentiment & emotion,1023,0.008798923854094821,0.1934064080688036,-0.004461109818298167,0.02205895752648781,0.00794478354174142,0.12774708588312664,-0.0022791263414703167,0.018168693424953156,0.7561675260286242,False
post,middle,min_user_min_verbs_lexical_wordcount,Lexical (LIWC),1023,0.009983667958140268,0.1973537056265544,-0.0051953015847993195,0.025162637501079856,-0.010701926512764902,0.09926204665580333,-0.023426300931500735,0.0020224479059709286,0.7561675260286242,False
post,middle,max_positivity_zscore_conversation,Sentiment & emotion,1023,-0.012063064022799146,0.20290741234741982,-0.030631313032210658,0.006505184986612365,-0.00023978523250590272,0.9613931856846039,-0.00994884215858401,0.009469271693572204,0.7561675260286242,False
post,middle,stdev_user_max_preposition_lexical_wordcount,Lexical (LIWC),1023,-0.009307744335446358,0.2065002460635723,-0.023748971118962747,0.005133482448070031,-0.0029941528254824636,0.5944505262135049,-0.01401679789067775,0.008028492239712822,0.7561675260286242,False
post,middle,max_exclusive_lexical_wordcount,Lexical (LIWC),1023,-0.008167447134407431,0.208561544600384,-0.020897078910753722,0.004562184641938858,0.0002825502680275241,0.9454202556319787,-0.007806792813063952,0.008371893349119,0.7561675260286242,False
post,middle,stdev_user_max_quantifier_lexical_wordcount,Lexical (LIWC),1023,-0.008546280350813989,0.21048942776108692,-0.021922836640559225,0.004830275938931249,-0.001991622971346514,0.6427591873809921,-0.010407179551930299,0.0064239336092372715,0.7561675260286242,False
post,middle,max_negative_bert,Sentiment & emotion,1023,-0.009013825425861599,0.2138240497137276,-0.02322547827928975,0.00519782742756655,-0.005249709935604479,0.31447635305355115,-0.015478869833588827,0.004979449962379869,0.7561675260286242,False
post,middle,max_user_min_inclusive_lexical_wordcount,Lexical (LIWC),1023,-0.004776447075616515,0.22047695852820337,-0.012416995071143773,0.0028641009199107427,-0.0010687808489194383,0.7994332103351623,-0.0093132950475619,0.007175733349723023,0.7561675260286242,False
post,middle,max_user_min_conjunction_lexical_wordcount,Lexical (LIWC),1023,-0.004833695780027885,0.23035210912417836,-0.012732191938974322,0.0030648003789185523,0.001430791565354356,0.6656474908501705,-0.005058702174381746,0.007920285305090459,0.7561675260286242,False
post,middle,stdev_user_max_relative_lexical_wordcount,Lexical (LIWC),1023,-0.010035436364307853,0.23620168651719886,-0.02664035556673326,0.0065694828381175525,0.0016031040559300108,0.8054405118685277,-0.011153167502154247,0.014359375614014267,0.7561675260286242,False
post,middle,max_user_min_tentativeness_lexical_wordcount,Lexical (LIWC),1023,-0.005984962264426071,0.23872468681495052,-0.015941256131513842,0.003971331602661698,0.008703835778536322,0.03555617725378447,0.0005880063503369021,0.016819665206735744,0.7561675260286242,False
post,middle,min_user_max_social_lexical_wordcount,Lexical (LIWC),1023,0.007311893346256964,0.24211427307268274,-0.004939813101912447,0.019563599794426373,-0.018980982262039727,0.0012123111736037741,-0.030477401728105806,-0.007484562795973648,0.7561675260286242,False
post,middle,min_info_exchange_zscore_conversation,Semantic dynamics,1023,-0.007294242937115569,0.24257450886166076,-0.01952832411409495,0.004939838239863809,-0.0025271095983943857,0.5268723421103263,-0.010354449512862398,0.005300230316073627,0.7561675260286242,False
post,middle,mean_user_mean_info_exchange_zscore_conversation,Semantic dynamics,1023,-0.007205112371125128,0.2459706887605997,-0.019377030560986077,0.0049668058187358225,-0.0022203895050725265,0.561707774074329,-0.009719670595248841,0.0052788915851037874,0.7561675260286242,False
post,middle,max_positivity_zscore_chats,Sentiment & emotion,1023,0.008770822800713488,0.25379503474601783,-0.00629296831371772,0.023834613915144694,,,,,0.7561675260286242,False
post,middle,max_conjunction_lexical_wordcount,Lexical (LIWC),1023,-0.007580150684669385,0.25838141016339966,-0.020725163210234678,0.005564861840895908,0.002352035170628067,0.5822217597649443,-0.006027440524358497,0.010731510865614632,0.7561675260286242,False
post,middle,max_relative_lexical_wordcount,Lexical (LIWC),1023,-0.010285366781365025,0.2586814662131409,-0.028132835122548116,0.007562101559818065,-0.0029736033607286306,0.6317116348814878,-0.015132842303481607,0.009185635582024345,0.7561675260286242,False
post,middle,max_num_all_caps,Volume & form,1023,-0.00427771982861928,0.2606386048959115,-0.011731096395738133,0.003175656738499574,-0.010775722582361594,0.014280903256962123,-0.01939572376921541,-0.0021557213955077804,0.7561675260286242,False
post,middle,stdev_user_min_argue_lexical_wordcount,Lexical (LIWC),1023,0.006075517909607897,0.26828025870463645,-0.0046809917531772105,0.016832027572393004,0.0060409263191152345,0.10895092252570653,-0.0013455629339466368,0.013427415572177106,0.7561675260286242,False
post,middle,max_certainty_lexical_wordcount,Lexical (LIWC),1023,-0.0044810191897332406,0.27511248881925565,-0.012528408978757783,0.0035663705992913016,-0.0045768326663305665,0.3157955227832929,-0.01351922163332406,0.0043655563006629265,0.7561675260286242,False
post,middle,mean_info_exchange_zscore_conversation,Semantic dynamics,1023,-0.005180304830431821,0.28220072786677763,-0.014621738114614383,0.004261128453750741,-0.0019522530014141892,0.6360111363452572,-0.010036937728912364,0.006132431726083985,0.7561675260286242,False
post,middle,stdev_user_min_quantifier_lexical_wordcount,Lexical (LIWC),1023,-0.004738533869889342,0.2869190169785357,-0.01345983534898922,0.003982767609210537,-0.0015418455354345509,0.7058605720314268,-0.009548712296864187,0.006465021225995085,0.7561675260286242,False
post,middle,max_user_max_word_TTR,Volume & form,1023,-0.003091488772068086,0.2881817420728945,-0.008796318092565597,0.0026133405484294243,-0.005581251424048243,0.027977775377926225,-0.010558982766338288,-0.0006035200817581989,0.7561675260286242,False
post,middle,max_forward_flow,Semantic dynamics,1023,-0.012088573046561255,0.2948119523011197,-0.03470467535691336,0.010527529263790846,0.00640011754183295,0.24638891017105002,-0.004421464562581296,0.017221699646247195,0.7561675260286242,False
post,middle,min_user_max_time_diff,Participation & timing,1023,-0.005723617639987978,0.2971816635578687,-0.01648440881277012,0.005037173532794164,-0.016335434277160787,0.07242127515994147,-0.034157623530679374,0.0014867549763577965,0.7561675260286242,False
post,middle,mean_user_max_info_exchange_zscore_conversation,Semantic dynamics,1023,-0.014012656851621322,0.30338063359086265,-0.04069747501921432,0.012672161315971675,-0.010482936656134033,0.07214352466301917,-0.021908834128194693,0.0009429608159266262,0.7561675260286242,False
post,middle,min_user_max_certainty_rocklage,Sentiment & emotion,1023,-0.00438130294462391,0.3090275912078737,-0.012822760866216115,0.004060154976968295,-0.0013852603255348137,0.7598242543946294,-0.010266377400031272,0.007495856748961645,0.7561675260286242,False
post,middle,discursive_diversity,Semantic dynamics,1023,-0.00836636346873638,0.3121924256735654,-0.024591621894093176,0.007858894956620415,0.008070027983612858,0.09018442994599994,-0.0012646774112149949,0.01740473337844071,0.7561675260286242,False
post,middle,max_user_min_word_TTR,Volume & form,1023,-0.0028564608724941424,0.31488584561649224,-0.0084270410984526,0.0027141193534643156,-0.00403284789208873,0.17195758290860008,-0.009819509594798251,0.0017538138106207909,0.7561675260286242,False
post,middle,mean_user_max_forward_flow,Semantic dynamics,1023,-0.013829772685043698,0.3167149660445886,-0.04090229290005559,0.013242747529968199,0.004767104413019472,0.43702582989853633,-0.007254316385561321,0.016788525211600264,0.7561675260286242,False
post,middle,min_user_min_word_TTR,Volume & form,1023,-0.0043315625842748895,0.3173607505747653,-0.012822150691770576,0.004159025523220797,-0.0012297092346762292,0.7580251894313988,-0.009053080319394332,0.006593661850041874,0.7561675260286242,False
post,middle,stdev_user_max_Impersonal_Pronoun_receptiveness_yeomans,Receptiveness,1023,-0.006890416791856267,0.3184299807939107,-0.020426661998991326,0.006645828415278793,0.003745381729851443,0.39406753968767216,-0.004867926635050289,0.012358690094753176,0.7561675260286242,False
post,middle,max_preposition_lexical_wordcount,Lexical (LIWC),1023,-0.007460341893126816,0.3205967489430579,-0.022181974544734043,0.007261290758480412,-0.0070388907382490234,0.21279146480197852,-0.018111754899548648,0.004033973423050601,0.7561675260286242,False
post,middle,mean_positivity_zscore_conversation,Sentiment & emotion,1023,0.003269436609490397,0.3339526501951555,-0.0033628250138871465,0.00990169823286794,0.003808326559288512,0.3246298871509484,-0.0037696151927163355,0.01138626831129336,0.7561675260286242,False
post,middle,max_user_min_function_word_accommodation,Semantic dynamics,1023,-0.004801533848573606,0.3348131029778145,-0.01455910761669586,0.004956039919548648,-0.00226043043205374,0.49889718693447316,-0.008812030692742064,0.004291169828634584,0.7561675260286242,False
post,middle,max_argue_lexical_wordcount,Lexical (LIWC),1023,0.005013649712636023,0.3363109812762871,-0.005206609670069083,0.01523390909534113,0.00703187288101134,0.11972734091182248,-0.001826054219400141,0.01588979998142282,0.7561675260286242,False
post,middle,min_user_max_info_exchange_zscore_conversation,Semantic dynamics,1023,-0.007769034819048785,0.3403659712807986,-0.023739615283007547,0.008201545644909977,-0.014160241164766017,0.012312111174527888,-0.025248049415919023,-0.0030724329136130116,0.7561675260286242,False
post,middle,min_user_max_preposition_lexical_wordcount,Lexical (LIWC),1023,0.0051888270199821635,0.3407180992790517,-0.005485476241468175,0.015863130281432502,-0.010591714904664887,0.026927316472245978,-0.019974189256396838,-0.0012092405529329376,0.7561675260286242,False
post,middle,max_user_min_forward_flow,Semantic dynamics,1023,-0.008547782195735997,0.3426116968122004,-0.026201139206267276,0.009105574814795282,0.00851712143454381,0.09769236148962451,-0.0015624588249733076,0.018596701694060927,0.7561675260286242,False
post,middle,sum_num_chars,Volume & form,1023,-0.012213855405407955,0.345906647189136,-0.037611441174907535,0.013183730364091624,-0.0006539287116441692,0.9095522632261994,-0.011935965490763215,0.010628108067474877,0.7561675260286242,False
post,middle,max_user_min_certainty_lexical_wordcount,Lexical (LIWC),1023,-0.004424762966731225,0.3489654952557246,-0.013684208436242795,0.004834682502780345,-0.003951481018383267,0.39729350090330606,-0.01310101736753075,0.005198055330764216,0.7561675260286242,False
post,middle,turn_taking_index,Participation & timing,1023,-0.008171266312349596,0.3539215208551688,-0.025447664218797558,0.009105131594098368,0.007177701899290781,0.14988888101997866,-0.0025922835196852453,0.016947687318266805,0.7561675260286242,False
post,middle,variance_in_DD,Semantic dynamics,1023,-0.00471905417824336,0.35557877712060304,-0.014730909239022538,0.005292800882535819,0.004450329259087181,0.18620824156023874,-0.0021482179683770955,0.011048876486551458,0.7561675260286242,False
post,middle,min_nltk_english_stopwords_lexical_wordcount,Lexical (LIWC),1023,0.007745184323727383,0.3689985493096143,-0.009152760295331661,0.02464312894278643,-0.009267241986625383,0.09843902559912235,-0.020258953789939884,0.0017244698166891184,0.760551734549853,False
post,middle,stdev_user_max_present_tense_lexical_wordcount,Lexical (LIWC),1023,-0.006986777547911826,0.3845522937001391,-0.022735156517100036,0.008761601421276383,0.0025020305435341176,0.5881432486905702,-0.006553611592260811,0.011557672679329046,0.760551734549853,False
post,middle,stdev_user_max_negative_bert,Sentiment & emotion,1023,-0.006780869566098579,0.3865040448945529,-0.022128038919701283,0.008566299787504124,0.004620171429806601,0.33706788579327696,-0.004812752618571012,0.014053095478184214,0.760551734549853,False
post,middle,max_content_word_accommodation_per_conv,Semantic dynamics,1023,-0.006394275797603716,0.3923767188558628,-0.021046828952768028,0.008258277357560597,0.003474011306634401,0.35909473139047987,-0.003950479664346855,0.010898502277615657,0.760551734549853,False
post,middle,stdev_user_max_adverbs_lexical_wordcount,Lexical (LIWC),1023,-0.006608785329147445,0.40661501926035437,-0.022217322346264588,0.008999751687969699,0.0035840096955834545,0.48419086562519553,-0.006457085937951759,0.013625105329118668,0.760551734549853,False
post,middle,max_user_min_First_Person_Single_receptiveness_yeomans,Receptiveness,1023,0.004856649523956974,0.4112437250914661,-0.006727600320620043,0.01644089936853399,-0.004878464255278558,0.26137913791761336,-0.013391771811348051,0.003634843300790936,0.760551734549853,False
post,middle,max_user_min_content_word_accommodation_per_conv,Semantic dynamics,1023,0.003978668994828643,0.41279313398607287,-0.005542893997039225,0.01350023198669651,0.0005730892802281833,0.8962024895165522,-0.008036708711383398,0.009182887271839765,0.760551734549853,False
post,middle,max_num_chars,Volume & form,1023,-0.0058258486012732445,0.41411397564332897,-0.019807479475919768,0.00815578227337328,-0.007104018272672201,0.2416538610740414,-0.018995777000896167,0.004787740455551765,0.760551734549853,False
post,middle,mean_user_min_info_exchange_zscore_conversation,Semantic dynamics,1023,0.005985032389140838,0.415660335445167,-0.008426312746159726,0.0203963775244414,0.00629573424343609,0.22982194253525245,-0.003980107672218956,0.016571576159091134,0.760551734549853,False
post,middle,max_user_min_first_person_lexical_wordcount,Lexical (LIWC),1023,-0.0038961380639960246,0.4184545698170946,-0.013334081577542954,0.0055418054495509055,0.005339251679177479,0.1330973504841807,-0.0016279570524273075,0.012306460410782264,0.760551734549853,False
post,middle,stdev_user_max_auxiliary_verbs_lexical_wordcount,Lexical (LIWC),1023,-0.006339668396268399,0.42515996928124833,-0.02192023522167218,0.009240898429135381,-0.0014171713457715729,0.7663260698103366,-0.010763587051927469,0.007929244360384323,0.760551734549853,False
post,middle,stdev_user_min_neutral_bert,Sentiment & emotion,1023,-0.008141276367798387,0.4295293948555531,-0.028339586144542482,0.01205703340894571,0.0116939074050832,0.014117783015264394,0.0023551625933703815,0.021032652216796018,0.760551734549853,False
post,middle,info_diversity,Semantic dynamics,1023,-0.011329306766203,0.43094440326063077,-0.03952343172592678,0.01686481819352078,-0.0006214309469155799,0.9033891573561378,-0.010655793046124226,0.009412931152293066,0.760551734549853,False
post,middle,max_insight_lexical_wordcount,Lexical (LIWC),1023,0.0035169243665530213,0.43141417422088735,-0.005244225677752581,0.012278074410858625,0.009080252374553514,0.06333918921506805,-0.0005044842884918185,0.018664989037598848,0.760551734549853,False
post,middle,max_percept_lexical_wordcount,Lexical (LIWC),1023,-0.00775689631798138,0.4345818472502264,-0.02721392186691222,0.011700129230949461,0.0018687100216944214,0.6294665483818598,-0.0057225287062740125,0.009459948749662855,0.760551734549853,False
post,middle,max_user_min_first_pronouns_proportion,Semantic dynamics,1023,0.002970641072618504,0.4365956259296553,-0.004513532913439358,0.010454815058676367,-0.0013271092588078102,0.7484798267065228,-0.009439166453067367,0.006784947935451747,0.760551734549853,False
post,middle,stdev_user_max_verbs_lexical_wordcount,Lexical (LIWC),1023,-0.006358797833901479,0.4370794345352038,-0.022395938250288062,0.009678342582485105,0.0015472204552120367,0.7511475581449865,-0.008015195857327214,0.011109636767751287,0.760551734549853,False
post,middle,stdev_user_max_num_chars,Volume & form,1023,-0.005438466625153433,0.4413708668061015,-0.01928373312232828,0.008406799872021416,-0.00012386552937995385,0.9820021238556516,-0.010885556636088905,0.010637825577328997,0.760551734549853,False
post,middle,sum_num_messages,Volume & form,1023,-0.014825949064498663,0.4436551784874143,-0.05275934267537004,0.023107444546372716,0.006647258945785684,0.2799590671621972,-0.005411471057096547,0.018705988948667915,0.760551734549853,False
post,middle,stdev_user_max_social_lexical_wordcount,Lexical (LIWC),1023,-0.004833983052751445,0.45357706423351063,-0.017475579814965374,0.007807613709462486,0.0040246100709225,0.354524779592701,-0.004495241498389663,0.012544461640234664,0.7609419436251663,False
post,middle,min_certainty_rocklage,Sentiment & emotion,1023,-0.0028562401827678294,0.4585139807888471,-0.01040805189949337,0.004695571533957712,-0.003107837474699801,0.48417894322123234,-0.011814633669225173,0.005598958719825572,0.7609419436251663,False
post,middle,max_adverbs_lexical_wordcount,Lexical (LIWC),1023,-0.005018464698361133,0.46141593874679643,-0.018373222242393242,0.008336292845670976,-0.00031799315482912427,0.9511565960787156,-0.010492854108748922,0.009856867799090674,0.7609419436251663,False
post,middle,mean_user_max_num_chars,Volume & form,1023,-0.004289303860827736,0.4620004657724224,-0.015718579171969917,0.007139971450314445,-0.01095774586375571,0.07422369156123801,-0.022987995771310353,0.0010725040437989334,0.7609419436251663,False
post,middle,max_money_lexical_wordcount,Lexical (LIWC),1023,-0.005055958413845501,0.47807365708318195,-0.019024716752250044,0.008912799924559043,-0.004730932016557747,0.2792177876037182,-0.013300050663675511,0.0038381866305600178,0.7707205770919587,False
post,middle,max_mimicry_bert,Semantic dynamics,1023,-0.010262612250870605,0.47879906096922575,-0.038663267241740316,0.01813804273999911,0.008204582411226364,0.11356776386118445,-0.001957897532848356,0.018367062355301084,0.7707205770919587,False
post,middle,min_auxiliary_verbs_lexical_wordcount,Lexical (LIWC),1023,0.005508203711985242,0.48196466273992566,-0.009845475764752809,0.02086188318872329,-0.010055871352806079,0.11094550717395502,-0.022420782640965344,0.002309039935353186,0.7707205770919587,False
post,middle,min_user_max_auxiliary_verbs_lexical_wordcount,Lexical (LIWC),1023,0.004480655437764897,0.48816677101620887,-0.008187513157000188,0.017148824032529982,-0.011326877012487125,0.06700033957720049,-0.023447100503067322,0.0007933464780930707,0.7707205770919587,False
post,middle,min_user_max_negative_bert,Sentiment & emotion,1023,-0.004246418903962472,0.4910295673842391,-0.016331744810297106,0.007838907002372164,-0.016624177368007937,0.0019372357433412274,-0.0271358071116717,-0.006112547624344173,0.7707205770919587,False
post,middle,min_num_chars,Volume & form,1023,0.006759240593334219,0.4972574231383755,-0.012757034139353942,0.02627551532602238,-0.009052857598180045,0.09107084326068166,-0.019553229416928414,0.0014475142205683245,0.7707205770919587,False
post,middle,max_past_tense_lexical_wordcount,Lexical (LIWC),1023,0.004459400319815623,0.5000508506132352,-0.008500471803458632,0.01741927244308988,0.0026413703784882517,0.5260624944808581,-0.005523868583375901,0.010806609340352404,0.7707205770919587,False
post,middle,min_user_max_cognitive_mech_lexical_wordcount,Lexical (LIWC),1023,0.004381093140619527,0.5085850830124721,-0.008608669642222065,0.017370855923461118,-0.005247192502506059,0.33778625615530267,-0.01597623595843848,0.005481850953426364,0.7724798990135048,False
post,middle,min_user_max_nltk_english_stopwords_lexical_wordcount,Lexical (LIWC),1023,0.004483562622849223,0.511003316399548,-0.008886190970067865,0.017853316215766312,-0.011941467956143313,0.03755247583167135,-0.02319538713609541,-0.0006875487761912134,0.7724798990135048,False
post,middle,max_textblob_subjectivity,Sentiment & emotion,1023,0.006085070864348034,0.5149865993423365,-0.012232625434381693,0.02440276716307776,0.014582928516394224,0.0044662720172441535,0.004530173815644285,0.024635683217144162,0.7724798990135048,False
post,middle,mean_user_max_positivity_zscore_conversation,Sentiment & emotion,1023,-0.006167367522761893,0.5246097076886237,-0.025165729803752014,0.012830994758228229,-0.008074137141822191,0.16408615555157413,-0.019447101186703827,0.003298826903059446,0.7745519193417802,False
post,middle,min_cognitive_mech_lexical_wordcount,Lexical (LIWC),1023,0.004658631136370749,0.5255888024104938,-0.009726071884812316,0.019043334157553812,-0.0026243949850779415,0.6510310794807038,-0.013995996897226276,0.008747206927070393,0.7745519193417802,False
post,middle,mean_user_max_textblob_polarity,Sentiment & emotion,1023,0.003025957914111541,0.544751726080549,-0.006766554872641686,0.012818470700864767,0.0014428028859011697,0.7301112191028942,-0.006754372187801954,0.009639977959604295,0.7923572317980052,False
post,middle,stdev_user_mean_info_exchange_zscore_conversation,Semantic dynamics,1023,0.0038113386722191615,0.5589253678655834,-0.008970309419619148,0.01659298676405747,0.009836197243421087,0.07422961575149822,-0.0009629519902838446,0.020635346477126018,0.7923572317980052,False
post,middle,min_textblob_polarity,Sentiment & emotion,1023,0.0037879380058618126,0.5642389556495113,-0.009088891011742067,0.01666476702346569,-0.004762618799293898,0.3282963557676878,-0.014311542233120074,0.004786304634532277,0.7923572317980052,False
post,middle,max_first_person_lexical_wordcount,Lexical (LIWC),1023,-0.004796140822078987,0.5653287173988043,-0.02114599804562812,0.011553716401470146,0.0078033589033108764,0.06958794760012679,-0.0006251883762888695,0.01623190618291062,0.7923572317980052,False
post,middle,stdev_user_min_info_exchange_zscore_conversation,Semantic dynamics,1023,0.0024971101274751783,0.5676980154149253,-0.006067573607885065,0.011061793862835421,0.0066791278591854355,0.17806242830062669,-0.0030412361998736802,0.016399491918244552,0.7923572317980052,False
post,middle,max_positive_words_lexical_wordcount,Lexical (LIWC),1023,0.003673628193680142,0.5788913855540988,-0.009299555298278854,0.01664681168563914,0.012189519648037963,0.00628833984831352,0.003445772226732067,0.02093326706934386,0.7923572317980052,False
post,middle,stdev_user_max_info_exchange_zscore_conversation,Semantic dynamics,1023,0.001658260458650297,0.5814183922760203,-0.004236983159072472,0.007553504076373067,0.012615115579919251,0.030759686175745996,0.0011691654876398814,0.024061065672198623,0.7923572317980052,False
post,middle,max_user_min_insight_lexical_wordcount,Lexical (LIWC),1023,0.0027112379915305296,0.5822922444267986,-0.006949755986976778,0.012372231970037837,0.009096069995552326,0.017909757676556438,0.0015657084153910686,0.016626431575713585,0.7923572317980052,False
post,middle,max_Impersonal_Pronoun_receptiveness_yeomans,Receptiveness,1023,-0.0029533172018227885,0.5912858700901358,-0.013732982466300562,0.007826348062654986,0.00020596308078527428,0.9653191075163966,-0.009078364296495505,0.009490290458066054,0.7923572317980052,False
post,middle,mean_user_max_present_tense_lexical_wordcount,Lexical (LIWC),1023,0.002540902673805942,0.5960766512727524,-0.006854568355447547,0.01193637370305943,-0.012209644244646696,0.01693967685057015,-0.022230715610939564,-0.002188572878353827,0.7923572317980052,False
post,middle,max_user_min_first_person_plural_lexical_wordcount,Lexical (LIWC),1023,-0.0021364297499811857,0.5970707182424717,-0.010057704067760465,0.005784844567798094,0.006198971443995442,0.14962183264974407,-0.002233276640927987,0.014631219528918871,0.7923572317980052,False
post,middle,max_info_exchange_zscore_conversation,Semantic dynamics,1023,-0.007417510360928378,0.6006806941725115,-0.03519252977538068,0.02035750905352393,0.0036171103892931444,0.37744199385924027,-0.004415125072659322,0.01164934585124561,0.7923572317980052,False
post,middle,max_first_person_singular_lexical_wordcount,Lexical (LIWC),1023,-0.004584206127261966,0.6030170054168433,-0.02186059949155277,0.012692187237028838,-0.003572353055286289,0.4588094168972078,-0.013023757957017986,0.005879051846445409,0.7923572317980052,False
post,middle,max_present_tense_lexical_wordcount,Lexical (LIWC),1023,-0.004020284273722655,0.6072885362360736,-0.019351828582232895,0.011311260034787586,-0.00506144872417701,0.2858260451735989,-0.014355971586064172,0.004233074137710152,0.7923572317980052,False
post,middle,max_auxiliary_verbs_lexical_wordcount,Lexical (LIWC),1023,-0.0035227290169748777,0.60855837104911,-0.01700444273560875,0.009958984701658992,-0.006576229522165848,0.19848042262452026,-0.016599748948353997,0.0034472899040223007,0.7923572317980052,False
post,middle,stdev_user_max_certainty_rocklage,Sentiment & emotion,1023,0.0032777165247624388,0.6131335722246469,-0.009428247867831727,0.015983680917356604,0.00492523207970526,0.2619590111701562,-0.003680143826055587,0.013530607985466106,0.7923572317980052,False
post,middle,max_Positive_Emotion_receptiveness_yeomans,Receptiveness,1023,0.003969020240708389,0.6310581908559216,-0.012229483873313572,0.02016752435473035,0.009988160711118403,0.036892470887145305,0.0006077652944833836,0.01936855612775342,0.8036356859543279,False
post,middle,mean_user_min_certainty_rocklage,Sentiment & emotion,1023,0.0018670226850869705,0.6351978387463862,-0.0058461199879097335,0.009580165358083675,0.002310155174059192,0.6211118493943032,-0.006850371385958507,0.011470681734076891,0.8036356859543279,False
post,middle,gini_coefficient_sum_num_messages,Participation & timing,1023,-0.00741306057916809,0.6362115847138429,-0.03813031871980627,0.02330419756147009,0.0011992603937898642,0.8335305869779764,-0.009984276939978113,0.012382797727557841,0.8036356859543279,False
post,middle,mean_user_max_nltk_english_stopwords_lexical_wordcount,Lexical (LIWC),1023,-0.0025513680833190093,0.6568307320702518,-0.013806528745875188,0.008703792579237169,-0.008591425217696368,0.1692768684441167,-0.020842064184069767,0.0036592137486770333,0.820458763450087,False
post,middle,max_First_Person_Plural_receptiveness_yeomans,Receptiveness,1023,-0.002611372573421488,0.6592972206295342,-0.014220322078761807,0.00899757693191883,0.00839300458987838,0.06283317856898989,-0.00044931474609120024,0.017235323925847958,0.820458763450087,False
post,middle,min_user_max_mimicry_bert,Semantic dynamics,1023,-0.003309338583387067,0.6735811001530136,-0.018707237752941544,0.012088560586167411,-0.004758680963765596,0.2832296054993132,-0.01345023654239087,0.0039328746148596765,0.8320707707772521,False
post,middle,mean_user_max_verbs_lexical_wordcount,Lexical (LIWC),1023,0.0016371997213938403,0.7422777395369322,-0.008120940553945535,0.011395339996733218,-0.009631337996906884,0.08076012234478838,-0.020441139101056653,0.001178463107242884,0.9102383959285009,False
post,middle,team_burstiness,Participation & timing,1023,0.002069300133952847,0.7480881379514508,-0.010559099992614873,0.014697700260520566,0.0030845479493798377,0.492708247181494,-0.0057281852174560855,0.011897281116215762,0.9107159940278532,False
post,middle,max_user_max_verbs_lexical_wordcount,Lexical (LIWC),1023,-0.002275743776089439,0.7589702890615173,-0.016812550531529045,0.012261062979350168,-0.004738405901312075,0.3120192436668412,-0.013924517589924315,0.004447705787300166,0.9134001180522991,False
post,middle,max_user_min_First_Person_Plural_receptiveness_yeomans,Receptiveness,1023,-0.0011743785041823213,0.7661826263872343,-0.008914652203717868,0.0065658951953532245,0.0054484066240655694,0.2242922924716919,-0.0033392313997361363,0.014236044647867275,0.9134001180522991,False
post,middle,gini_coefficient_sum_num_chars,Participation & timing,1023,-0.003202355102850344,0.769551107145979,-0.024626629013442664,0.018221918807741978,0.00725632568579726,0.16217300608818597,-0.0029183292424230043,0.017430980614017523,0.9134001180522991,False
post,middle,max_achievement_lexical_wordcount,Lexical (LIWC),1023,-0.0023286208754585832,0.7720405759727766,-0.01808252623280341,0.013425284481886242,0.0011811754158037218,0.819644609033618,-0.008972508644521895,0.01133485947612934,0.9134001180522991,False
post,middle,stdev_user_max_positive_affect_lexical_wordcount,Lexical (LIWC),1023,-0.0023736991457980997,0.7781590573375599,-0.01888790800512993,0.014140509713533731,0.004814069583788225,0.2740597979259628,-0.0038124975624348224,0.013440636730011273,0.9138866483891863,False
post,middle,min_user_max_positivity_zscore_conversation,Sentiment & emotion,1023,-0.0010303592634653314,0.78449788763895,-0.008415169643560204,0.006354451116629542,-0.009502365061952931,0.09227945901732897,-0.020565244377243323,0.0015605142533374593,0.9138866483891863,False
post,middle,max_user_min_info_exchange_zscore_conversation,Semantic dynamics,1023,0.0010908676000752895,0.789784782128846,-0.006929164807400685,0.009110900007551263,0.007824577606360671,0.10240139156213886,-0.0015648108563722472,0.01721396606909359,0.9138866483891863,False
post,middle,stdev_user_max_Positive_Emotion_receptiveness_yeomans,Receptiveness,1023,-0.0024916567538609416,0.794211015862031,-0.021213628146011156,0.016230314638289275,0.008003345524762827,0.1094830176707263,-0.0017973802789274206,0.017804071328453075,0.9138866483891863,False
post,middle,within_person_disc_range,Semantic dynamics,1023,-0.0033876033216095015,0.8007926184432206,-0.02970158020326216,0.022926373560043154,0.0032554299787468724,0.5829506793279768,-0.008364967240190587,0.014875827197684332,0.9141496235112964,False
post,middle,stdev_user_min_first_pronouns_proportion,Semantic dynamics,1023,0.000988677933025248,0.8152880759812784,-0.007306242993866967,0.009283598859917462,0.0019233493405679779,0.638413169678123,-0.006098668468245801,0.009945367149381757,0.9141496235112964,False
post,middle,max_social_lexical_wordcount,Lexical (LIWC),1023,-0.001352386234568365,0.8169553910253633,-0.01280403167806223,0.0100992592089255,-0.006909245143063356,0.1442428235627796,-0.016183407465424657,0.0023649171792979456,0.9141496235112964,False
post,middle,max_certainty_rocklage,Sentiment & emotion,1023,0.0017363345118585666,0.8187022221093463,-0.013110690739890242,0.016583359763607374,0.004719632069523793,0.3087843406158144,-0.004369113742520383,0.013808377881567968,0.9141496235112964,False
post,middle,max_first_pronouns_proportion,Semantic dynamics,1023,-0.001329198263084095,0.8253441636663088,-0.013134615660024872,0.010476219133856683,-0.002317330819930137,0.6230419106637688,-0.011557372767973929,0.006922711128113655,0.9141496235112964,False
post,middle,max_First_Person_Single_receptiveness_yeomans,Receptiveness,1023,-0.0011032494349795961,0.8270877546054586,-0.011002295442623659,0.008795796572664466,-0.007730515080364176,0.18879173438119234,-0.01925994033079783,0.00379891017006948,0.9141496235112964,False
post,middle,max_user_min_percept_lexical_wordcount,Lexical (LIWC),1023,-0.0008473183343572151,0.83856092694694,-0.008998676402409887,0.007304039733695457,0.0020930341439949467,0.5244858261557619,-0.004352559241224837,0.008538627529214731,0.9149549672864844,False
post,middle,stdev_user_max_positive_words_lexical_wordcount,Lexical (LIWC),1023,-0.0015010503882955906,0.8455237718442982,-0.016601194283663478,0.013599093507072295,0.009232953178001118,0.046277524684754025,0.00015237677933929543,0.01831352957666294,0.9149549672864844,False
post,middle,max_user_min_first_person_singular_lexical_wordcount,Lexical (LIWC),1023,0.0007940545351496084,0.8512312335843237,-0.007504198925544245,0.00909230799584346,0.0004213462160531341,0.909689489581086,-0.006859107582672914,0.007701800014779182,0.9149549672864844,False
post,middle,min_user_max_relative_lexical_wordcount,Lexical (LIWC),1023,0.0009576337225427662,0.8512346775970703,-0.00905033568451653,0.010965603129602063,-0.009961590802817619,0.05983836601998829,-0.020335947225723697,0.000412765620088457,0.9149549672864844,False
post,middle,stdev_user_max_positivity_zscore_chats,Sentiment & emotion,1023,-0.0014636400893894936,0.8571867427534433,-0.017404616672970188,0.014477336494191199,,,,,0.9149549672864844,False
post,middle,max_user_min_certainty_rocklage,Sentiment & emotion,1023,0.0007931823528833456,0.8604933620908604,-0.008052579992920555,0.009638944698687247,0.005331672086060609,0.18774528922069778,-0.00260126333039575,0.013264607502516968,0.9149549672864844,False
post,middle,max_dale_chall_score,Volume & form,1023,-0.000993688676405466,0.8848003392535679,-0.014435876384990748,0.012448499032179816,-0.004542371060142207,0.32623370626065207,-0.013610952906316661,0.004526210786032247,0.9348833773245246,False
post,middle,stdev_user_max_textblob_subjectivity,Sentiment & emotion,1023,-0.00142231236566891,0.9069417934610826,-0.02526966996288054,0.02242504523154272,0.014709672173483374,0.003996394762905789,0.004693703151830644,0.0247256411951361,0.9498800890630749,False
post,middle,max_inclusive_lexical_wordcount,Lexical (LIWC),1023,-0.0006068722416295375,0.9103017520187802,-0.01116491894080653,0.009951174457547455,-0.00042459736542509174,0.9236784623126507,-0.009111289417439364,0.00826209468658918,0.9498800890630749,False
post,middle,max_textblob_polarity,Sentiment & emotion,1023,0.0008997024323025428,0.9194345352927084,-0.016534341086704183,0.01833374595130927,0.006930534462248121,0.09641289681186142,-0.0012400589448215036,0.015101127869317745,0.9534876662294753,False
post,middle,max_positive_affect_lexical_wordcount,Lexical (LIWC),1023,0.0004733847743884841,0.9445713145057355,-0.012871600207548977,0.013818369756325945,0.00332794407281603,0.4668892726718148,-0.00563728593360505,0.01229317407923711,0.9721939085687616,False
post,middle,min_user_max_num_chars,Volume & form,1023,0.0004165537891669329,0.9490464345552196,-0.012359277000840737,0.013192384579174604,-0.012060322718045873,0.026544131079416153,-0.022716826482035567,-0.001403818954056179,0.9721939085687616,False
post,middle,stdev_user_max_forward_flow,Semantic dynamics,1023,0.00035147624879787025,0.9557910103262751,-0.012075090236098015,0.012778042733693757,0.005224697390786819,0.21244802764341586,-0.002988093636192307,0.013437488417765944,0.9731690286958438,False
post,middle,stdev_user_max_textblob_polarity,Sentiment & emotion,1023,0.00028986686677340273,0.9695177112142788,-0.014577479847582784,0.01515721358112959,0.011300874704369315,0.012944843119441463,0.002388687968238646,0.020213061440499985,0.976628253013279,False
post,middle,min_negative_bert,Sentiment & emotion,1023,0.000292330906216934,0.9708149896024857,-0.015368188226781572,0.01595285003921544,-0.009376340669632461,0.047784704371295825,-0.01866118551200629,-9.149582725863185e-05,0.976628253013279,False
post,middle,stdev_user_max_dale_chall_score,Volume & form,1023,-0.0001543728742827416,0.9823046504784912,-0.013795943982955012,0.01348719823438953,-0.0005876394022200568,0.9060909401891003,-0.010350681266867166,0.009175402462427052,0.9823046504784912,False
post,opening,stdev_user_max_positivity_zscore_chats,Sentiment & emotion,204,0.04061174276736465,4.232715137755688e-05,0.021171130388956846,0.06005235514577245,,,,,0.007110961431429557,False
post,opening,max_relative_lexical_wordcount,Lexical (LIWC),204,0.03659129413224703,0.00015878037777429041,0.017602901808330233,0.055579686456163825,0.03283650361434149,0.0008325592700501467,0.013577547629379797,0.05209545959930319,0.008189194752092342,True
post,opening,stdev_user_min_neutral_bert,Sentiment & emotion,204,0.0392148409162272,0.00015921637533793706,0.01886132401967874,0.059568357812775655,0.04623784111197737,8.55658776697122e-05,0.023167904121546762,0.06930777810240797,0.008189194752092342,True
post,opening,max_forward_flow,Semantic dynamics,204,0.03831356397843114,0.00020785114295027287,0.018068867767589113,0.05855826018927316,0.04474370311838197,0.00010403888277968768,0.022147302743296435,0.0673401034934675,0.008189194752092342,True
post,opening,max_user_min_textblob_subjectivity,Sentiment & emotion,204,0.03836148366714583,0.00026835703700686,0.017728767986676875,0.058994199347614795,0.047029044434619326,2.060236029876322e-05,0.025382827862848713,0.06867526100638993,0.008189194752092342,True
post,opening,discursive_diversity,Semantic dynamics,204,0.03672232000634147,0.00029247124114615506,0.016850195556479885,0.056594444456203055,0.03725666084000048,0.000937714594289749,0.015186230663905436,0.059327091016095526,0.008189194752092342,True
post,opening,max_user_min_forward_flow,Semantic dynamics,204,0.03732515697362116,0.00034642310885927506,0.016878289789339286,0.057772024157903036,0.03828680876118603,0.00046005841403320226,0.016864919731117544,0.05970869779125451,0.008314154612622603,True
post,opening,info_diversity,Semantic dynamics,204,0.03275421822967492,0.0005879105722511945,0.014076698283143032,0.051431738176206804,0.012957941914744472,0.5010582590279307,-0.02478898693155129,0.05070487076104023,0.010708364557035027,False
post,opening,max_textblob_subjectivity,Sentiment & emotion,204,0.037531887395143314,0.0006106430102097273,0.01606572829180719,0.05899804649847944,0.048273629610232176,0.0002910840019646244,0.02215942859741301,0.07438783062305135,0.010708364557035027,True
post,opening,sum_num_chars,Volume & form,204,0.035342388232426004,0.0006374026522044659,0.015059462622139513,0.05562531384271249,0.022040624693505394,0.23985290408449755,-0.014713247640811264,0.05879449702782205,0.010708364557035027,False
post,opening,mean_user_max_forward_flow,Semantic dynamics,204,0.03720971286182884,0.0007590005677195844,0.01555168800030974,0.05886773772334795,0.039488685389651744,0.0033383022396182905,0.013116170841245126,0.06586119993805836,0.011331336944633024,True
post,opening,stdev_user_max_textblob_subjectivity,Sentiment & emotion,204,0.0346525694760692,0.0008093812103309303,0.014375979080087368,0.054929159872051034,0.0468741879279255,1.4612798702847375e-05,0.025678461679474098,0.0680699141763769,0.011331336944633024,True
post,opening,stdev_user_max_relative_lexical_wordcount,Lexical (LIWC),204,0.03588409270026097,0.0012297706630178319,0.01412231711699486,0.05764586828352707,0.039025449204832384,4.5359838158731667e-05,0.020270609471825185,0.05778028893783958,0.01589242087592275,True
post,opening,max_first_pronouns_proportion,Semantic dynamics,204,0.02819280983739947,0.0013534544730234366,0.010948728550098749,0.04543689112470019,0.03639433453524203,0.000395893406600262,0.01626013036732438,0.056528538703159686,0.016241453676281242,True
post,opening,max_user_min_first_pronouns_proportion,Semantic dynamics,204,0.026682466578333675,0.001997321333385782,0.009761428455519222,0.04360350470114813,0.032703865014409486,0.001772399845346283,0.01219852102131674,0.05320920900750223,0.022369998933920755,True
post,opening,stdev_user_max_textblob_polarity,Sentiment & emotion,204,0.030888205643703044,0.0035387500242532745,0.010131202436129715,0.051645208851276374,0.04624491989969129,6.962043492414865e-06,0.026079960985164227,0.06640987881421835,0.036447456159651566,True
post,opening,mean_user_max_textblob_subjectivity,Sentiment & emotion,204,0.031974995760094674,0.003688135444726647,0.010392039481891498,0.05355795203829785,0.029503361511018705,0.04143304354857033,0.0011459807132021202,0.05786074230883529,0.036447456159651566,True
post,opening,max_num_chars,Volume & form,204,0.02982991249733917,0.005418658802042426,0.008806933120133253,0.050852891874545086,0.017222557637900274,0.18248824086790438,-0.008097945874713103,0.04254306115051365,0.0471726678214703,False
post,opening,stdev_user_max_preposition_lexical_wordcount,Lexical (LIWC),204,0.028174580476294113,0.005936498103335242,0.008103415117625298,0.048245745834962925,0.02813145800340769,0.010853817568852158,0.006486923867374858,0.04977599213944052,0.0471726678214703,True
post,opening,stdev_user_max_verbs_lexical_wordcount,Lexical (LIWC),204,0.029979518425743232,0.006046929156614899,0.008575531113265086,0.05138350573822138,0.027383052655222263,0.025277050651596474,0.0033927143984949573,0.05137339091194957,0.0471726678214703,True
post,opening,sum_num_messages,Volume & form,204,0.03144389180159885,0.0063223355228118755,0.008873983996639509,0.054013799606558194,0.04070956896259911,0.0007777925411999027,0.016966848880933316,0.06445228904426491,0.0471726678214703,True
post,opening,max_inclusive_lexical_wordcount,Lexical (LIWC),204,0.023832020704256565,0.006437085212974078,0.006688532536480336,0.040975508872032794,0.03261617008561434,0.0007859499826319277,0.013577365331306313,0.051654974839922374,0.0471726678214703,True
post,opening,max_user_min_neutral_bert,Sentiment & emotion,204,0.022778876356471828,0.006458162856510816,0.0063864687761139155,0.03917128393682974,0.035682400645817396,0.0035921529387555762,0.011665176901716885,0.05969962438991791,0.0471726678214703,True
post,opening,max_textblob_polarity,Sentiment & emotion,204,0.02597413914071789,0.006997271612471057,0.007098029957903658,0.04485024832353212,0.0436745463574625,0.0002724529371176755,0.020159044810639196,0.0671900479042858,0.0489809012872974,True
post,opening,max_Positive_Emotion_receptiveness_yeomans,Receptiveness,204,0.026972803104478228,0.007589287942910219,0.007171540550342921,0.046774065658613535,0.01970022576035069,0.1653773635837772,-0.008133843254774016,0.0475342947754754,0.05100001497635667,False
post,opening,stdev_user_max_positive_affect_lexical_wordcount,Lexical (LIWC),204,0.028434972628177332,0.008229260735088482,0.007344646256837929,0.049525298999516736,0.043667544756956646,0.00042044019477334595,0.01940074370273829,0.067934345811175,0.0531736847498025,False
post,opening,max_user_max_verbs_lexical_wordcount,Lexical (LIWC),204,0.027875149464438354,0.009359593548829467,0.0068509028523147525,0.048899396076561956,0.01623653063941805,0.21485035065329483,-0.009420194924303474,0.04189325620313957,0.05535829725704669,False
post,opening,max_percept_lexical_wordcount,Lexical (LIWC),204,0.02351536103920112,0.00940102049611355,0.005769036654061813,0.04126168542434043,0.027600974830953515,0.01136041409033591,0.006230725820624446,0.04897122384128258,0.05535829725704669,False
post,opening,max_preposition_lexical_wordcount,Lexical (LIWC),204,0.02538449640482346,0.009555896550323536,0.0061860676864385206,0.0445829251232084,0.01909045884892073,0.0655288001520751,-0.0012266210415194725,0.03940753873936093,0.05535829725704669,False
post,opening,min_positivity_zscore_chats,Sentiment & emotion,204,-0.025203735439304698,0.010634440945908485,-0.044541635490628506,-0.005865835387980887,,,,,0.059552869297087516,False
post,opening,stdev_user_max_Positive_Emotion_receptiveness_yeomans,Receptiveness,204,0.027437502022476558,0.011980768567711074,0.006035704712155046,0.04883929933279807,0.020515483430023566,0.10411891536482333,-0.004225772058959493,0.045256738919006625,0.06492803610888581,False
post,opening,gini_coefficient_sum_num_chars,Participation & timing,204,0.027074182270654612,0.01377539763938562,0.005530143384693365,0.04861822115661586,0.0413051157015375,0.00023525850339036869,0.01929286941567937,0.06331736198739563,0.07171178785262551,False
post,opening,min_user_max_positivity_zscore_chats,Sentiment & emotion,204,-0.02368907896518633,0.01408624404248001,-0.04260096196512643,-0.004777195965246232,,,,,0.07171178785262551,False
post,opening,max_adverbs_lexical_wordcount,Lexical (LIWC),204,0.024704966655981757,0.01510035805345316,0.004778390857436556,0.044631542454526954,0.010103935934716236,0.43036073909569017,-0.01500891073453783,0.035216782603970306,0.07461353391118032,False
post,opening,max_present_tense_lexical_wordcount,Lexical (LIWC),204,0.02446744668937931,0.016335756656941685,0.004497102944122772,0.044437790434635846,0.016809704059971314,0.1404776079298835,-0.00554177753848905,0.03916118565843168,0.07688721035418795,False
post,opening,within_person_disc_range,Semantic dynamics,204,0.027412098487081465,0.016896883565380688,0.004922358810846867,0.04990183816331606,0.03520863746910096,0.0008307448150224937,0.0145621414540782,0.05585513348412372,0.07688721035418795,False
post,opening,stdev_user_min_first_pronouns_proportion,Semantic dynamics,204,0.022407313172819514,0.017366689622338193,0.003945658779742501,0.04086896756589653,0.03370142702750252,0.0005212775121956111,0.01466349465241061,0.05273935940259443,0.07688721035418795,False
post,opening,stdev_user_max_present_tense_lexical_wordcount,Lexical (LIWC),204,0.024827872993580642,0.018303786476659645,0.004203378241369675,0.04545236774579161,0.025868849239033476,0.03179623760648028,0.002253157739410285,0.04948454073865667,0.07688721035418795,False
post,opening,stdev_user_max_auxiliary_verbs_lexical_wordcount,Lexical (LIWC),204,0.027725900797950554,0.01841094934017665,0.004672845591784037,0.05077895600411707,0.030782682550489562,0.004836368703769505,0.009370822975598006,0.05219454212538112,0.07688721035418795,False
post,opening,max_positivity_zscore_chats,Sentiment & emotion,204,0.024540350840522487,0.018539744504242128,0.0041135213725669514,0.04496718030847802,,,,,0.07688721035418795,False
post,opening,stdev_user_max_forward_flow,Semantic dynamics,204,0.022933464046014027,0.018962883762347546,0.003775839939028542,0.042091088152999515,0.028585962237148932,0.007918512133407668,0.0074875121706454335,0.049684412303652434,0.07688721035418795,False
post,opening,max_auxiliary_verbs_lexical_wordcount,Lexical (LIWC),204,0.02558035032638118,0.01937824870217333,0.004137730702443457,0.047022969950318905,0.017302149753037874,0.15669400698053387,-0.006642005699249186,0.041246305205324935,0.07688721035418795,False
post,opening,stdev_user_max_num_chars,Volume & form,204,0.025362712669868722,0.019679464554940962,0.00404993403281614,0.04667549130692131,0.032025024717912215,0.005839253275094422,0.00925559508795019,0.054794454347874236,0.07688721035418795,False
post,opening,max_user_min_insight_lexical_wordcount,Lexical (LIWC),204,0.017586655567072278,0.021694007310927695,0.0025718604122088214,0.03260145072193574,-0.01521904597065895,0.26946741460311363,-0.042230777876073586,0.011792685934755687,0.08283166427808755,False
post,opening,max_user_min_first_person_singular_lexical_wordcount,Lexical (LIWC),204,0.020959214087569896,0.02256283960382103,0.0029479539542394025,0.038970474220900386,0.013692004180938105,0.2186505647344429,-0.008123543441779395,0.035507551803655606,0.08423460118759851,False
post,opening,min_user_max_neutral_bert,Sentiment & emotion,204,-0.021642288402211347,0.024570854793722736,-0.04051085022143374,-0.002773726582988953,0.00044379386087436967,0.9723171602105669,-0.024621433256127114,0.025509020977875854,0.08942479948281937,False
post,opening,max_user_min_First_Person_Plural_receptiveness_yeomans,Receptiveness,204,0.016640282731103205,0.025017652236264943,0.002087644498372867,0.031192920963833543,0.011053050911953506,0.31860000234618013,-0.010668331972708495,0.03277443379661551,0.08942479948281937,False
post,opening,min_user_max_negative_bert,Sentiment & emotion,204,-0.02164651263058203,0.0277346151711261,-0.0409222970840272,-0.0023707281771368632,-0.008774614469616603,0.496342763384683,-0.03405619033369538,0.016506961394462175,0.09707115309894136,False
post,opening,min_textblob_polarity,Sentiment & emotion,204,-0.022615169015314955,0.02897147168220156,-0.04291162693320541,-0.0023187110974245036,0.0019185516359706122,0.8599028759165086,-0.019386484927468015,0.023223588199409242,0.0993307600532625,False
post,opening,max_money_lexical_wordcount,Lexical (LIWC),204,0.020929303254430702,0.030555326145915968,0.001962974845649383,0.03989563166321202,0.03781776499300539,1.9065931235599285e-05,0.020481674464363983,0.0551538555216468,0.10100729721628991,False
post,opening,max_user_min_first_person_lexical_wordcount,Lexical (LIWC),204,0.018211090328001618,0.030662929512088006,0.001697370079105795,0.03472481057689744,0.023013985662127416,0.05567931821274555,-0.0005583720953149206,0.046586343419569756,0.10100729721628991,False
post,opening,turn_taking_index,Participation & timing,204,0.02223275198849508,0.03156869708522877,0.001963520661125904,0.04250198331586426,0.03673472135797666,0.0013220097983600541,0.014313302406440857,0.05915614030951247,0.10133638477086827,False
post,opening,max_First_Person_Plural_receptiveness_yeomans,Receptiveness,204,0.01947784115263179,0.03196921662414297,0.001678535533523061,0.037277146771740516,0.023499509623028693,0.018933634909308713,0.003873847142015191,0.043125172104042195,0.10133638477086827,False
post,opening,max_user_min_First_Person_Single_receptiveness_yeomans,Receptiveness,204,0.019029616148075395,0.03324892224937174,0.0015114236069580823,0.036547808689192704,0.0033689111354220334,0.76959713752258,-0.019174283435588028,0.025912105706432095,0.10344109144248985,False
post,opening,min_negative_bert,Sentiment & emotion,204,-0.023319990961626593,0.03521199846965944,-0.045023814647098225,-0.0016161672761549617,-0.0241593682771428,0.044105503741456435,-0.04768120193688127,-0.0006375346174043242,0.10571678796245665,False
post,opening,max_first_person_singular_lexical_wordcount,Lexical (LIWC),204,0.02165201282968147,0.03523892932081888,0.0014976041885506053,0.04180642147081234,0.020637640032385024,0.08665538109641076,-0.002971054766585112,0.044246334831355164,0.10571678796245665,False
post,opening,stdev_user_max_adverbs_lexical_wordcount,Lexical (LIWC),204,0.023537449868422437,0.03886352397502838,0.0012040327706772241,0.04587086696616765,0.012255933195759905,0.2950182423812576,-0.010683075348727821,0.035194941740247634,0.11454512329482049,False
post,opening,gini_coefficient_sum_num_messages,Participation & timing,204,0.022897825615549282,0.04019527253793134,0.0010242017751279954,0.04477144945597057,0.02909679729562445,0.00533328136508688,0.00862840658471973,0.04956518800652917,0.11553606707202943,False
post,opening,stdev_user_min_positive_affect_lexical_wordcount,Lexical (LIWC),204,0.020124556401264943,0.040956726359690825,0.0008270873441254475,0.03942202545840444,0.03526286666385684,0.005796921527075997,0.010212981670517325,0.06031275165719636,0.11553606707202943,False
post,opening,max_achievement_lexical_wordcount,Lexical (LIWC),204,0.017869426484784505,0.04126288109715337,0.000708469500435592,0.03503038346913342,0.0410574931749598,3.0700955995082014e-05,0.021751524858145632,0.06036346149177396,0.11553606707202943,False
post,opening,stdev_user_max_negative_bert,Sentiment & emotion,204,0.023274658152306664,0.042481103682260615,0.0007894305341064854,0.04575988577050684,0.015704998373536967,0.16441182155735024,-0.0064336310361947265,0.03784362778326866,0.11699713801016039,False
post,opening,max_first_person_lexical_wordcount,Lexical (LIWC),204,0.020158502151538454,0.05208297010582326,-0.00018178587584911227,0.04049879017892602,0.03680767726168878,0.0007092917218185756,0.015501555366165088,0.05811379915721247,0.14112804802868237,False
post,opening,stdev_user_min_first_person_lexical_wordcount,Lexical (LIWC),204,0.016324667664455225,0.05389540737992891,-0.0002734310044744184,0.03292276633338487,0.020701476718399194,0.08426375895036534,-0.0027998074894589955,0.044202760926257384,0.1437210863464771,False
post,opening,max_user_min_inclusive_lexical_wordcount,Lexical (LIWC),204,0.014524494458936206,0.06017816032995666,-0.0006219262627344402,0.02967091518060685,0.009613155453282132,0.34866429777066565,-0.01049117122188064,0.029717482128444904,0.15796767086613625,False
post,opening,max_function_word_accommodation,Semantic dynamics,204,0.015448030072788676,0.06653858344023994,-0.001054010985179217,0.03195007113075657,0.0034558113165772397,0.8096229192470146,-0.024659231234964236,0.03157085386811871,0.16989767595970554,False
post,opening,stdev_user_min_Positive_Emotion_receptiveness_yeomans,Receptiveness,204,0.01834800043487893,0.0667455155555986,-0.0012667796828049888,0.03796278055256285,0.006668800892736226,0.6102615635903865,-0.018974923450412483,0.03231252523588494,0.16989767595970554,False
post,opening,stdev_user_min_inclusive_lexical_wordcount,Lexical (LIWC),204,0.014317431068341213,0.06836475461327622,-0.0010791048378730739,0.0297139669745555,0.00865489449931392,0.41208630367297105,-0.012026290912537412,0.029336079911165252,0.1701687638675492,False
post,opening,max_user_min_num_all_caps,Volume & form,204,0.014239990387124264,0.06900147974695947,-0.0011085103138315962,0.029588491088080125,-0.0008428553738705907,0.9626315804282252,-0.03610247487339006,0.034416764125648876,0.1701687638675492,False
post,opening,max_user_min_certainty_lexical_wordcount,Lexical (LIWC),204,0.017566438671754222,0.06989074230274342,-0.001427957832513916,0.03656083517602236,0.029947201322667788,0.004288369259710641,0.009396527245941654,0.05049787539939392,0.1701687638675492,False
post,opening,max_content_word_accommodation_per_conv,Semantic dynamics,204,0.016832321917199286,0.07415332286155149,-0.0016429927447922377,0.03530763657919081,0.03337949074882833,0.0007935778973081483,0.01387960679895596,0.0528793746987007,0.17796797486772356,False
post,opening,max_Impersonal_Pronoun_receptiveness_yeomans,Receptiveness,204,0.019368756272585073,0.07568642564907535,-0.002002885027699068,0.040740397572869215,0.0034859567460341703,0.7761657579974475,-0.02054460181553631,0.027516515307604652,0.17908900716964307,False
post,opening,max_article_lexical_wordcount,Lexical (LIWC),204,0.021771896104671236,0.07755362684695481,-0.0024041229863008724,0.04594791519564334,0.016721702657462006,0.15301347328225876,-0.006213687313918914,0.03965709262884293,0.18063619421879296,False
post,opening,max_time_diff,Participation & timing,204,0.016734011636862715,0.07918664517548483,-0.0019498175251165609,0.03541784079884199,0.01011027152064637,0.5321516950637055,-0.02160892408916927,0.04182946713046201,0.18063619421879296,False
post,opening,mean_user_max_nltk_english_stopwords_lexical_wordcount,Lexical (LIWC),204,0.021076393128862676,0.07956594269161119,-0.0024855122324331028,0.044638298490158455,0.009179652903208116,0.4950972596633467,-0.017192603889181896,0.03555190969559813,0.18063619421879296,False
post,opening,stdev_user_max_positive_words_lexical_wordcount,Lexical (LIWC),204,0.018390882482919826,0.08098473992405873,-0.002265536999923691,0.039047301965763344,0.02601790400859883,0.0392104766985573,0.0012871248028967948,0.05074868321430087,0.18140581742989156,False
post,opening,max_argue_lexical_wordcount,Lexical (LIWC),204,0.01341913262125559,0.0837244238749867,-0.0017883972538188554,0.028626662496330037,0.027194264388310373,0.013003642549299773,0.005734171420647832,0.04865435735597291,0.1850750422499706,False
post,opening,max_user_min_content_word_accommodation_per_conv,Semantic dynamics,204,0.016751151045349494,0.08521968766847024,-0.002324025732543318,0.035826327823242306,0.022453864380027916,0.02696964673226937,0.0025580126368576275,0.042349716123198204,0.18593386400393508,False
post,opening,max_user_min_first_person_plural_lexical_wordcount,Lexical (LIWC),204,0.014154507572401265,0.08692247982121165,-0.002051447223774542,0.030360462368577073,0.004352967301388739,0.7074030609838611,-0.018377143373404587,0.027083077976182066,0.18721764884568662,False
post,opening,max_positive_words_lexical_wordcount,Lexical (LIWC),204,0.016828928448354548,0.09060939878992762,-0.0026630065449810662,0.036320863441690165,0.01966248256738146,0.18953984384276923,-0.009712116134700646,0.049037081269463566,0.192688341730479,False
post,opening,mean_user_max_verbs_lexical_wordcount,Lexical (LIWC),204,0.018315193440049247,0.09519491254581314,-0.0031980079845425405,0.039828394864641035,0.0004874908541033403,0.9726078388996187,-0.027338009956315964,0.028312991664522644,0.1999093163462076,False
post,opening,mean_user_max_num_chars,Volume & form,204,0.021539473144235717,0.09791317102286123,-0.003968180756765208,0.04704712704523664,-0.0032312269719387485,0.8234811759138796,-0.0316218395018867,0.0251593855580092,0.20307916952889737,False
post,opening,max_positivity_zscore_conversation,Sentiment & emotion,204,0.016744416656227244,0.101350443814505,-0.003287091169629011,0.0367759244820835,0.029232131440334416,0.005177713355559008,0.008739015053947918,0.049725247826720914,0.20764481171752244,False
post,opening,max_negative_bert,Sentiment & emotion,204,0.01648000930911977,0.10297866250434685,-0.0033290130418778367,0.03628903166011738,0.01471369937713843,0.2415340883710051,-0.009910004869564138,0.039337403623841,0.2084387385630153,False
post,opening,mean_user_max_present_tense_lexical_wordcount,Lexical (LIWC),204,0.017359708151936874,0.10515504685245582,-0.003638348182526518,0.03835776448640027,0.0008861651122637447,0.942873117044474,-0.023351496228409378,0.025123826452936867,0.21031009370491163,False
post,opening,max_certainty_rocklage,Sentiment & emotion,204,0.014890705880568796,0.10949350842555086,-0.003344673366641269,0.033126085127778856,0.029794869085573283,0.0011857499855863233,0.011783850969574967,0.0478058872015716,0.21641069900579465,False
post,opening,team_burstiness,Participation & timing,204,0.015280671946516139,0.11933416948229565,-0.003947665742892036,0.03450900963592431,0.009821348607644088,0.4023515426502561,-0.013165068750060446,0.03280776596534862,0.2331179124770427,False
post,opening,stdev_user_min_positive_words_lexical_wordcount,Lexical (LIWC),204,0.014035036147985843,0.1250103482497909,-0.0038963577377031794,0.031966430033674866,0.01005939544298654,0.3953453658927438,-0.013136956175160417,0.033255747061133496,0.24139929317201,False
post,opening,mean_user_max_textblob_polarity,Sentiment & emotion,204,0.014948974317311542,0.1276090421245575,-0.004281453893281651,0.03417940252790473,0.02609134336440174,0.05901596002188345,-0.0009934434893661033,0.05317613021816958,0.24178055590695346,False
post,opening,max_cognitive_mech_lexical_wordcount,Lexical (LIWC),204,0.017971889761283142,0.12808612783165987,-0.005176187020522638,0.04111996654308892,0.02762637775526964,0.02936445805506482,0.0027720084847873312,0.05248074702575195,0.24178055590695346,False
post,opening,stdev_user_max_Impersonal_Pronoun_receptiveness_yeomans,Receptiveness,204,0.016967420330035888,0.1309172259415902,-0.005048897555113448,0.03898373821518522,0.013287927825462835,0.23221335013291855,-0.008511994195014846,0.035087849845940516,0.24437882175763503,False
post,opening,max_user_min_argue_lexical_wordcount,Lexical (LIWC),204,0.011397069691827542,0.13352137744141682,-0.0034912622848548205,0.026285401668509907,0.013498957921036267,0.18207734235055018,-0.006328489849884839,0.03332640569195737,0.24650100450723106,False
post,opening,max_user_min_certainty_rocklage,Sentiment & emotion,204,0.01366355488505585,0.135298788928216,-0.00426718288054851,0.03159429265066021,0.022326614206552412,0.013968509789152834,0.004524305479091169,0.040128922934013656,0.24706735369500313,False
post,opening,max_certainty_lexical_wordcount,Lexical (LIWC),204,0.017586634065393774,0.1384808658641579,-0.005680205646341176,0.040853473777128724,0.046319013056341084,4.769341497797956e-06,0.02647424288474281,0.06616378322793937,0.25015898349654325,False
post,opening,max_First_Person_Single_receptiveness_yeomans,Receptiveness,204,0.01495662994351038,0.1482116441648084,-0.005317882820541839,0.0352311427075626,0.016815107591726164,0.14314175657731965,-0.0056935707736827865,0.039323785957135114,0.2648888959541256,False
post,opening,stdev_user_max_certainty_rocklage,Sentiment & emotion,204,0.014012376643976553,0.15616340516651075,-0.005354293708273665,0.03337904699622677,0.0366912450100076,6.133913036005662e-05,0.01874695535962017,0.05463553466039504,0.2761626533470927,False
post,opening,max_positive_affect_lexical_wordcount,Lexical (LIWC),204,0.01569166264238883,0.16923704398714357,-0.006681219111829392,0.03806454439660706,0.038761919945770475,0.003233491634356484,0.012961677918782909,0.06456216197275805,0.29616482697750124,False
post,opening,max_user_min_positivity_zscore_conversation,Sentiment & emotion,204,0.01267815992252232,0.1801775137214705,-0.0058627862723546545,0.031219106117399295,-0.0003641681383325171,0.9742682800848677,-0.022492362641630972,0.021764026364965938,0.3120600237650211,False
post,opening,stdev_user_min_argue_lexical_wordcount,Lexical (LIWC),204,0.009609733763913183,0.23227765511017462,-0.0061579841590210915,0.025377451686847456,0.008947256988989842,0.4359701350336055,-0.013563571476853276,0.03145808545483296,0.39631714385273487,False
post,opening,stdev_user_max_dale_chall_score,Volume & form,204,0.011395953255994379,0.2344098385084874,-0.00738809555347085,0.030180002065459607,0.02672208091533506,0.006345662690035299,0.007532878913565293,0.04591128291710483,0.39631714385273487,False
post,opening,max_user_min_percept_lexical_wordcount,Lexical (LIWC),204,0.008835011558606463,0.23590306181710408,-0.0057743362936681555,0.023444359410881084,0.02397009257385109,0.028038075632810227,0.0025837494440616206,0.04535643570364056,0.39631714385273487,False
post,opening,min_certainty_rocklage,Sentiment & emotion,204,-0.010337635480550979,0.24382653908073315,-0.027722292491692363,0.0070470215305904055,-0.003630105557143625,0.8018468233067697,-0.03198100500888421,0.024720793894596964,0.40096529607108683,False
post,opening,max_num_all_caps,Volume & form,204,0.010152783901775417,0.24491652411445264,-0.006960510039309899,0.027266077842860732,0.005456641078006998,0.740362820662008,-0.026817632080588714,0.037730914236602714,0.40096529607108683,False
post,opening,max_user_max_word_TTR,Volume & form,204,0.00733125528572232,0.24800528985833203,-0.0051071949717194495,0.01976970554316409,,,,,0.40096529607108683,False
post,opening,min_user_max_certainty_rocklage,Sentiment & emotion,204,-0.008862609914348077,0.24821661185352994,-0.023905926686984366,0.006180706858288211,-0.012830075392740246,0.13889553084289108,-0.02982190272329067,0.0041617519378101785,0.40096529607108683,False
post,opening,stdev_user_max_cognitive_mech_lexical_wordcount,Lexical (LIWC),204,0.015282027776658009,0.25922611060665135,-0.011266133845808057,0.04183018939912407,0.035570451786999115,0.008263362673549213,0.009173721526126444,0.061967182047871786,0.41476177697064215,False
post,opening,max_info_exchange_zscore_conversation,Semantic dynamics,204,0.013166068868605621,0.2764618170933798,-0.010545199964455104,0.036877337701666346,0.014783011355975626,0.20559942691539645,-0.0081077387538579,0.037673761465809155,0.4381658987895076,False
post,opening,max_past_tense_lexical_wordcount,Lexical (LIWC),204,0.009867839522366133,0.31175816661706834,-0.009252130890970107,0.028987809935702373,0.020326309938787774,0.06458818409619013,-0.0012303596511318293,0.04188297952870738,0.4868563822926924,False
post,opening,stdev_user_max_quantifier_lexical_wordcount,Lexical (LIWC),204,0.011478933968206068,0.3129791029024451,-0.010818890536886522,0.033776758473298654,0.03215550796632828,0.0012473486744509388,0.012630403584561387,0.05168061234809518,0.4868563822926924,False
post,opening,max_user_min_word_TTR,Volume & form,204,0.00644587054067954,0.32602607863450206,-0.006417416444901081,0.01930915752626016,0.015421601599325992,0.0014382431834092432,0.005937110752922714,0.02490609244572927,0.5024989101889573,False
post,opening,max_insight_lexical_wordcount,Lexical (LIWC),204,0.010331539922467478,0.33314647388922936,-0.010591728031177833,0.03125480787611279,0.0013947370992610439,0.9192815195642128,-0.02558046467404502,0.028369938872567106,0.5088055237580957,False
post,opening,stdev_user_max_info_exchange_zscore_conversation,Semantic dynamics,204,-0.008850218532528008,0.33849397088564426,-0.026972975177856098,0.009272538112800082,0.012416827440836943,0.3964818804677319,-0.016284584662153476,0.041118239543827366,0.5105576089356608,False
post,opening,mean_user_max_cognitive_mech_lexical_wordcount,Lexical (LIWC),204,0.01109032541695586,0.3403717392904405,-0.011708008518338694,0.03388865935225041,0.009602969933103875,0.5076602872165985,-0.018807436674621803,0.03801337654082955,0.5105576089356608,False
post,opening,mean_positivity_zscore_conversation,Sentiment & emotion,204,0.00954134885473033,0.3450920286195458,-0.010265527592703345,0.029348225302164004,-0.020818630392267314,0.007832114870530439,-0.03616287520633505,-0.005474385578199575,0.5130571752927761,False
post,opening,stdev_user_mean_info_exchange_zscore_conversation,Semantic dynamics,204,-0.008054908194772191,0.3548889321835704,-0.02511956174383874,0.009009745354294357,0.005788258034417504,0.6677673896134906,-0.020643250334207927,0.032219766403042936,0.5229942158494721,False
post,opening,stdev_user_max_conjunction_lexical_wordcount,Lexical (LIWC),204,0.009909691757829887,0.37672552082409294,-0.012062968714305199,0.03188235222996497,0.020590885163539893,0.04797895151833196,0.00018316087311964074,0.040998609453960146,0.5503468478125879,False
post,opening,min_user_max_mimicry_bert,Semantic dynamics,204,0.009085105285846468,0.390565163588539,-0.01165403595104491,0.029824246522737845,0.01180902632684049,0.283133145055115,-0.009755404215268973,0.033373456868949956,0.5656460989902978,False
post,opening,max_user_min_function_word_accommodation,Semantic dynamics,204,0.007641928080035339,0.40336159471814903,-0.010282100860074441,0.02556595702014512,-0.011107358370343674,0.450253000085156,-0.03994208082678433,0.017727364086096986,0.5791858795952909,False
post,opening,stdev_user_min_tentativeness_lexical_wordcount,Lexical (LIWC),204,0.007495921165001255,0.4253919834222015,-0.010935523615376821,0.02592736594537933,0.0020037515635034156,0.878874254042753,-0.02376640782143003,0.027773910948436863,0.6056428238553379,False
post,opening,max_tentativeness_lexical_wordcount,Lexical (LIWC),204,0.009233397061677383,0.4347994747271151,-0.013938186441982942,0.03240498056533771,0.0015771064391303102,0.9073622093865744,-0.02498617439658196,0.028140387274842582,0.6138345525559272,False
post,opening,max_exclusive_lexical_wordcount,Lexical (LIWC),204,0.008450502595308898,0.4490400372836232,-0.013428390308697056,0.030329395499314852,0.014684551655798572,0.2506824565584155,-0.010371041152011873,0.03974014446360902,0.6286560521970724,False
post,opening,min_user_max_preposition_lexical_wordcount,Lexical (LIWC),204,-0.004777303985668327,0.4691936660411842,-0.017713822330834107,0.008159214359497452,-0.021367502632739257,0.06720002960254118,-0.044248320322163845,0.0015133150566853278,0.6514424454125533,False
post,opening,min_user_max_social_lexical_wordcount,Lexical (LIWC),204,-0.008584965497254765,0.47849429090253803,-0.03232645960456467,0.01515652861005514,-0.03203310259299084,0.013255459575993268,-0.05738151096203287,-0.006684694223948805,0.6589101710789048,False
post,opening,mean_user_mean_info_exchange_zscore_conversation,Semantic dynamics,204,0.006979521150411953,0.48627657509099,-0.012668227305796129,0.026627269606620034,-0.006543069597491763,0.411300047986878,-0.02215170671298858,0.009065567518005056,0.6609045397036201,False
post,opening,max_user_min_info_exchange_zscore_conversation,Semantic dynamics,204,0.006606265273395567,0.4878104935907672,-0.012056356286194166,0.0252688868329853,-0.0033769045390249254,0.7986715907620866,-0.02932545654131745,0.022571647463267598,0.6609045397036201,False
post,opening,variance_in_DD,Semantic dynamics,204,-0.00695338920799672,0.520011745577488,-0.028137617543755697,0.014230839127762256,0.014327400143590185,0.10663588908377661,-0.0030764954460770697,0.03173129573325744,0.6988957860561438,False
post,opening,min_user_max_time_diff,Participation & timing,204,-0.005752445891664602,0.5326155782153211,-0.02382016454801312,0.012315272764683916,0.004336674021087478,0.6561924680408247,-0.014756273975449177,0.023429622017624132,0.7101541042870948,False
post,opening,mean_user_max_positivity_zscore_conversation,Sentiment & emotion,204,0.005042798454772943,0.5414281113416741,-0.011142618843060902,0.021228215752606788,0.004909070162782627,0.706432628009046,-0.02063603275725852,0.030454173082823777,0.7162198638220572,False
post,opening,max_user_min_tentativeness_lexical_wordcount,Lexical (LIWC),204,0.005414422900896391,0.5464243865244744,-0.012180675076995728,0.02300952087878851,-0.01010671894731436,0.45595266064844897,-0.036676892314795845,0.016463454420167126,0.7171820073133728,False
post,opening,mean_user_max_info_exchange_zscore_conversation,Semantic dynamics,204,0.004694455646381192,0.5509782987181717,-0.01073577092186329,0.020124682214625673,-0.0035413330951262097,0.8037379244179859,-0.03147105982271694,0.02438839363246452,0.7175531332143631,False
post,opening,min_user_max_info_exchange_zscore_conversation,Semantic dynamics,204,0.004678590029343732,0.56299266465754,-0.01117520385913148,0.020532383917818944,-0.008043798127182658,0.576191181262006,-0.03624911509240568,0.020161518838040363,0.7247675744437698,False
post,opening,mean_user_max_neutral_bert,Sentiment & emotion,204,0.005441446484317021,0.5651461443579395,-0.013099526631353225,0.023982419599987266,0.02124424748877901,0.07503805688176118,-0.0021448209165298923,0.044633315894087915,0.7247675744437698,False
post,opening,min_info_exchange_zscore_conversation,Semantic dynamics,204,-0.005031878469462861,0.5762460827782113,-0.02267853653077392,0.012614779591848198,0.006744249822870009,0.49836666479407754,-0.01277905558389763,0.026267555229637647,0.7304024812648162,False
post,opening,min_auxiliary_verbs_lexical_wordcount,Lexical (LIWC),204,-0.0050621100202436,0.5825673283321979,-0.02311316147317815,0.01298894143269095,-0.01460913172224063,0.1770788055538347,-0.03582211399593584,0.006603850551454585,0.7304024812648162,False
post,opening,stdev_user_max_positivity_zscore_conversation,Sentiment & emotion,204,0.004359452855452965,0.582582931485032,-0.01118662653528736,0.01990553224619329,0.016127897726036025,0.1403453254415736,-0.005309853273614985,0.03756564872568703,0.7304024812648162,False
post,opening,stdev_user_min_quantifier_lexical_wordcount,Lexical (LIWC),204,0.004700160081660534,0.5947621138887471,-0.012617598514603472,0.02201791867792454,0.007189230952669361,0.4691258933682054,-0.012275604713813313,0.026654066619152036,0.7338001524905355,False
post,opening,stdev_user_min_num_question_naive,Questions & repair,204,0.005712714633538165,0.5976918767173225,-0.01550433137872898,0.02692976064580531,0.0025642867997534447,0.8201122189870969,-0.01953727662911866,0.024665850228625545,0.7338001524905355,False
post,opening,max_dale_chall_score,Volume & form,204,0.005785760382559913,0.5983965529238295,-0.015743981630068668,0.02731550239518849,0.018888052780540433,0.07211087420747321,-0.0016966576813761784,0.03947276324245705,0.7338001524905355,False
post,opening,stdev_user_max_social_lexical_wordcount,Lexical (LIWC),204,0.0051101202483943686,0.612144502408669,-0.01464404386189636,0.024864284358685096,0.021286309864447288,0.055491852359881876,-0.0004997420644434203,0.043072361793337996,0.7452193942366406,False
post,opening,min_user_max_auxiliary_verbs_lexical_wordcount,Lexical (LIWC),204,-0.004327137759461211,0.6391750696871197,-0.02241605515026845,0.01376177963134603,-0.028089245948716503,0.044550709453129535,-0.05549463079011922,-0.0006838611073137803,0.7683376841496661,False
post,opening,max_social_lexical_wordcount,Lexical (LIWC),204,0.004184974334004169,0.6402814034580551,-0.013367570991193355,0.021737519659201694,0.004986911675805792,0.6493124727408883,-0.01650811938071356,0.02648194273232514,0.7683376841496661,False
post,opening,min_user_max_cognitive_mech_lexical_wordcount,Lexical (LIWC),204,0.006010538123364523,0.6451786827700913,-0.01957295374680621,0.03159402999353526,-0.01940245281781431,0.08533439257196182,-0.04150488370863836,0.0026999780730097463,0.7687235369175556,False
post,opening,max_conjunction_lexical_wordcount,Lexical (LIWC),204,0.00484485595431589,0.6618178914871284,-0.01686442983750156,0.02655414174613334,0.025804731190373215,0.017610382867588387,0.004497854211193253,0.047111608169553176,0.7829958152805463,False
post,opening,min_user_max_textblob_subjectivity,Sentiment & emotion,204,0.004181058827562884,0.6798817176897047,-0.015678944373493105,0.024041062028618873,0.0026140094797868856,0.8425447640024477,-0.023178266512764622,0.02840628547233839,0.7987421578452475,False
post,opening,min_user_max_verbs_lexical_wordcount,Lexical (LIWC),204,-0.00390738614167304,0.6959065493086263,-0.023501334290069988,0.015686562006723907,-0.01974363366414704,0.15188608781778093,-0.046749551575612724,0.0072622842473186455,0.8118909741933974,False
post,opening,mean_user_min_positivity_zscore_conversation,Sentiment & emotion,204,-0.003914943278501198,0.7056611452903587,-0.024230955370086682,0.016401068813084285,-0.012526695168135833,0.2904158198959842,-0.03574996639892752,0.010696576062655852,0.8175936028191743,False
post,opening,min_user_max_nltk_english_stopwords_lexical_wordcount,Lexical (LIWC),204,0.0042018991259683,0.7272041458536588,-0.019406072264520433,0.027809870516457034,-0.017717279210206657,0.11496991827158475,-0.039747663672843686,0.004313105252430369,0.830406108354512,False
post,opening,mean_user_max_positivity_zscore_chats,Sentiment & emotion,204,0.0032208679905799953,0.7285290308558063,-0.014967250886639406,0.021408986867799396,,,,,0.830406108354512,False
post,opening,min_user_max_num_chars,Volume & form,204,0.004589889898848284,0.7315482383123082,-0.021632466768897282,0.03081224656659385,-0.03192218535196043,0.013494731851516964,-0.0572481831597695,-0.006596187544151366,0.830406108354512,False
post,opening,mean_user_min_certainty_rocklage,Sentiment & emotion,204,-0.002975316804424996,0.7521094743997043,-0.021437707775612595,0.015487074166762605,0.004812444287584826,0.6272451897102296,-0.014611081066652959,0.024235969641822612,0.8480160516721499,False
post,opening,min_user_max_positivity_zscore_conversation,Sentiment & emotion,204,-0.002771204587258616,0.7682323988382882,-0.021202444527445016,0.015660035352927783,-0.005274000674043003,0.6587887667395769,-0.02868246416898931,0.018134462820903304,0.8604202866988827,False
post,opening,stdev_user_min_conjunction_lexical_wordcount,Lexical (LIWC),204,0.00264918309238755,0.8014568930698363,-0.0179992737236441,0.023297639908419203,0.013559857098618865,0.16243990659421859,-0.005465552798124624,0.03258526699536235,0.8874413782718745,False
post,opening,max_user_min_conjunction_lexical_wordcount,Lexical (LIWC),204,-0.0025879087153334477,0.8029231517697912,-0.02291203941959867,0.017736221988931773,0.01549000231158526,0.10688007313084487,-0.0033392537051158515,0.034319258328286376,0.8874413782718745,False
post,opening,min_user_max_relative_lexical_wordcount,Lexical (LIWC),204,-0.002195403906129781,0.8165444454582296,-0.020743102942923995,0.016352295130664433,-0.007445362618295467,0.4115328049923246,-0.025215280514601007,0.010324555278010072,0.8961448480770824,False
post,opening,mean_info_exchange_zscore_conversation,Semantic dynamics,204,0.00204017051665838,0.826467847274446,-0.01619907389750172,0.02027941493081848,0.01073603569987177,0.3306538546569703,-0.010894610886088073,0.032366682285831616,0.8961448480770824,False
post,opening,max_mimicry_bert,Semantic dynamics,204,0.002413677095753547,0.826800306261594,-0.01920682749838756,0.024034181689894654,0.037161486277191395,0.0007455820682111784,0.015563060352486262,0.058759912201896525,0.8961448480770824,False
post,opening,stdev_user_mean_positivity_zscore_conversation,Sentiment & emotion,204,0.001811736600585305,0.8387723920151393,-0.01564068118811024,0.01926415438928085,-0.007066194374785275,0.5254878636103384,-0.028879540406971202,0.01474715165740065,0.903293345247073,False
post,opening,min_nltk_english_stopwords_lexical_wordcount,Lexical (LIWC),204,-0.0023419317727676366,0.8479614113270713,-0.026283607294402538,0.021599743748867264,-0.019340737404140558,0.07731855128634084,-0.04080011313877477,0.002118638330493656,0.9073727204009425,False
post,opening,min_textblob_subjectivity,Sentiment & emotion,204,-0.001478392534200958,0.8868716366285708,-0.02184616043650881,0.0188893753681069,0.0052859678246472645,0.6491654134074282,-0.017487844852481442,0.028059780501775967,0.9430027528708854,False
post,opening,min_cognitive_mech_lexical_wordcount,Lexical (LIWC),204,-0.0014799888446873238,0.9127135889303589,-0.02794249208009771,0.02498251439072306,-0.013335829860878862,0.1741919828418862,-0.03257093026987363,0.005899270548115905,0.9643766222660396,False
post,opening,min_num_chars,Volume & form,204,0.001275169364679805,0.9241730177628116,-0.024983755325034218,0.02753409405439383,-0.037559837052586795,0.0023999232546950042,-0.06181004760270995,-0.013309626502463638,0.9703816686509522,False
post,opening,min_user_max_word_TTR,Volume & form,204,-0.0004121689008575631,0.960583334342053,-0.01675798935943684,0.015933651557721713,0.014419419423355194,0.30659830007396294,-0.013223316317396087,0.042062155164106475,0.9976876804820006,False
post,opening,min_user_min_verbs_lexical_wordcount,Lexical (LIWC),204,-0.00022763595766688016,0.9781651456437883,-0.016529020799888845,0.016073748884555084,-0.01405518080316004,0.27559928651791465,-0.03932226007310275,0.011211898466782671,0.9976876804820006,False
post,opening,mean_user_mean_positivity_zscore_conversation,Sentiment & emotion,204,-0.0002298500578269743,0.9825893308254744,-0.020873326528375105,0.020413626412721153,-0.012490370162801953,0.173317587540186,-0.030469440160963722,0.005488699835359816,0.9976876804820006,False
post,opening,stdev_user_min_positivity_zscore_conversation,Sentiment & emotion,204,0.00015031315613139862,0.9850980305899438,-0.015622756731817337,0.015923383044080135,-0.01356070846792837,0.24679741610011496,-0.03650954564378997,0.009388128707933228,0.9976876804820006,False
post,opening,mean_user_min_info_exchange_zscore_conversation,Semantic dynamics,204,0.00014258544039568583,0.9870903272001932,-0.01712887843585312,0.017414049316644493,-0.0014681613905994928,0.9130915029166938,-0.027833794915145715,0.02489747213394673,0.9976876804820006,False
post,opening,min_positivity_zscore_conversation,Sentiment & emotion,204,0.00014642694531129784,0.9896267622820696,-0.02192765190281349,0.022220505793436082,-0.004280039409402747,0.6903455531978409,-0.02533680240714424,0.016776723588338746,0.9976876804820006,False
post,opening,min_user_min_word_TTR,Volume & form,204,-5.3813784375009166e-05,0.9957637071332915,-0.01991904708393881,0.01981141951518879,-0.011144431563094866,0.34208551478897753,-0.03413545750443167,0.011846594378241943,0.9976876804820006,False
post,opening,stdev_user_min_info_exchange_zscore_conversation,Semantic dynamics,204,2.5585333820417333e-05,0.9976876804820006,-0.017277788365023455,0.01732895903266429,-0.004010927707245718,0.7576110183461886,-0.02948331342939827,0.021461458014906835,0.9976876804820006,False
pre,endgame,max_negative_bert,Sentiment & emotion,190,-0.03552028621882051,0.004793987012596148,-0.060202787404043945,-0.010837785033597069,0.0028413469144515195,0.8179805941871402,-0.021356372799274586,0.027039066628177625,0.6278550361631147,False
pre,endgame,min_user_max_word_TTR,Volume & form,190,-0.013095760157260921,0.013433410735104878,-0.023478655080786705,-0.002712865233735139,-0.007597123783725344,0.39662289716430155,-0.02516306841314496,0.00996882084569427,0.6278550361631147,False
pre,endgame,gini_coefficient_sum_num_messages,Participation & timing,190,-0.03212541436631887,0.014025463354666794,-0.05775611705369409,-0.0064947116789436515,-0.0032819153551033476,0.7774824247934391,-0.02604343183762082,0.01947960112741412,0.6278550361631147,False
pre,endgame,max_auxiliary_verbs_lexical_wordcount,Lexical (LIWC),190,-0.025870898483377234,0.015038443979954843,-0.04672511681874948,-0.005016680148004986,-0.012990345879795587,0.4066607350163204,-0.04367375277707394,0.017693061017482765,0.6278550361631147,False
pre,endgame,sum_num_chars,Volume & form,190,-0.028884253511584582,0.022883515802097555,-0.05376460356535022,-0.004003903457818949,0.010594841292353989,0.4009607728680946,-0.0141287506682794,0.03531843325298738,0.7643094277900584,False
pre,endgame,mean_user_min_info_exchange_zscore_conversation,Semantic dynamics,190,0.022023104096579003,0.036495521499040465,0.0013836993414009999,0.04266250885175701,0.025401429945689287,0.03476956379097864,0.0018177568932092603,0.048985102998169314,0.8366315756667431,False
pre,endgame,max_dale_chall_score,Volume & form,190,-0.038375236390997255,0.04167301688057361,-0.07530333926645924,-0.0014471335155352774,0.019830697403038902,0.13502842697087503,-0.006175193673118643,0.045836588479196444,0.8366315756667431,False
pre,endgame,max_num_chars,Volume & form,190,-0.024059200818694976,0.05487414562478015,-0.048620828836243274,0.000502427198853319,0.009608524359408361,0.45441946954085066,-0.015566159411827044,0.03478320813064377,0.8366315756667431,False
pre,endgame,stdev_user_max_negative_bert,Sentiment & emotion,190,-0.027043577909339617,0.06333781909404766,-0.055589505722032265,0.0015023499033530348,0.015316084965495008,0.187399527007436,-0.007454697241866041,0.03808686717285606,0.8366315756667431,False
pre,endgame,mean_user_mean_info_exchange_zscore_conversation,Semantic dynamics,190,0.02989826585588088,0.0646589088860098,-0.0018181418662771287,0.06161467357803889,0.002590514818458827,0.8047813482414803,-0.017951784608648477,0.02313281424556613,0.8366315756667431,False
pre,endgame,info_diversity,Semantic dynamics,190,-0.023108476829388304,0.0920124253231882,-0.04998984508082211,0.003772891422045503,0.005196828909212886,0.6585049294895462,-0.017848642225360593,0.028242300043786365,0.8366315756667431,False
pre,endgame,mean_user_min_positivity_zscore_conversation,Sentiment & emotion,190,0.013808942095856973,0.09503241901051059,-0.0024032067988998783,0.030021090990613824,0.01853537783130098,0.1143310712334782,-0.0044716980896289844,0.04154245375223095,0.8366315756667431,False
pre,endgame,stdev_user_max_auxiliary_verbs_lexical_wordcount,Lexical (LIWC),190,-0.019077506200933313,0.11314973620679941,-0.04268019719376276,0.00452518479189613,0.02100736110500885,0.046149639549567086,0.0003588080105025697,0.04165591419951513,0.8366315756667431,False
pre,endgame,mean_user_mean_positivity_zscore_conversation,Sentiment & emotion,190,0.017000744815937253,0.11447032458811214,-0.004109577678094591,0.0381110673099691,0.004433081485170409,0.6984895885580387,-0.017997412903333364,0.026863575873674182,0.8366315756667431,False
pre,endgame,stdev_user_max_dale_chall_score,Volume & form,190,-0.03171229818447531,0.11662394744220109,-0.0713240785615498,0.007899482192599186,0.02110104445108127,0.07332849436506601,-0.0019935127305753357,0.04419560163273788,0.8366315756667431,False
pre,endgame,mean_user_max_num_chars,Volume & form,190,-0.024349911823107438,0.12135837025122588,-0.05515814776762905,0.006458324121414175,-0.009061109315836438,0.5686590262563681,-0.040216530753629534,0.022094312121956654,0.8366315756667431,False
pre,endgame,max_content_word_accommodation_per_conv,Semantic dynamics,190,0.017049039915532797,0.12306400701160415,-0.004620641866024514,0.038718721697090105,0.0043742893064667235,0.7001089232681756,-0.01788438356096574,0.026632962173899186,0.8366315756667431,False
pre,endgame,stdev_user_min_argue_lexical_wordcount,Lexical (LIWC),190,-0.014494174910091834,0.12415181957883402,-0.032970024604285456,0.0039816747841017915,0.003921096227544878,0.709385465400308,-0.01670028217207423,0.024542474627163986,0.8366315756667431,False
pre,endgame,max_positivity_zscore_conversation,Sentiment & emotion,190,-0.017478692218923824,0.12843224312994653,-0.04001194662606293,0.005054562188215286,-0.012074715173400568,0.27907805567814137,-0.0339392437568829,0.009789813410081765,0.8366315756667431,False
pre,endgame,max_preposition_lexical_wordcount,Lexical (LIWC),190,-0.015689543839639556,0.13586811661217033,-0.03630899741785895,0.004929909738579843,0.007242157570760875,0.5227646558726553,-0.01496813716036988,0.02945245230189163,0.8366315756667431,False
pre,endgame,min_user_max_neutral_bert,Sentiment & emotion,190,0.017058122976699876,0.14118377436220855,-0.005664028723373845,0.0397802746767736,-0.002935233493508176,0.8057864661777202,-0.02633402433405025,0.020463557347033902,0.8366315756667431,False
pre,endgame,max_user_min_argue_lexical_wordcount,Lexical (LIWC),190,-0.022936272485999065,0.14418188040392443,-0.05371856458479227,0.007846019612794134,-0.001469733144597224,0.9102482905870142,-0.02702408832595228,0.024084622036757833,0.8366315756667431,False
pre,endgame,max_inclusive_lexical_wordcount,Lexical (LIWC),190,-0.017065875206266182,0.1483210931227819,-0.04020582509508065,0.0060740746825482875,0.008182474080319503,0.4215965704287441,-0.011773061049073257,0.028138009209712263,0.8366315756667431,False
pre,endgame,max_user_min_content_word_accommodation_per_conv,Semantic dynamics,190,0.01635128581977139,0.15530042935545502,-0.006200905912691436,0.038903477552234215,0.006541478824086341,0.38213663561465483,-0.00812849607518506,0.02121145372335774,0.8366315756667431,False
pre,endgame,min_auxiliary_verbs_lexical_wordcount,Lexical (LIWC),190,-0.016831957572366416,0.1568183389264775,-0.04013240894565531,0.006468493800922476,-0.033966673903136235,0.0675288965724656,-0.07038267230769069,0.0024493245014182083,0.8366315756667431,False
pre,endgame,stdev_user_max_textblob_polarity,Sentiment & emotion,190,-0.014400825353946317,0.17023313509547744,-0.0349812288277406,0.006179578119847968,0.03364570089814478,0.009546058116794643,0.008202759214005335,0.05908864258228423,0.8366315756667431,False
pre,endgame,mean_user_max_neutral_bert,Sentiment & emotion,190,0.015711227720689593,0.17270072034836736,-0.006871610972332059,0.03829406641371125,0.013581002077188955,0.2628496712855358,-0.010192083273392254,0.03735408742777016,0.8366315756667431,False
pre,endgame,max_textblob_subjectivity,Sentiment & emotion,190,-0.014194349749199215,0.17611331356685644,-0.034759114721286705,0.006370415222888275,0.011724314097848597,0.3846088223033165,-0.014705738613970322,0.038154366809667516,0.8366315756667431,False
pre,endgame,min_user_max_auxiliary_verbs_lexical_wordcount,Lexical (LIWC),190,-0.015553736607331906,0.18157358826458414,-0.03837294396378993,0.007265470749126115,-0.03762505146615003,0.032794610788404795,-0.07217210090802859,-0.003078002024271477,0.8366315756667431,False
pre,endgame,mean_user_max_nltk_english_stopwords_lexical_wordcount,Lexical (LIWC),190,-0.018253226329261563,0.18447986112828418,-0.045211264965365344,0.008704812306842214,-0.02362246810568644,0.09668089704733614,-0.05149403282763708,0.004249096616264197,0.8366315756667431,False
pre,endgame,max_cognitive_mech_lexical_wordcount,Lexical (LIWC),190,-0.01592921674955199,0.19276655080930438,-0.03990017022141468,0.008041736722310695,0.004857276281408411,0.6570935037333143,-0.016587761811677343,0.026302314374494165,0.8366315756667431,False
pre,endgame,max_user_min_num_all_caps,Volume & form,190,0.00889335791478995,0.1930204235150873,-0.004497376153239982,0.02228409198281988,0.003539938944907445,0.5124935090359506,-0.007053307751211952,0.014133185641026842,0.8366315756667431,False
pre,endgame,max_conjunction_lexical_wordcount,Lexical (LIWC),190,-0.016632825920129084,0.19711448209474747,-0.0419075431878308,0.008641891347572626,-0.004589215120749092,0.7400006016666232,-0.03169371187038321,0.02251528162888503,0.8366315756667431,False
pre,endgame,max_function_word_accommodation,Semantic dynamics,190,-0.015434834059220016,0.20195547593203245,-0.03914307541390995,0.00827340729546992,0.01068295752163818,0.22563570764445018,-0.006597387563743867,0.027963302607020228,0.8366315756667431,False
pre,endgame,stdev_user_mean_info_exchange_zscore_conversation,Semantic dynamics,190,0.010701626217636907,0.21091404698290162,-0.0060640517062330625,0.027467304141506877,0.01400643808153848,0.24174168278525643,-0.009443988627453225,0.03745686479053019,0.8366315756667431,False
pre,endgame,max_positive_affect_lexical_wordcount,Lexical (LIWC),190,-0.012981345010747918,0.21501035411589098,-0.033501432192153985,0.007538742170658152,0.0006011780254743665,0.9571100487061126,-0.0213080150604413,0.022510371111390034,0.8366315756667431,False
pre,endgame,max_user_min_textblob_subjectivity,Sentiment & emotion,190,-0.013736306755011874,0.21859354846630152,-0.03561973263748097,0.008147119127457221,0.017025880610678536,0.1854688051658362,-0.008176169535724424,0.04222793075708149,0.8366315756667431,False
pre,endgame,within_person_disc_range,Semantic dynamics,190,-0.025590312982954767,0.21867105327467096,-0.06636531704833752,0.015184691082427985,0.017871715325131557,0.10658483391884306,-0.0038343949662219337,0.03957782561648505,0.8366315756667431,False
pre,endgame,stdev_user_min_first_person_lexical_wordcount,Lexical (LIWC),190,0.013454376191200138,0.22751763665682512,-0.008397275040805527,0.0353060274232058,0.021957057080081464,0.010202932011446052,0.005204570143549286,0.03870954401661364,0.8366315756667431,False
pre,endgame,min_cognitive_mech_lexical_wordcount,Lexical (LIWC),190,-0.01994975638193987,0.23415986752644313,-0.05281554723340913,0.012916034469529384,-0.018935929640982018,0.15738724273891258,-0.04518487262409945,0.00731301334213541,0.8366315756667431,False
pre,endgame,mean_user_max_forward_flow,Semantic dynamics,190,-0.01764257401106327,0.24624128763141762,-0.04746404318531394,0.012178895163187407,0.021466032945960285,0.13301102773183898,-0.006538837046747563,0.04947090293866813,0.8366315756667431,False
pre,endgame,stdev_user_max_preposition_lexical_wordcount,Lexical (LIWC),190,-0.012126041806343104,0.24789886087126634,-0.03269485616826037,0.00844277255557416,0.024032553600836552,0.049394016077965126,6.372351828114534e-05,0.04800138368339196,0.8366315756667431,False
pre,endgame,max_money_lexical_wordcount,Lexical (LIWC),190,-0.014832739434732112,0.25055900710037493,-0.04013458520301512,0.010469106333550898,0.017006427601140454,0.0454247404401723,0.0003462650059897071,0.0336665901962912,0.8366315756667431,False
pre,endgame,stdev_user_max_num_chars,Volume & form,190,-0.013430683585717123,0.2512935898060381,-0.03637642735586437,0.00951506018443012,0.030055071192870313,0.0060943956095137605,0.008577060511153225,0.0515330818745874,0.8366315756667431,False
pre,endgame,max_argue_lexical_wordcount,Lexical (LIWC),190,-0.01888865625509471,0.2563166644427718,-0.05150233033644247,0.013725017826253048,-0.00017405764005411217,0.9881121066443352,-0.023070092305347605,0.02272197702523938,0.8366315756667431,False
pre,endgame,sum_num_messages,Volume & form,190,-0.019147017624045918,0.2592944246285701,-0.05241426641315755,0.014120231165065718,0.013514714381605869,0.28448610175549793,-0.011233910165009256,0.038263338928220994,0.8366315756667431,False
pre,endgame,mean_user_max_cognitive_mech_lexical_wordcount,Lexical (LIWC),190,-0.017740546597473768,0.26138185122259827,-0.04869938542958768,0.013218292234640147,-0.0087128461381696,0.46557759441007485,-0.03211563941505104,0.014689947138711832,0.8366315756667431,False
pre,endgame,stdev_user_min_num_question_naive,Questions & repair,190,-0.02018634863986533,0.26246210568780426,-0.05549318696571087,0.015120489685980208,0.016128776401871315,0.12965270852522484,-0.0047306019087303385,0.036988154712472965,0.8366315756667431,False
pre,endgame,max_first_pronouns_proportion,Semantic dynamics,190,-0.010730566984872125,0.26517514063967373,-0.02960574330616527,0.00814460933642102,-0.007354383906997889,0.5721126204671148,-0.032869047861595654,0.018160280047599873,0.8366315756667431,False
pre,endgame,min_negative_bert,Sentiment & emotion,190,-0.017708147632868904,0.27323131524042044,-0.04938549359172825,0.013969198325990445,-0.016209889223195814,0.311616559617539,-0.04760905340975197,0.015189274963360339,0.8366315756667431,False
pre,endgame,max_certainty_lexical_wordcount,Lexical (LIWC),190,-0.011664338238737214,0.2804505918106285,-0.03284614148455696,0.009517465007082532,-0.010161203502650817,0.3914029159830257,-0.033397875921973304,0.013075468916671669,0.8366315756667431,False
pre,endgame,min_positivity_zscore_chats,Sentiment & emotion,190,0.012777014852576036,0.28515800375392,-0.0106533702460709,0.03620739995122297,,,,,0.8366315756667431,False
pre,endgame,min_user_max_cognitive_mech_lexical_wordcount,Lexical (LIWC),190,-0.01746887781001145,0.2856945238926807,-0.049538859349666675,0.014601103729643777,-0.019399056533895134,0.10771437407630591,-0.04303612647606771,0.0042380134082774384,0.8366315756667431,False
pre,endgame,min_user_max_num_chars,Volume & form,190,-0.01948307236321844,0.2917049936602081,-0.05569943179625318,0.016733287069816305,-0.024112447863143368,0.14946254160531589,-0.05689895035920771,0.00867405463292097,0.8366315756667431,False
pre,endgame,stdev_user_max_adverbs_lexical_wordcount,Lexical (LIWC),190,-0.008768287840178893,0.2918830370523795,-0.025073347274286492,0.007536771593928704,0.020980917209850382,0.037278409292795675,0.001236448160119006,0.04072538625958176,0.8366315756667431,False
pre,endgame,mean_user_max_present_tense_lexical_wordcount,Lexical (LIWC),190,-0.014902234274446355,0.2927583652929012,-0.0426639741045712,0.01285950555567849,-0.018111867420872455,0.2168440016150397,-0.04685652353016617,0.010632788688421265,0.8366315756667431,False
pre,endgame,stdev_user_max_positive_affect_lexical_wordcount,Lexical (LIWC),190,-0.012738164040274684,0.2970397193266009,-0.036679744503698014,0.011203416423148647,0.023337819910396802,0.021355050523615388,0.0034645406711903,0.043211099149603305,0.8366315756667431,False
pre,endgame,max_time_diff,Participation & timing,190,-0.011422581809382285,0.29910984109275085,-0.032983687566969205,0.01013852394820464,0.021024985644484545,0.1800343677642785,-0.009712521177946458,0.05176249246691555,0.8366315756667431,False
pre,endgame,max_First_Person_Plural_receptiveness_yeomans,Receptiveness,190,-0.012871143706517554,0.30536239380439656,-0.037482789264008325,0.011740501850973216,5.97896477841503e-05,0.9955599540889171,-0.020998565474593514,0.021118144770161815,0.8366315756667431,False
pre,endgame,max_adverbs_lexical_wordcount,Lexical (LIWC),190,-0.011250623728198931,0.30731771380404016,-0.03285072351992309,0.010349476063525228,0.017043682474298334,0.16067362397651785,-0.006769245416651828,0.0408566103652485,0.8366315756667431,False
pre,endgame,stdev_user_min_info_exchange_zscore_conversation,Semantic dynamics,190,0.00885540069445249,0.3107713459974992,-0.00826790584406553,0.025978707232970508,0.017419275381642403,0.1555987045938774,-0.0066232676158636886,0.041461818379148495,0.8366315756667431,False
pre,endgame,stdev_user_max_positivity_zscore_chats,Sentiment & emotion,190,-0.015146927324871691,0.3150292858555471,-0.04469474586709835,0.014400891217354972,,,,,0.8366315756667431,False
pre,endgame,min_user_max_negative_bert,Sentiment & emotion,190,-0.016262503659440233,0.3181974663840469,-0.048194896668542125,0.015669889349661664,-0.015636471829531956,0.28155390724559826,-0.04409665060736014,0.01282370694829623,0.8366315756667431,False
pre,endgame,max_mimicry_bert,Semantic dynamics,190,0.010801334238821141,0.3356645237066588,-0.011187608745290336,0.032790277222932616,0.018034248042446563,0.1912399015346954,-0.009011384544539716,0.04507988062943284,0.8366315756667431,False
pre,endgame,gini_coefficient_sum_num_chars,Participation & timing,190,-0.020005535038424786,0.33756249623059154,-0.060892326076277814,0.020881255999428246,0.035725250082143806,0.0057424340532885925,0.010375240934879723,0.06107525922940789,0.8366315756667431,False
pre,endgame,stdev_user_max_relative_lexical_wordcount,Lexical (LIWC),190,-0.010084590562831884,0.34283196683989026,-0.030921357208947606,0.010752176083283835,0.029577880927300633,0.0062667651424832506,0.00836995588243724,0.050785805972164026,0.8366315756667431,False
pre,endgame,min_user_max_positivity_zscore_chats,Sentiment & emotion,190,0.011572007778212256,0.3441111127626394,-0.012401519778407399,0.03554553533483191,,,,,0.8366315756667431,False
pre,endgame,min_user_max_verbs_lexical_wordcount,Lexical (LIWC),190,-0.011315526373759047,0.34733202877438674,-0.03491477106100669,0.012283718313488595,-0.036714363076306315,0.02056789496549478,-0.06778703427448383,-0.005641691878128793,0.8366315756667431,False
pre,endgame,stdev_user_min_neutral_bert,Sentiment & emotion,190,-0.016430006014498077,0.3494574150283982,-0.05084724203797922,0.017987230008983068,0.03391104413271275,0.01025470714392292,0.008020388013071013,0.05980170025235449,0.8366315756667431,False
pre,endgame,max_certainty_rocklage,Sentiment & emotion,190,-0.009792941130253714,0.36300983515387975,-0.03089327695645035,0.011307394695942923,0.003693736461626837,0.7611795429998858,-0.020126017933715854,0.027513490856969528,0.8366315756667431,False
pre,endgame,min_num_chars,Volume & form,190,-0.017303572980488294,0.3705852012100237,-0.05518074895438095,0.020573602993404366,-0.021118997017789597,0.22433674124826786,-0.05518471878439291,0.012946724748813719,0.8366315756667431,False
pre,endgame,min_user_max_nltk_english_stopwords_lexical_wordcount,Lexical (LIWC),190,-0.014134576364607429,0.37158822844310513,-0.04513982378824944,0.016870671059034587,-0.03860027156765575,0.012495861126397048,-0.06888870502507995,-0.008311838110231552,0.8366315756667431,False
pre,endgame,stdev_user_mean_positivity_zscore_conversation,Sentiment & emotion,190,0.008232299300807319,0.37386518109097877,-0.00991208087912631,0.026376679480740947,0.015799201932936272,0.1988396661396803,-0.008301291698678895,0.03989969556455144,0.8366315756667431,False
pre,endgame,stdev_user_max_positivity_zscore_conversation,Sentiment & emotion,190,-0.008911307149982282,0.385657696345445,-0.029044400159055947,0.011221785859091385,0.004922569724960017,0.6838911517543096,-0.018773473875293847,0.02861861332521388,0.8366315756667431,False
pre,endgame,team_burstiness,Participation & timing,190,-0.0084108244914919,0.38574834034257577,-0.02741681535232275,0.010595166369338951,-0.025355034332779112,0.06174889544567911,-0.051956982596157206,0.0012469139305989786,0.8366315756667431,False
pre,endgame,min_nltk_english_stopwords_lexical_wordcount,Lexical (LIWC),190,-0.0135870738497373,0.3870591879319957,-0.044374726611721385,0.01720057891224679,-0.033268851049550366,0.0385450250014168,-0.06478426588488087,-0.0017534362142198612,0.8366315756667431,False
pre,endgame,stdev_user_min_positivity_zscore_conversation,Sentiment & emotion,190,0.008283475487485117,0.389214920635199,-0.010571950770790803,0.027138901745761036,0.012026478824691829,0.2604789862699153,-0.008921098519652601,0.03297405616903626,0.8366315756667431,False
pre,endgame,mean_info_exchange_zscore_conversation,Semantic dynamics,190,0.00933318373535897,0.39685549577624113,-0.012257483248781741,0.03092385071949968,-0.003818205820858671,0.6605733373000162,-0.020860281963784946,0.013223870322067604,0.8366315756667431,False
pre,endgame,max_user_min_info_exchange_zscore_conversation,Semantic dynamics,190,0.008939658813260573,0.3976600055598861,-0.011775934611245573,0.02965525223776672,0.011878018444229768,0.32505957219037074,-0.011778279058038552,0.035534315946498085,0.8366315756667431,False
pre,endgame,max_present_tense_lexical_wordcount,Lexical (LIWC),190,-0.011068546208467919,0.40523201571637624,-0.03713318661001229,0.014996094193076452,-0.0012743064613817672,0.9211753114670854,-0.02651443052552465,0.023965817602761112,0.8366315756667431,False
pre,endgame,stdev_user_min_positive_affect_lexical_wordcount,Lexical (LIWC),190,0.009062256008005478,0.4169798496944158,-0.012820591755234678,0.03094510377124563,0.01947167259559905,0.0625465942119269,-0.001020035616236585,0.03996338080743469,0.8366315756667431,False
pre,endgame,mean_user_max_verbs_lexical_wordcount,Lexical (LIWC),190,-0.010830781985633357,0.41998477688020697,-0.03715355992307451,0.01549199595180779,-0.024105569491791705,0.12191093301773576,-0.05464990537072047,0.006438766387137054,0.8366315756667431,False
pre,endgame,mean_user_max_textblob_subjectivity,Sentiment & emotion,190,-0.011633851370952403,0.42551199630211856,-0.04024731834874008,0.016979615606835273,-0.007225003324967632,0.6028873159494417,-0.03444396967619458,0.01999396302625931,0.8366315756667431,False
pre,endgame,max_user_min_conjunction_lexical_wordcount,Lexical (LIWC),190,-0.009917652213159881,0.43011191718019026,-0.03455420149401886,0.014718897067699094,-0.0037633869913446406,0.8252717177576882,-0.03717422762479084,0.029647453642101564,0.8366315756667431,False
pre,endgame,max_user_min_first_person_lexical_wordcount,Lexical (LIWC),190,0.010966920049790487,0.43069181047733385,-0.016310415011314125,0.038244255110895096,0.01721291440864653,0.08385336919685848,-0.002302134084911499,0.03672796290220456,0.8366315756667431,False
pre,endgame,stdev_user_max_quantifier_lexical_wordcount,Lexical (LIWC),190,0.008145053914460456,0.4364114932193437,-0.012367196657986952,0.028657304486907863,0.017177237002953198,0.07556102853817766,-0.0017681403090546582,0.036122614314961055,0.8366315756667431,False
pre,endgame,discursive_diversity,Semantic dynamics,190,-0.011355533853166896,0.4424625058705597,-0.04033370260952557,0.01762263490319178,0.032659311596020854,0.01142511101802695,0.007352693395171642,0.05796592979687007,0.8366315756667431,False
pre,endgame,max_forward_flow,Semantic dynamics,190,-0.012379855556266329,0.4434636487621879,-0.04404141415757414,0.01928170304504149,0.031821115621374435,0.019881015816630085,0.005037374633617444,0.05860485660913142,0.8366315756667431,False
pre,endgame,max_user_min_forward_flow,Semantic dynamics,190,-0.012436721679920847,0.4476897238671167,-0.044540525172006504,0.01966708181216481,0.032133889738499455,0.014012882423511069,0.006499789433412773,0.05776799004358614,0.8366315756667431,False
pre,endgame,max_user_min_tentativeness_lexical_wordcount,Lexical (LIWC),190,0.008634306045934508,0.46786459900971145,-0.014676866146220248,0.03194547823808926,0.019473651689384724,0.07654574770333678,-0.0020767254171195106,0.041024028795888956,0.8366315756667431,False
pre,endgame,mean_user_min_certainty_rocklage,Sentiment & emotion,190,-0.011869628745480114,0.47136272952395086,-0.044168978292232625,0.020429720801272394,-0.0026981123393765433,0.8471757157584243,-0.030137474614516265,0.02474124993576318,0.8366315756667431,False
pre,endgame,min_info_exchange_zscore_conversation,Semantic dynamics,190,0.009890789942461472,0.4736089794444379,-0.017160658075216294,0.03694223796013924,0.009053104403661163,0.42042029950815096,-0.012969892374112897,0.031076101181435223,0.8366315756667431,False
pre,endgame,max_user_min_first_person_singular_lexical_wordcount,Lexical (LIWC),190,0.009812428957491818,0.47407365997886464,-0.01705291799583908,0.03667777591082272,-0.00204671545313094,0.8476777157927571,-0.022930929917059962,0.018837499010798082,0.8366315756667431,False
pre,endgame,max_percept_lexical_wordcount,Lexical (LIWC),190,-0.006346929668432858,0.47442918935886136,-0.023738105978542128,0.01104424664167641,0.0044989139785978835,0.7380720581295872,-0.021869240382434846,0.030867068339630613,0.8366315756667431,False
pre,endgame,min_textblob_subjectivity,Sentiment & emotion,190,-0.01108480619489639,0.47692097582223525,-0.04163019680203196,0.01946058441223918,-0.020438654433963137,0.11918302762476585,-0.04614698516261345,0.005269676294687178,0.8366315756667431,False
pre,endgame,max_relative_lexical_wordcount,Lexical (LIWC),190,-0.008617383150198726,0.49356727404982537,-0.033286713492218754,0.0160519471918213,-0.00010260435219317313,0.9942188236347634,-0.02785713686674857,0.027651928162362224,0.8366315756667431,False
pre,endgame,max_first_person_singular_lexical_wordcount,Lexical (LIWC),190,-0.008385004397945066,0.49694744652485123,-0.032577987272351026,0.015807978476460892,-0.0008855391074486102,0.9327698380765028,-0.021459450349392454,0.019688372134495234,0.8366315756667431,False
pre,endgame,min_user_max_preposition_lexical_wordcount,Lexical (LIWC),190,-0.008849393131699078,0.4971769991112105,-0.034395887600298075,0.016697101336899924,-0.022938577180940962,0.1889901180601914,-0.057164922616516484,0.011287768254634557,0.8366315756667431,False
pre,endgame,max_user_min_word_TTR,Volume & form,190,0.005628633979238218,0.5138037331581635,-0.011267481734918462,0.0225247496933949,-0.003771986866200172,0.6804043252623393,-0.021719918003043872,0.014175944270643528,0.8366315756667431,False
pre,endgame,max_user_max_word_TTR,Volume & form,190,0.005628633979237944,0.5138037331581738,-0.011267481734918323,0.022524749693394214,-0.0038514527507501374,0.6731416829834503,-0.021746165527281747,0.014043260025781473,0.8366315756667431,False
pre,endgame,max_first_person_lexical_wordcount,Lexical (LIWC),190,-0.007717092334551211,0.5245091399951567,-0.03148356355777083,0.01604937888866841,0.01811554006026753,0.08430368582713303,-0.0024527135816366508,0.03868379370217171,0.8366315756667431,False
pre,endgame,min_textblob_polarity,Sentiment & emotion,190,0.0065898463001531574,0.5315895147918606,-0.014056324701695976,0.027236017302002292,-0.018573339876253987,0.11416898565630022,-0.041617217455842855,0.00447053770333488,0.8366315756667431,False
pre,endgame,mean_positivity_zscore_conversation,Sentiment & emotion,190,-0.0028476779788331377,0.5378961778760054,-0.01190834200603591,0.006212986048369635,0.003356882461924539,0.4805106224144656,-0.00596918554889401,0.012682950472743088,0.8366315756667431,False
pre,endgame,mean_user_max_positivity_zscore_chats,Sentiment & emotion,190,0.006593796269616716,0.5386761794430336,-0.014426478465926672,0.027614071005160105,,,,,0.8366315756667431,False
pre,endgame,stdev_user_max_conjunction_lexical_wordcount,Lexical (LIWC),190,-0.006518052093823455,0.5432687507620979,-0.027534043341598896,0.014497939153951984,0.012278263651506806,0.23550277536132636,-0.008007414086609278,0.03256394138962289,0.8366315756667431,False
pre,endgame,min_user_min_verbs_lexical_wordcount,Lexical (LIWC),190,-0.007531195051265832,0.5432744937418046,-0.03181418350347133,0.016751793400939668,-0.03578069317430713,0.026937535894935364,-0.06747847830912793,-0.004082908039486334,0.8366315756667431,False
pre,endgame,min_user_max_textblob_subjectivity,Sentiment & emotion,190,-0.009798305118862363,0.5545332870375966,-0.04229398892343215,0.02269737868570742,-0.024506763011226895,0.06582837574233162,-0.05061712403782127,0.0016035980153674793,0.8366315756667431,False
pre,endgame,stdev_user_max_certainty_rocklage,Sentiment & emotion,190,-0.006220069605329234,0.5605034002974809,-0.02716361731754661,0.014723478106888146,0.008126744734537825,0.4040073446723752,-0.010960612991889718,0.027214102460965367,0.8366315756667431,False
pre,endgame,stdev_user_max_textblob_subjectivity,Sentiment & emotion,190,-0.006419623444706673,0.5748367754633245,-0.028850143579828735,0.016010896690415388,0.03785542662923513,0.0012990271422647676,0.014786153131167181,0.06092470012730307,0.8366315756667431,False
pre,endgame,min_positivity_zscore_conversation,Sentiment & emotion,190,-0.006144355721918373,0.5752609828882255,-0.027636912583110494,0.015348201139273748,0.014079069905020851,0.10756171696271252,-0.0030683417929498243,0.031226481602991525,0.8366315756667431,False
pre,endgame,max_user_max_verbs_lexical_wordcount,Lexical (LIWC),190,-0.006900416996117387,0.5771734062780055,-0.03115893990897252,0.017358105916737747,-0.002654849746145508,0.8393550646021346,-0.02832300512538854,0.023013305633097527,0.8366315756667431,False
pre,endgame,max_user_min_function_word_accommodation,Semantic dynamics,190,-0.0056985577095094945,0.577455741862057,-0.025746788025468946,0.014349672606449955,0.007858807896535605,0.20942235127046793,-0.004412963707356221,0.02013057950042743,0.8366315756667431,False
pre,endgame,stdev_user_min_tentativeness_lexical_wordcount,Lexical (LIWC),190,0.004750378890443218,0.5793731633843593,-0.012046593940048613,0.02154735172093505,0.0269696646028859,0.0004891081894177962,0.011809109937186391,0.04213021926858541,0.8366315756667431,False
pre,endgame,max_past_tense_lexical_wordcount,Lexical (LIWC),190,-0.007710761260250637,0.5795802022473828,-0.034990307171374614,0.01956878465087334,-0.01209376840143739,0.23320185433106688,-0.03197660283709042,0.007789066034215636,0.8366315756667431,False
pre,endgame,max_user_min_positivity_zscore_conversation,Sentiment & emotion,190,0.005397095257190072,0.5798144630666305,-0.013708842487738845,0.02450303300211899,0.013463220994083355,0.20412487630743525,-0.0073161300711202144,0.03424257205928692,0.8366315756667431,False
pre,endgame,max_social_lexical_wordcount,Lexical (LIWC),190,-0.006196231339416408,0.5811333100439653,-0.028207702335554433,0.015815239656721616,0.005251578607265134,0.6531586691706825,-0.017653179663756523,0.02815633687828679,0.8366315756667431,False
pre,endgame,max_num_all_caps,Volume & form,190,0.004027683418938042,0.5915701442890038,-0.010684713818253914,0.01874008065613,0.0033808647195192063,0.5764670214893478,-0.008482604855224753,0.015244334294263164,0.8443778982586636,False
pre,endgame,turn_taking_index,Participation & timing,190,-0.008667029761844624,0.6040186529920188,-0.041420746305864925,0.02408668678217568,0.033146113718150454,0.015920989151774947,0.006197674388411387,0.06009455304788952,0.8497134625230378,False
pre,endgame,mean_user_max_info_exchange_zscore_conversation,Semantic dynamics,190,0.006281109718677665,0.6054844433547395,-0.017552460474432256,0.030114679911787588,-0.02604389599244153,0.012306667234033359,-0.04643561572123993,-0.00565217626364313,0.8497134625230378,False
pre,endgame,max_textblob_polarity,Sentiment & emotion,190,-0.005274971705712623,0.6277458577613302,-0.02659629928584618,0.016046355874420933,0.013032925627802894,0.3282757717012096,-0.013096630024761035,0.039162481280366826,0.8650547080564372,False
pre,endgame,min_certainty_rocklage,Sentiment & emotion,190,-0.007682066374228527,0.6319883743259715,-0.03912000313374272,0.023755870385285666,-0.005607910634724746,0.6788478670869569,-0.03215465390907808,0.02093883263962859,0.8650547080564372,False
pre,endgame,min_user_max_time_diff,Participation & timing,190,-0.0031980737928305916,0.6505990510687139,-0.017037094381803185,0.010640946796142001,0.006538229795568515,0.6859792811462879,-0.02515640599146065,0.038232865582597676,0.8650547080564372,False
pre,endgame,stdev_user_min_quantifier_lexical_wordcount,Lexical (LIWC),190,0.003780596547869195,0.6550978334791369,-0.01280766041726171,0.0203688535130001,0.01735151595030284,0.011315745219749951,0.003924309795988871,0.03077872210461681,0.8650547080564372,False
pre,endgame,stdev_user_max_cognitive_mech_lexical_wordcount,Lexical (LIWC),190,-0.005176620039594838,0.6614424274928172,-0.028345074854147136,0.01799183477495746,0.02179834092051476,0.023233373041510696,0.002973688560132734,0.04062299328089679,0.8650547080564372,False
pre,endgame,max_exclusive_lexical_wordcount,Lexical (LIWC),190,-0.005704907338279166,0.6621724227986062,-0.03129659632181804,0.01988678164525971,-0.008220877155347233,0.5631331814339944,-0.03608803675491912,0.01964628244422465,0.8650547080564372,False
pre,endgame,max_positivity_zscore_chats,Sentiment & emotion,190,-0.005754784258849762,0.662356873250743,-0.0315852514819977,0.020075682964298174,,,,,0.8650547080564372,False
pre,endgame,max_First_Person_Single_receptiveness_yeomans,Receptiveness,190,-0.004672473693637858,0.6624546199427735,-0.025651442035349904,0.016306494648074186,0.00042181730294760245,0.9711902682154785,-0.022469929079006523,0.023313563684901728,0.8650547080564372,False
pre,endgame,max_user_min_certainty_lexical_wordcount,Lexical (LIWC),190,-0.004954059593125586,0.6718272002781911,-0.027873853155020546,0.01796573396876937,-0.005929519708212597,0.6289166726632901,-0.02997833931370702,0.018119299897281824,0.8650547080564372,False
pre,endgame,stdev_user_max_Impersonal_Pronoun_receptiveness_yeomans,Receptiveness,190,0.004544641395294972,0.6753184980644249,-0.01672101969230688,0.025810302482896823,0.013479190667963357,0.38325162195118556,-0.016820270323395985,0.043778651659322695,0.8650547080564372,False
pre,endgame,max_positive_words_lexical_wordcount,Lexical (LIWC),190,0.005375364309864722,0.683919457791148,-0.02050277103607477,0.031253499655804214,-0.004636746631531387,0.6949609009010627,-0.027812267095723795,0.01853877383266102,0.8650547080564372,False
pre,endgame,stdev_user_min_inclusive_lexical_wordcount,Lexical (LIWC),190,0.004118826461035887,0.6844526893054146,-0.01574549159553723,0.02398314451760901,0.008860652378595048,0.3459621192735606,-0.009566376201451201,0.027287680958641296,0.8650547080564372,False
pre,endgame,max_info_exchange_zscore_conversation,Semantic dynamics,190,-0.00426384782514733,0.6940656042398046,-0.02550986490891555,0.01698216925862089,-0.02108050272021058,0.0584245519804421,-0.0429124985333517,0.0007514930929305476,0.8650547080564372,False
pre,endgame,max_user_min_inclusive_lexical_wordcount,Lexical (LIWC),190,-0.004664329191141278,0.6971175607076754,-0.028152456822033777,0.01882379843975122,0.0032042784265918778,0.710238457409456,-0.013699259335596868,0.020107816188780624,0.8650547080564372,False
pre,endgame,min_user_max_social_lexical_wordcount,Lexical (LIWC),190,-0.005839314250084082,0.7041392365515573,-0.03597803701713343,0.024299408516965264,-0.01798821374154775,0.13791522290594735,-0.04175220998166353,0.005775782498568024,0.8650547080564372,False
pre,endgame,max_user_min_insight_lexical_wordcount,Lexical (LIWC),190,0.004366454518736666,0.7043997385506113,-0.01819117233306694,0.026924081370540275,0.029383656906427524,0.00020788459982182337,0.013857308481647101,0.044910005331207946,0.8650547080564372,False
pre,endgame,min_user_max_positivity_zscore_conversation,Sentiment & emotion,190,-0.003695419675145484,0.7063200263855778,-0.022917373496732417,0.01552653414644145,-0.008967066975849872,0.4524229256751394,-0.03235747758213163,0.014423343630431889,0.8650547080564372,False
pre,endgame,max_achievement_lexical_wordcount,Lexical (LIWC),190,-0.00574004280352953,0.7096556587049815,-0.03595684488930048,0.024476759282241425,0.011862116504954586,0.18929286048236904,-0.005849305474490031,0.029573538484399205,0.8650547080564372,False
pre,endgame,max_tentativeness_lexical_wordcount,Lexical (LIWC),190,-0.0043461535822594665,0.7205435569951908,-0.02815809691957437,0.01946578975505544,0.019474924539799793,0.07278456408565256,-0.0017995110257127203,0.040749360105312306,0.8677676843845252,False
pre,endgame,mean_user_max_textblob_polarity,Sentiment & emotion,190,0.00374573305609358,0.7295142334894757,-0.017486485052746668,0.024977951164933825,-0.0055694326310299705,0.6735188394595726,-0.03147799506298279,0.020339129800922846,0.8677676843845252,False
pre,endgame,min_user_min_word_TTR,Volume & form,190,-0.0022691230176415888,0.7313395951079733,-0.01522230663333166,0.010684060598048481,0.003140053717891873,0.7520776941017662,-0.016341977851291496,0.02262208528707524,0.8677676843845252,False
pre,endgame,max_Impersonal_Pronoun_receptiveness_yeomans,Receptiveness,190,0.0037030617303638325,0.7371083690706349,-0.017918000307512456,0.02532412376824012,-0.017324886885505278,0.3121336916295784,-0.05091972770987622,0.016269953938865662,0.8677676843845252,False
pre,endgame,max_insight_lexical_wordcount,Lexical (LIWC),190,0.004060128315363749,0.737862342410794,-0.0197165376231508,0.0278367942538783,0.01413995039606894,0.20552794645170824,-0.007751599672590689,0.03603150046472857,0.8677676843845252,False
pre,endgame,max_user_min_neutral_bert,Sentiment & emotion,190,0.004938401298215153,0.7469819375040887,-0.02506297744287867,0.034939780039308976,0.03059405209627857,0.006615517250882008,0.008513049159073909,0.05267505503348323,0.8723495354068729,False
pre,endgame,stdev_user_max_present_tense_lexical_wordcount,Lexical (LIWC),190,-0.003818902927259933,0.7624204505116458,-0.028578469897694365,0.020940664043174503,0.022404024431316526,0.05520064951910004,-0.0004986140853593737,0.045306662947992425,0.8813561547413101,False
pre,endgame,min_user_max_info_exchange_zscore_conversation,Semantic dynamics,190,-0.0018103474925872996,0.7696688544110053,-0.013928236880420976,0.010307541895246377,-0.010588954721399636,0.3907937997285976,-0.034772694152894836,0.013594784710095564,0.8813561547413101,False
pre,endgame,max_user_min_first_person_plural_lexical_wordcount,Lexical (LIWC),190,0.0038043256191721744,0.7705269376780316,-0.021758603917523094,0.02936725515586744,,,,,0.8813561547413101,False
pre,endgame,min_user_max_certainty_rocklage,Sentiment & emotion,190,-0.004947362127568263,0.7768137806453831,-0.039153898476515854,0.029259174221379327,-0.005374659918943706,0.697175871652344,-0.032445277552519663,0.02169595771463225,0.8825027303930542,False
pre,endgame,stdev_user_min_first_pronouns_proportion,Semantic dynamics,190,0.0021772092753171743,0.7867471271523871,-0.013596053448361772,0.01795047199899612,0.004917597507039226,0.793636543913906,-0.03192733430970671,0.041762529323785165,0.882856600425374,False
pre,endgame,mean_user_max_positivity_zscore_conversation,Sentiment & emotion,190,-0.0024518492153567766,0.7876984039723397,-0.020296358042756535,0.015392659612042982,-0.01936173647098932,0.12411278777436907,-0.044039748061718086,0.005316275119739443,0.882856600425374,False
pre,endgame,stdev_user_max_forward_flow,Semantic dynamics,190,-0.0031419239038141637,0.7980304863287726,-0.027206533033274506,0.02092268522564618,0.03746612618453304,0.0017438048922083693,0.014010709174239938,0.060921543194826136,0.8884739414460335,False
pre,endgame,max_Positive_Emotion_receptiveness_yeomans,Receptiveness,190,0.0031008749459482347,0.8252318293260726,-0.024421887124412206,0.03062363701630868,0.01135590591585927,0.32474670058923827,-0.011245930157750692,0.03395774198946923,0.9126736125659214,False
pre,endgame,min_user_max_mimicry_bert,Semantic dynamics,190,-0.0023516391617452183,0.8360126575552729,-0.024618343833201342,0.019915065509710908,-0.0076256673191608115,0.5938489586005384,-0.03565298014458804,0.020401645506266417,0.9185139066561222,False
pre,endgame,variance_in_DD,Semantic dynamics,190,-0.002000121711290406,0.8465841810969637,-0.022261623281480968,0.018261379858900157,0.01885393779889332,0.013092230224041703,0.003961028782002713,0.03374684681578393,0.9240494002823068,False
pre,endgame,max_user_min_certainty_rocklage,Sentiment & emotion,190,-0.0021623588983937627,0.8544093303788703,-0.025259099412589997,0.020934381615802473,0.002705672504927127,0.8222826691304034,-0.020904229942257227,0.02631557495211148,0.9265347933329308,False
pre,endgame,stdev_user_min_positive_words_lexical_wordcount,Lexical (LIWC),190,0.0015804331845132053,0.8803223548937524,-0.018993292044949282,0.022154158413975694,0.018322413453384832,0.07076197332118075,-0.00155098526890083,0.038195812175670495,0.9434453135518095,False
pre,endgame,stdev_user_max_Positive_Emotion_receptiveness_yeomans,Receptiveness,190,0.002056740240498394,0.8867103365946373,-0.026238288678840496,0.030351769159837283,0.023124465677420287,0.04616198089654474,0.00039368113799829324,0.04585525021684228,0.9434453135518095,False
pre,endgame,max_user_min_First_Person_Plural_receptiveness_yeomans,Receptiveness,190,0.0018258935063752305,0.89111499729708,-0.024316225679465175,0.02796801269221564,0.003724545479030758,0.7260326493332885,-0.017108250844458855,0.024557341802520373,0.9434453135518095,False
pre,endgame,max_user_min_First_Person_Single_receptiveness_yeomans,Receptiveness,190,0.0014907579475600184,0.8926009553364426,-0.020150227387072357,0.023131743282192394,0.007442414263882723,0.5147659221121781,-0.014949491005862337,0.029834319533627782,0.9434453135518095,False
pre,endgame,max_article_lexical_wordcount,Lexical (LIWC),190,-0.0014311781900419648,0.8997010247316016,-0.02368664600493285,0.020824289624848925,0.009678192531690845,0.399437896691446,-0.012833478027173726,0.032189863090555416,0.9449690008187263,False
pre,endgame,stdev_user_max_positive_words_lexical_wordcount,Lexical (LIWC),190,-0.0013032020902563784,0.9103964667075377,-0.023999699573351317,0.02139329539283856,0.007342025283336986,0.5502363395113525,-0.016745621631502214,0.03142967219817618,0.9502263121259925,False
pre,endgame,stdev_user_max_social_lexical_wordcount,Lexical (LIWC),190,0.0010163234319643985,0.9210624375158203,-0.019085064968600567,0.021117711832529362,0.019704963425046323,0.08955774831269105,-0.0030435890618731587,0.042453515911965806,0.9553877457462234,False
pre,endgame,stdev_user_max_info_exchange_zscore_conversation,Semantic dynamics,190,-0.0005459438267888814,0.9373607510427104,-0.01416172995615744,0.013069842302579678,0.0034770879175140303,0.7826054534472209,-0.021221507962517695,0.028175683797545755,0.9638281986797128,False
pre,endgame,stdev_user_min_Positive_Emotion_receptiveness_yeomans,Receptiveness,190,0.0010808670597239264,0.9407424933221149,-0.027417319571502504,0.029579053690950357,0.024671177778061878,0.027235207014552995,0.002772730563005296,0.04656962499311846,0.9638281986797128,False
pre,endgame,stdev_user_max_verbs_lexical_wordcount,Lexical (LIWC),190,0.0004775192208166601,0.9689249094305505,-0.0235471141289255,0.024502152570558818,0.03039407159330074,0.0021409386104025746,0.010989434579164178,0.049798708607437306,0.9821899693590836,False
pre,endgame,max_user_min_first_pronouns_proportion,Semantic dynamics,190,0.00038515109605042654,0.970600240063594,-0.020097076911548245,0.020867379103649095,-0.0037460446546438396,0.785380401572733,-0.030707955961227357,0.023215866651939678,0.9821899693590836,False
pre,endgame,min_user_max_relative_lexical_wordcount,Lexical (LIWC),190,-0.000513552910360908,0.9798119663979288,-0.040290640534528986,0.039263534713807176,-0.04057181880642412,0.037081457478185496,-0.07871302318090498,-0.0024306144319432635,0.9821899693590836,False
pre,endgame,stdev_user_min_conjunction_lexical_wordcount,Lexical (LIWC),190,0.00021562863447051206,0.9821899693590836,-0.01871625598498965,0.019147513253930677,0.01648555769275917,0.09034396133379184,-0.0025929523137404147,0.03556406769925875,0.9821899693590836,False
pre,middle,stdev_user_min_conjunction_lexical_wordcount,Lexical (LIWC),715,-0.02256067771718392,3.8761370168212824e-05,-0.03330694616210971,-0.01181440927225813,-0.004634604468807552,0.4621526656668764,-0.01698816600025744,0.007718957062642336,0.006511910188259755,False
pre,middle,stdev_user_max_conjunction_lexical_wordcount,Lexical (LIWC),715,-0.02698586200575957,8.152384722873178e-05,-0.0404104779101796,-0.01356124610133954,-0.004908400567962907,0.4369690704920439,-0.0172846019652533,0.007467800829327488,0.00684800316721347,False
pre,middle,max_conjunction_lexical_wordcount,Lexical (LIWC),715,-0.020046090703402637,0.00035371317955397376,-0.03104416568736052,-0.009048015719444752,-0.006106076273386259,0.35516775480080187,-0.019049547951618697,0.006837395404846178,0.019807938055022532,False
pre,middle,max_user_min_conjunction_lexical_wordcount,Lexical (LIWC),715,-0.01732787066544955,0.0011024229556498438,-0.0277361074726797,-0.006919633858219396,-0.006765754896637467,0.3038891702034464,-0.01966358820107471,0.006132078407799778,0.03493917250322756,False
pre,middle,max_time_diff,Participation & timing,715,-0.023969091282396226,0.0011419941884007181,-0.03841076618316598,-0.009527416381626472,-0.005195105254167471,0.5639860142027939,-0.02284404037089548,0.01245382986256054,0.03493917250322756,False
pre,middle,stdev_user_max_preposition_lexical_wordcount,Lexical (LIWC),715,-0.02190907356786457,0.001332712132548785,-0.035291162735845406,-0.008526984399883732,-0.0011074140978213282,0.8761542149428837,-0.015034549133353838,0.012819720937711181,0.03493917250322756,False
pre,middle,stdev_user_max_social_lexical_wordcount,Lexical (LIWC),715,-0.01882073595835537,0.0014557988543011484,-0.03040850574065043,-0.007232966176060309,-0.004909832219842092,0.3430246223757887,-0.015058570892364148,0.0052389064526799645,0.03493917250322756,False
pre,middle,turn_taking_index,Participation & timing,715,-0.024719063097202554,0.001704754037593252,-0.040161485979916825,-0.009276640214488282,0.0016347720191168987,0.8058737262340324,-0.011403111825132598,0.014672655863366395,0.03579983478945829,False
pre,middle,stdev_user_max_negative_bert,Sentiment & emotion,715,-0.01982071842715897,0.002036523413168556,-0.032413826164946105,-0.007227610689371831,-9.760844983661553e-05,0.9871715817502584,-0.011995876392271697,0.011800659492598467,0.036589006382787496,False
pre,middle,discursive_diversity,Semantic dynamics,715,-0.02230415224822888,0.0021779170465944936,-0.03656768234746022,-0.00804062214899754,0.00224337939831382,0.7449842393356332,-0.011274857428847521,0.015761616225475162,0.036589006382787496,False
pre,middle,max_user_min_forward_flow,Semantic dynamics,715,-0.023709037679161674,0.002422918158424024,-0.03903110893467289,-0.008386966423650456,0.0012598191856228813,0.855951651081793,-0.012342347558893338,0.014861985930139099,0.037004568237748725,False
pre,middle,min_user_max_relative_lexical_wordcount,Lexical (LIWC),715,0.02024521824135198,0.0038403487384555926,0.006519833671518755,0.033970602811185205,-0.0031846835137211153,0.5978776818421856,-0.015018613218752997,0.008649246191310767,0.0537648823383783,False
pre,middle,stdev_user_max_Impersonal_Pronoun_receptiveness_yeomans,Receptiveness,715,-0.016974074782200033,0.0045477709694609495,-0.02869895440577567,-0.005249195158624395,-0.004536453347481111,0.43491943179724823,-0.015923840109737467,0.006850933414775245,0.05877119406687996,False
pre,middle,stdev_user_max_relative_lexical_wordcount,Lexical (LIWC),715,-0.018021554819457945,0.005296859562319107,-0.03068887640426974,-0.005354233234646148,-0.0068989153656994606,0.24722795433172928,-0.018584615851354187,0.0047867851199552645,0.06081380482361847,False
pre,middle,stdev_user_max_cognitive_mech_lexical_wordcount,Lexical (LIWC),715,-0.01810609460779158,0.005429804002108792,-0.030869637994221114,-0.005342551221362048,-0.005607236573324787,0.33901305233951173,-0.017101624853318363,0.00588715170666879,0.06081380482361847,False
pre,middle,stdev_user_max_num_chars,Volume & form,715,-0.019878442447224358,0.00638210994628708,-0.034163094626323456,-0.005593790268125258,-0.0038355115999425472,0.5890577447238755,-0.017751537130256102,0.010080513930371007,0.06429652533379082,False
pre,middle,stdev_user_max_present_tense_lexical_wordcount,Lexical (LIWC),715,-0.01684230885227257,0.00650619601591931,-0.02897347887794635,-0.004711138826598786,-0.0037210676525148458,0.5486534118656028,-0.015880807186564354,0.008438671881534663,0.06429652533379082,False
pre,middle,stdev_user_max_quantifier_lexical_wordcount,Lexical (LIWC),715,-0.015336334526948686,0.007373872115222404,-0.0265544704923731,-0.0041181985615242715,0.001893835506454019,0.7642607311923352,-0.010483516230042886,0.014271187242950924,0.06882280640874244,False
pre,middle,max_forward_flow,Semantic dynamics,715,-0.019909293376314738,0.00812552721769315,-0.034652140486790675,-0.005166446265838797,0.00014940390991828072,0.9828338049079965,-0.013460108416125152,0.013758916235961713,0.07030383661251555,False
pre,middle,min_textblob_subjectivity,Sentiment & emotion,715,0.01807814247741303,0.008369504358632802,0.0046403901817935675,0.031515894773032495,0.006910473240086706,0.25756640285380317,-0.005052726956662118,0.01887367343683553,0.07030383661251555,False
pre,middle,max_social_lexical_wordcount,Lexical (LIWC),715,-0.014687593518393324,0.009150930241636495,-0.025732543633394434,-0.003642643403392213,-0.011541677476745525,0.026140405832970743,-0.021712566344915703,-0.0013707886085753476,0.07051578229876428,False
pre,middle,gini_coefficient_sum_num_chars,Participation & timing,715,-0.021209739628149243,0.00923420958674294,-0.037178308920615376,-0.00524117033568311,0.0018204960521626544,0.7723012414220498,-0.010510273909877663,0.014151266014202971,0.07051578229876428,False
pre,middle,min_user_max_textblob_subjectivity,Sentiment & emotion,715,0.015372215270354287,0.009861524466140024,0.0036972424755609464,0.02704718806514763,0.006705021851725035,0.26601965622636103,-0.005110036326044241,0.01852008002949431,0.07089799112920235,False
pre,middle,max_Impersonal_Pronoun_receptiveness_yeomans,Receptiveness,715,-0.015227666341068787,0.010343505986186689,-0.026867360089959456,-0.0035879725921781173,-0.004323111177962378,0.43844105658774746,-0.015258619027052864,0.00661239667112811,0.07089799112920235,False
pre,middle,sum_num_messages,Volume & form,715,-0.02541565315607261,0.010942729767461475,-0.04499251564371542,-0.005838790668429801,-0.0005452790358225086,0.9239657106895207,-0.011743229770631261,0.010652671698986243,0.07089799112920235,False
pre,middle,sum_num_chars,Volume & form,715,-0.019844006983763565,0.010972308150947983,-0.03513487515848986,-0.004553138809037268,-0.0066501096423141675,0.3350027444884598,-0.020169623043329747,0.006869403758701413,0.07089799112920235,False
pre,middle,info_diversity,Semantic dynamics,715,-0.02137119093434083,0.012611379349434506,-0.038162441887740255,-0.004579939980941403,0.00569372487542868,0.25526347566208674,-0.004115461545601835,0.015502911296459195,0.0784708048409258,False
pre,middle,mean_user_max_forward_flow,Semantic dynamics,715,-0.019976889085190193,0.014651339253281548,-0.036017788563073604,-0.003935989607306782,-0.001556893861314644,0.8195040766940713,-0.014929746408983108,0.011815958686353822,0.08790803551968929,False
pre,middle,max_tentativeness_lexical_wordcount,Lexical (LIWC),715,-0.011931700192174259,0.016824804132499392,-0.021714408803831933,-0.0021489915805165856,0.010957101857893357,0.03777823049863233,0.0006186756722016476,0.021295528043585067,0.09432454038482717,False
pre,middle,min_user_max_certainty_rocklage,Sentiment & emotion,715,0.010347064152991952,0.016843667925861994,0.0018621257552893494,0.018832002550694553,-0.020009369738524446,7.483217491386602e-05,-0.02991187761279772,-0.010106861864251172,0.09432454038482717,False
pre,middle,stdev_user_max_forward_flow,Semantic dynamics,715,-0.014490587607542238,0.018073889638191194,-0.026504046890562568,-0.002477128324521908,0.0030976910970201724,0.6540158619554239,-0.01044870420166232,0.016644086395702664,0.09761293335432554,False
pre,middle,max_first_pronouns_proportion,Semantic dynamics,715,-0.012152148555686774,0.018592939686538197,-0.0222718974476754,-0.0020323996636981492,-0.007147270817498974,0.1844050842064232,-0.01770121762778916,0.0034066759927912135,0.09761293335432554,False
pre,middle,max_user_min_function_word_accommodation,Semantic dynamics,715,-0.010822843889908906,0.020341605805659344,-0.019966166027004312,-0.0016795217528134988,-0.008200943210064518,0.14634058665743,-0.019266468462504863,0.0028645820423758243,0.1035572659197203,False
pre,middle,min_user_max_verbs_lexical_wordcount,Lexical (LIWC),715,0.015318989668723566,0.02222228489398649,0.002187980499420754,0.028449998838026378,-0.005639469303126416,0.38473953278554374,-0.018355988218754053,0.007077049612501222,0.10460608272217292,False
pre,middle,max_negative_bert,Sentiment & emotion,715,-0.013015558014949268,0.02323555643113648,-0.024255736192321298,-0.0017753798375772373,-0.007594505356629967,0.23316329606334563,-0.020079268598484527,0.004890257885224591,0.10460608272217292,False
pre,middle,stdev_user_min_tentativeness_lexical_wordcount,Lexical (LIWC),715,-0.010685051236919655,0.02342090338182383,-0.019924995272754598,-0.0014451072010847124,0.0072374870297177265,0.13105093773529206,-0.0021568775630039115,0.016631851622439364,0.10460608272217292,False
pre,middle,min_textblob_polarity,Sentiment & emotion,715,0.013156228238259451,0.024081757735979578,0.0017254818050915343,0.02458697467142737,0.015058119968318472,0.004180855729609136,0.004753832008747599,0.025362407927889345,0.10460608272217292,False
pre,middle,stdev_user_max_dale_chall_score,Volume & form,715,-0.013816691929442694,0.02414493934560306,-0.025826642989912375,-0.0018067408689730127,-0.0001725652012066711,0.9722962354747292,-0.009911586068006595,0.009566455665593254,0.10460608272217292,False
pre,middle,max_user_max_word_TTR,Volume & form,715,-0.010065127495520318,0.025468967359565997,-0.018894757775154092,-0.001235497215886545,0.003779350750324403,0.42314531351776663,-0.005468601419152004,0.01302730291980081,0.10460608272217292,False
pre,middle,gini_coefficient_sum_num_messages,Participation & timing,715,-0.01959642035173728,0.025512979367705746,-0.036792521559082386,-0.0024003191443921768,-0.00529550256046431,0.38579490413998363,-0.01726295454596875,0.006671949425040131,0.10460608272217292,False
pre,middle,within_person_disc_range,Semantic dynamics,715,-0.01970036828608026,0.025528865426244583,-0.03698955158690866,-0.002411184985251856,0.0009545162131019323,0.8749017167721147,-0.01092856351224826,0.012837595938452125,0.10460608272217292,False
pre,middle,max_First_Person_Single_receptiveness_yeomans,Receptiveness,715,-0.009879113277808107,0.03244826572596875,-0.018931995056654036,-0.000826231498962179,-0.009323027358641484,0.15133419613650068,-0.022058151032262656,0.003412096314979688,0.129793062903875,False
pre,middle,min_certainty_rocklage,Sentiment & emotion,715,0.009668417895181268,0.03453101525639804,0.000703704814008603,0.018633130976353933,-0.015711268617360722,0.0012763194278059033,-0.025270757353598898,-0.006151779881122548,0.13198251913320433,False
pre,middle,stdev_user_max_info_exchange_zscore_conversation,Semantic dynamics,715,-0.01147415180642087,0.034745886544314215,-0.022125809079355577,-0.0008224945334861615,0.0030514095401479933,0.6379797194784351,-0.009659175898377188,0.015761994978673175,0.13198251913320433,False
pre,middle,min_positivity_zscore_chats,Sentiment & emotion,715,0.013189601629265005,0.0353524604821083,0.0009046761231848947,0.025474527135345114,,,,,0.13198251913320433,False
pre,middle,min_user_min_verbs_lexical_wordcount,Lexical (LIWC),715,0.01537791223218402,0.037917636311688645,0.0008577428506604985,0.029898081613707543,-0.003784947903559897,0.5680795214137955,-0.016779506202782145,0.009209610395662352,0.13848180218181938,False
pre,middle,min_user_max_preposition_lexical_wordcount,Lexical (LIWC),715,0.015843832705782664,0.03940999659012111,0.000768518262984191,0.030919147148581134,-0.0028299677010197245,0.6624471751646392,-0.015535958330331112,0.009876022928291664,0.14086977504553927,False
pre,middle,max_mimicry_bert,Semantic dynamics,715,-0.022688796491032087,0.041919831563359496,-0.04454835162106748,-0.0008292413609966923,-0.003137990813049235,0.6330110404280906,-0.016018489212635885,0.009742507586537413,0.14671941047175824,False
pre,middle,stdev_user_max_textblob_polarity,Sentiment & emotion,715,-0.01614766181876093,0.04343709773762633,-0.031819417381326834,-0.00047590625619502516,-0.002698004882696915,0.5986782229203713,-0.012745448994583894,0.007349439229190063,0.14892719224329026,False
pre,middle,stdev_user_min_neutral_bert,Sentiment & emotion,715,-0.014074145328808518,0.04886853653737477,-0.02807846161950089,-6.982903811614607e-05,0.004168763381804814,0.49203188894961636,-0.00772303672215832,0.016060563485767947,0.15888345879512347,False
pre,middle,stdev_user_max_textblob_subjectivity,Sentiment & emotion,715,-0.01447575507071665,0.049655566070010974,-0.028929716760286574,-2.179338114672441e-05,-0.002215422564953608,0.6862806811734516,-0.012965773979256892,0.008534928849349676,0.15888345879512347,False
pre,middle,max_preposition_lexical_wordcount,Lexical (LIWC),715,-0.011067317921470485,0.049871032814741215,-0.02212840249956052,-6.233343380450396e-06,-0.003049063188029392,0.6541867368694103,-0.016389853426078897,0.010291727050020115,0.15888345879512347,False
pre,middle,stdev_user_min_positivity_zscore_conversation,Sentiment & emotion,715,-0.011174161731235433,0.05012394831036633,-0.022354365919207378,6.042456736510965e-06,0.006099716773527,0.3151582874903044,-0.005802457954535025,0.018001891501589026,0.15888345879512347,False
pre,middle,min_user_max_cognitive_mech_lexical_wordcount,Lexical (LIWC),715,0.01423641511984843,0.055115953778850986,-0.00031177464679875075,0.02878460488649561,-0.0028891134077450526,0.6271456597675626,-0.014546506032404875,0.008768279216914771,0.17147185620086972,False
pre,middle,max_argue_lexical_wordcount,Lexical (LIWC),715,-0.009395881797178908,0.05673204931786092,-0.01906098316170639,0.00026921956734857547,0.001021242586714187,0.8817273576107311,-0.012432184081129737,0.01447466925455811,0.17329062337092063,False
pre,middle,mean_user_mean_positivity_zscore_conversation,Sentiment & emotion,715,-0.008670224971475541,0.062429693667496795,-0.01779057748083971,0.00045012753788862755,-0.002660886350406253,0.5891283782967962,-0.012316960634714332,0.006995187933901825,0.18534884204351096,False
pre,middle,max_function_word_accommodation,Semantic dynamics,715,-0.009469197486280388,0.06288621426476265,-0.019447334356693633,0.0005089393841328574,-0.005448070997224685,0.3528580155585972,-0.016941433587383828,0.006045291592934459,0.18534884204351096,False
pre,middle,min_user_max_nltk_english_stopwords_lexical_wordcount,Lexical (LIWC),715,0.015498729799821994,0.06445234133427402,-0.0009297881519802157,0.031927247751624206,-0.006695288687978167,0.311582730821944,-0.019663407652688557,0.006272830276732221,0.18668954041651786,False
pre,middle,min_auxiliary_verbs_lexical_wordcount,Lexical (LIWC),715,0.013496490152254955,0.07011588454156892,-0.0011088541643419648,0.028101834468851873,2.024353930023716e-05,0.9974742139618382,-0.012513399277277246,0.012553886355877722,0.19929538377605513,False
pre,middle,min_user_max_positivity_zscore_chats,Sentiment & emotion,715,0.01119291454447551,0.07117692277716255,-0.0009653394569456315,0.023351168545896653,,,,,0.19929538377605513,False
pre,middle,min_user_max_auxiliary_verbs_lexical_wordcount,Lexical (LIWC),715,0.012712777971951226,0.07575822872234839,-0.0013180448632172381,0.02674360080711969,-0.002412655878431275,0.7113001172141244,-0.015189158879338966,0.010363847122476415,0.20805569235485466,False
pre,middle,stdev_user_max_verbs_lexical_wordcount,Lexical (LIWC),715,-0.011849528626997587,0.07719376832928539,-0.024991545992588418,0.0012924887385932435,-0.0016638851195245313,0.8021661923923922,-0.014680148374406832,0.01135237813535777,0.20805569235485466,False
pre,middle,min_user_max_num_chars,Volume & form,715,0.01715391221320229,0.0780208846330705,-0.0019241707124387983,0.03623199513884338,-0.013061989517966614,0.04568490484639474,-0.02587343865257829,-0.0002505403833549403,0.20805569235485466,False
pre,middle,min_user_max_info_exchange_zscore_conversation,Semantic dynamics,715,0.009383514808747127,0.08432256890181068,-0.0012711083384168362,0.02003813795591109,-0.007229028395482154,0.25494465027977686,-0.019674892397077454,0.005216835606113144,0.22134674336725305,False
pre,middle,stdev_user_min_first_pronouns_proportion,Semantic dynamics,715,-0.009396341485987312,0.08746321517169789,-0.020172938591353995,0.0013802556193793693,-0.005888324540148166,0.2923776030290689,-0.016849178822878452,0.005072529742582122,0.22605877152069606,False
pre,middle,min_positivity_zscore_conversation,Sentiment & emotion,715,0.007532701195528052,0.09715669495750186,-0.0013676178925967957,0.0164330202836529,0.001485383987253427,0.7980142365540448,-0.009890526712154703,0.012861294686661556,0.24730795080091383,False
pre,middle,max_user_min_neutral_bert,Sentiment & emotion,715,-0.011437581287294054,0.09961462423047218,-0.025050813678746377,0.0021756511041582677,-0.004852834737124063,0.47339311835863773,-0.018118929949729592,0.008413260475481465,0.24777154143596308,False
pre,middle,max_user_min_First_Person_Single_receptiveness_yeomans,Receptiveness,715,-0.007157405325869453,0.10060138335418105,-0.015701087274952934,0.0013862766232140278,-0.006695780094555814,0.3091197893567983,-0.01959900069797366,0.006207440508862031,0.24777154143596308,False
pre,middle,max_content_word_accommodation_per_conv,Semantic dynamics,715,-0.014913347242627079,0.10176331166119912,-0.03277588484005323,0.0029491903547990694,-0.009052275260620928,0.19813302471658745,-0.022839117220418738,0.004734566699176884,0.24777154143596308,False
pre,middle,stdev_user_max_auxiliary_verbs_lexical_wordcount,Lexical (LIWC),715,-0.00991306956611363,0.10505715380498334,-0.021900403104247422,0.002074263972020162,-0.007889139389932109,0.311181286939472,-0.023156958045045924,0.007378679265181704,0.25213716913196,False
pre,middle,stdev_user_min_inclusive_lexical_wordcount,Lexical (LIWC),715,-0.008982699469871978,0.10844642504217017,-0.01995055351551124,0.001985154575767284,-0.0052305291672599865,0.35417336489611106,-0.016295154583498297,0.0058340962489783245,0.25660562545189564,False
pre,middle,max_user_min_content_word_accommodation_per_conv,Semantic dynamics,715,-0.011622394717488478,0.1132139020791627,-0.026004181653565352,0.002759392218588397,-0.004106559969920677,0.5608295253207336,-0.01794523554337404,0.009732115603532689,0.2641657715180463,False
pre,middle,min_num_chars,Volume & form,715,0.016340649429868265,0.13420095266273024,-0.005042965679588882,0.03772426453932541,-0.01221926870963024,0.06371222030137415,-0.025135608506610074,0.0006970710873495933,0.30884602804573535,False
pre,middle,max_user_min_first_pronouns_proportion,Semantic dynamics,715,-0.008138403720142868,0.14054491189109028,-0.018961689431897643,0.0026848819916119072,-0.007084465808591599,0.1932416015745343,-0.01775685039722862,0.0035879187800454205,0.3163414498093292,False
pre,middle,max_num_chars,Volume & form,715,-0.008584940380390113,0.14317463252272394,-0.020077673606461066,0.002907792845680839,-0.013074592157036222,0.08714640238890116,-0.028054736090518423,0.0019055517764459788,0.3163414498093292,False
pre,middle,stdev_user_max_positivity_zscore_chats,Sentiment & emotion,715,-0.011040341386125519,0.14470192014012,-0.02587656040539206,0.00379587763314102,,,,,0.3163414498093292,False
pre,middle,max_user_min_positivity_zscore_conversation,Sentiment & emotion,715,-0.008185534233542867,0.14498983116260922,-0.019193292727527587,0.0028222242604418538,0.0066353597645979635,0.2584490139056318,-0.00487289065670141,0.018143610185897337,0.3163414498093292,False
pre,middle,variance_in_DD,Semantic dynamics,715,-0.008851817069710641,0.15102820181796595,-0.020934226994584068,0.003230592855162785,0.004014169491823236,0.2757233264471296,-0.003203990582118457,0.01123232956576493,0.3174579518121299,False
pre,middle,max_first_person_singular_lexical_wordcount,Lexical (LIWC),715,-0.008810662635935511,0.15154575047326907,-0.02085212892284117,0.003230803650970145,-0.00834481505589176,0.23767565109299782,-0.02219585607453304,0.005506225962749517,0.3174579518121299,False
pre,middle,stdev_user_max_certainty_rocklage,Sentiment & emotion,715,-0.009086763005193548,0.15375966082253337,-0.021572755883312027,0.0033992298729249287,-0.013387469346106495,0.08192751670998168,-0.028470710588160107,0.001695771895947119,0.3174579518121299,False
pre,middle,max_present_tense_lexical_wordcount,Lexical (LIWC),715,-0.008388636639192223,0.15577443650294673,-0.01997177586868018,0.0031945025902957325,-0.008162694185126818,0.25419436263757367,-0.02219382563075995,0.005868437260506315,0.3174579518121299,False
pre,middle,min_nltk_english_stopwords_lexical_wordcount,Lexical (LIWC),715,0.012780185345227492,0.15660803409524454,-0.004902430877098615,0.0304628015675536,-0.004324922972932294,0.5131515872615866,-0.01728745149229344,0.008637605546428853,0.3174579518121299,False
pre,middle,min_cognitive_mech_lexical_wordcount,Lexical (LIWC),715,0.011497549938180794,0.15909594402510374,-0.004505919682031548,0.02750101955839314,-0.002280214626041701,0.6939871719035386,-0.013639063108503352,0.009078633856419951,0.3174579518121299,False
pre,middle,max_Positive_Emotion_receptiveness_yeomans,Receptiveness,715,0.007235575387549667,0.15962613659906655,-0.0028484493550803534,0.017319600130179687,0.004863855986026399,0.36420538274769676,-0.005642186285529258,0.015369898257582056,0.3174579518121299,False
pre,middle,max_dale_chall_score,Volume & form,715,-0.007701208379160931,0.16451110753368137,-0.018559809534331718,0.0031573927760098555,-0.006189600005504692,0.24023531810263943,-0.01651947508149651,0.004140275070487127,0.3174579518121299,False
pre,middle,team_burstiness,Participation & timing,715,0.006885884774791968,0.16472707860516278,-0.002828089066465496,0.016599858616049432,-0.003955425350992146,0.5273159374466159,-0.016219918563462596,0.008309067861478302,0.3174579518121299,False
pre,middle,max_textblob_polarity,Sentiment & emotion,715,-0.010790168771636327,0.16477323408580224,-0.02601361168624025,0.004433274142967597,0.009048962597792537,0.06697941932972556,-0.0006330570552746488,0.018730982250859722,0.3174579518121299,False
pre,middle,stdev_user_max_positive_affect_lexical_wordcount,Lexical (LIWC),715,-0.009624635494414233,0.16628749856825853,-0.023252367029630794,0.00400309604080233,0.005320952442423035,0.29957578039367083,-0.004732491508337448,0.015374396393183519,0.3174579518121299,False
pre,middle,max_user_min_tentativeness_lexical_wordcount,Lexical (LIWC),715,-0.0070523986238687384,0.17224738657841676,-0.01717859997151862,0.0030738027237811405,0.010604484655890825,0.03151517323740511,0.0009395949646519713,0.02026937434712968,0.3251411342154384,False
pre,middle,mean_user_max_textblob_subjectivity,Sentiment & emotion,715,0.007051620723773546,0.17915555597463195,-0.003236705992444919,0.01733994743999201,0.005763961039792058,0.35186475260256167,-0.006370752719562297,0.017898674799146412,0.33442370448597963,False
pre,middle,min_user_max_negative_bert,Sentiment & emotion,715,0.008692827656985763,0.19623710424321905,-0.00449065403651343,0.021876309350484957,-0.011032957727375,0.07831002458430406,-0.023315408201245585,0.0012494927464955854,0.36228388475671214,False
pre,middle,stdev_user_min_first_person_lexical_wordcount,Lexical (LIWC),715,-0.008835916115871,0.20022891441727608,-0.022356161285105848,0.004684329053363849,-0.005875389974501051,0.371184326861004,-0.01875261761573368,0.007001837666731578,0.3656354089358954,False
pre,middle,max_inclusive_lexical_wordcount,Lexical (LIWC),715,-0.007011853107950265,0.2090022855522281,-0.017950984334542897,0.003927278118642364,-0.0065968937392192626,0.20278623693562947,-0.01674853542952722,0.003554747951088697,0.3761200811213814,False
pre,middle,max_cognitive_mech_lexical_wordcount,Lexical (LIWC),715,-0.007253530994556845,0.21153787093505438,-0.01863279532490106,0.0041257333357873705,-0.005850964769666971,0.37287135879992406,-0.018719980903329846,0.007018051363995904,0.3761200811213814,False
pre,middle,stdev_user_min_Positive_Emotion_receptiveness_yeomans,Receptiveness,715,0.0070661359016153035,0.21268695063411447,-0.004047048099356308,0.018179319902586914,0.0069651247506083746,0.20217941683074636,-0.0037387706588282886,0.017669020160045037,0.3761200811213814,False
pre,middle,mean_user_min_certainty_rocklage,Sentiment & emotion,715,0.0084780400487107,0.22156337851503005,-0.005115631544755181,0.02207171164217658,-0.020149525534124194,0.00037500970902907345,-0.03125200847820632,-0.009047042590042067,0.3877359124013026,False
pre,middle,stdev_user_min_argue_lexical_wordcount,Lexical (LIWC),715,-0.00618454310189291,0.22693370191173978,-0.01621643009442892,0.0038473438906431023,0.0028620608459650823,0.6595697847464754,-0.009872205323291248,0.015596327015221413,0.39182303271233115,False
pre,middle,mean_user_min_positivity_zscore_conversation,Sentiment & emotion,715,-0.007133432219135092,0.22856343574885984,-0.018745130565654192,0.004478266127384008,0.005650356658932565,0.35485666402262495,-0.00631935304876572,0.01762006636663085,0.39182303271233115,False
pre,middle,stdev_user_min_quantifier_lexical_wordcount,Lexical (LIWC),715,-0.005532538965521455,0.237270717453678,-0.01470773388308022,0.003642655952037311,0.005952980546449469,0.2902059344985507,-0.005078463946156957,0.016984425039055895,0.40264121749715054,False
pre,middle,max_user_min_argue_lexical_wordcount,Lexical (LIWC),715,-0.0057655755309359066,0.2415013994097963,-0.015413724722434472,0.0038825736605626587,0.0035809977666780746,0.5762424223890672,-0.008977341448170648,0.016139336981526798,0.4057223510084578,False
pre,middle,stdev_user_mean_info_exchange_zscore_conversation,Semantic dynamics,715,-0.006571412025820512,0.2457444871321005,-0.017667475426195876,0.004524651374554851,0.002208463701823643,0.7440070398446308,-0.011046743247249783,0.01546367065089707,0.40876310730884047,False
pre,middle,max_user_min_certainty_lexical_wordcount,Lexical (LIWC),715,-0.005686395335182432,0.2535179124573037,-0.015447017270609206,0.004074226600244343,-0.013869307696924758,0.044445377590788024,-0.02739426117511117,-0.0003443542187383467,0.41755891463555905,False
pre,middle,max_achievement_lexical_wordcount,Lexical (LIWC),715,0.007598391190835927,0.2624095413867057,-0.005690075438541962,0.020886857820213815,-0.002085163137346528,0.7135361965057943,-0.01321761153412405,0.009047285259430994,0.42800779565986946,False
pre,middle,stdev_user_max_adverbs_lexical_wordcount,Lexical (LIWC),715,-0.006388138041699689,0.27168875267420833,-0.01777890150814595,0.005002625424746571,-0.004627100442724167,0.4312109877013287,-0.01614877150097476,0.006894570615526429,0.4388818312429519,False
pre,middle,min_negative_bert,Sentiment & emotion,715,0.007207135082149673,0.2875940524177034,-0.006076232921008431,0.02049050308530778,-0.011983918998288167,0.06635014501596864,-0.0247766204487719,0.0008087824521955684,0.45801942495684006,False
pre,middle,max_user_min_inclusive_lexical_wordcount,Lexical (LIWC),715,-0.00592541500431689,0.2927313874784707,-0.016963399794001906,0.005112569785368128,-0.006070404080506402,0.26725786063137835,-0.016794920305606167,0.0046541121445933635,0.45801942495684006,False
pre,middle,mean_user_min_info_exchange_zscore_conversation,Semantic dynamics,715,-0.005551507151047538,0.29490228113870065,-0.01593957714520533,0.004836562843110254,0.005211970406808675,0.46138354418563865,-0.008656727113093095,0.019080667926710447,0.45801942495684006,False
pre,middle,max_user_min_first_person_plural_lexical_wordcount,Lexical (LIWC),715,-0.00650467390033335,0.29701080540270364,-0.01872957946912121,0.00572023166845451,0.002049871663329419,0.7185372007061,-0.009097501347721245,0.013197244674380083,0.45801942495684006,False
pre,middle,stdev_user_mean_positivity_zscore_conversation,Sentiment & emotion,715,-0.006044220351777424,0.29716736500175933,-0.01740743012686916,0.00531898942331431,0.00748845890367033,0.2294785054315316,-0.004725129803766538,0.0197020476111072,0.45801942495684006,False
pre,middle,max_certainty_lexical_wordcount,Lexical (LIWC),715,-0.006178365098946513,0.32076804112668933,-0.018374565203836235,0.0060178350059432095,-0.01134198463893933,0.10187515726610485,-0.024931343241963663,0.0022473739640850032,0.48990028099348915,False
pre,middle,max_positive_affect_lexical_wordcount,Lexical (LIWC),715,-0.005299729251172539,0.3476145679819447,-0.01635912829623204,0.005759669793886963,0.000730120887397887,0.898942545254701,-0.01053792010274209,0.011998161877537864,0.5261193461348352,False
pre,middle,max_user_min_percept_lexical_wordcount,Lexical (LIWC),715,0.004374850404266648,0.35238545305978897,-0.004845370133773892,0.013595070942307188,0.0014917326335539018,0.7718248494596163,-0.008590528508376686,0.011573993775484489,0.5285781795896835,False
pre,middle,mean_user_max_neutral_bert,Sentiment & emotion,715,-0.00635931033695252,0.36865201477044895,-0.020223606683218064,0.0075049860093130225,-0.00815987836832547,0.24375299352777235,-0.021880091382375195,0.005560334645724255,0.5435363599637647,False
pre,middle,mean_user_max_info_exchange_zscore_conversation,Semantic dynamics,715,0.00534965394093796,0.36882824426112604,-0.00631772597296349,0.01701703385483941,-0.004945163769473568,0.4757949701205302,-0.018537347911828334,0.008647020372881196,0.5435363599637647,False
pre,middle,max_relative_lexical_wordcount,Lexical (LIWC),715,-0.004687808070347653,0.3777806854916774,-0.015105052619662001,0.005729436478966695,-0.007660074044163287,0.2236361065212431,-0.019997381589392266,0.00467723350106569,0.5483936690174637,False
pre,middle,min_user_max_social_lexical_wordcount,Lexical (LIWC),715,0.0067142645993552245,0.3786527714644392,-0.008233481870824597,0.021662011069535046,-0.01044766926731745,0.09555306561924239,-0.022732878436450568,0.0018375399018156664,0.5483936690174637,False
pre,middle,stdev_user_min_num_question_naive,Questions & repair,715,-0.003967905894063637,0.3842533549307361,-0.012906047387682473,0.0049702355995552,0.0033970219246511756,0.5005618447168151,-0.00648715478692473,0.01328119863622708,0.5517484070800314,False
pre,middle,max_user_min_textblob_subjectivity,Sentiment & emotion,715,0.004468453439174303,0.39298453342049267,-0.00578421480711287,0.014721121685461476,0.0028999266288522235,0.602797208953622,-0.00802233718596293,0.013822190443667379,0.5586884229442561,False
pre,middle,stdev_user_max_positivity_zscore_conversation,Sentiment & emotion,715,-0.003983834386806639,0.3968421636732564,-0.013199469186263798,0.00523180041265052,0.004340366582917602,0.45500307225317105,-0.0070462747881187586,0.015727007953953962,0.5586884229442561,False
pre,middle,stdev_user_min_positive_affect_lexical_wordcount,Lexical (LIWC),715,-0.004642763689897905,0.3997857549441405,-0.015449898100528957,0.0061643707207331465,0.004378147116635396,0.39861490954738277,-0.0057877524311610515,0.014544046664431844,0.5586884229442561,False
pre,middle,max_user_min_word_TTR,Volume & form,715,-0.005722847713217143,0.4023886855729464,-0.01911796843910831,0.007672273012674027,0.00990125783263953,0.010908538136206961,0.0022779103635684507,0.01752460530171061,0.5586884229442561,False
pre,middle,mean_user_max_verbs_lexical_wordcount,Lexical (LIWC),715,0.006254501922150537,0.4143469784389465,-0.008763361447418403,0.021272365291719476,-0.0056132064812625835,0.4288794893648409,-0.019519837717406074,0.008293424754880908,0.5705761670306805,False
pre,middle,stdev_user_max_positive_words_lexical_wordcount,Lexical (LIWC),715,-0.004347715094417782,0.4436564467151467,-0.015471727875319731,0.006776297686484166,0.007737970854652231,0.16172116392832758,-0.00310036000061557,0.018576301709920032,0.6054159451119783,False
pre,middle,max_first_person_lexical_wordcount,Lexical (LIWC),715,-0.005394798353017749,0.4468546261540792,-0.0192952025249238,0.008505605818888304,-0.0053688149773297444,0.4323780438341882,-0.01877130859248996,0.008033678637830473,0.6054159451119783,False
pre,middle,max_First_Person_Plural_receptiveness_yeomans,Receptiveness,715,-0.004520321577820409,0.45329763336627993,-0.016334334299398963,0.007293691143758144,-0.0005719249504756347,0.9140729668530234,-0.010960483376477582,0.009816633475526311,0.6092320192442802,False
pre,middle,mean_user_max_positivity_zscore_chats,Sentiment & emotion,715,0.004632089468974902,0.46092315236225445,-0.007680929251992523,0.016945108189942326,,,,,0.6127376708629025,False
pre,middle,mean_info_exchange_zscore_conversation,Semantic dynamics,715,0.003074375007352992,0.46684214188281703,-0.0052068829881954815,0.011355633002901466,-0.0009335674332053371,0.8567899537360469,-0.011072873460829954,0.00920573859441928,0.6127376708629025,False
pre,middle,min_user_max_word_TTR,Volume & form,715,0.005207909012783308,0.46684774922887806,-0.008820497036563187,0.0192363150621298,0.0026475378092860736,0.5876416503812376,-0.006921875240816845,0.012216950859388993,0.6127376708629025,False
pre,middle,stdev_user_min_info_exchange_zscore_conversation,Semantic dynamics,715,-0.003846721548310376,0.48650444273130633,-0.014681123514011317,0.006987680417390566,0.006415870021484905,0.33569069072872404,-0.006646019936178294,0.019477759979148104,0.6335871812314686,False
pre,middle,max_adverbs_lexical_wordcount,Lexical (LIWC),715,-0.003596386275860756,0.4942724774650663,-0.013908728629033255,0.0067159560773117424,-0.007823015735764808,0.18244550352219102,-0.019323243988171708,0.003677212516642093,0.6387521247240857,False
pre,middle,min_user_max_time_diff,Participation & timing,715,0.003037544255091136,0.5092733009361611,-0.0059832906736916845,0.012058379183873955,-0.003484126296105878,0.5622611368704431,-0.015268292566300242,0.008300039974088486,0.6531138515822523,False
pre,middle,mean_user_max_nltk_english_stopwords_lexical_wordcount,Lexical (LIWC),715,0.004393169760724521,0.547583121660067,-0.009924521073358072,0.018710860594807113,-0.00979307852978724,0.15487892658973298,-0.023286208743081974,0.0037000516835074913,0.6969239730219035,False
pre,middle,mean_user_max_cognitive_mech_lexical_wordcount,Lexical (LIWC),715,0.003636930014661105,0.5569203482275121,-0.008497876509387336,0.015771736538709544,-0.005320507156852998,0.4032576537811261,-0.017796919823576333,0.007155905509870336,0.7034783346031732,False
pre,middle,max_certainty_rocklage,Sentiment & emotion,715,-0.004029125523652862,0.5616840990429751,-0.017636520337161586,0.009578269289855862,-0.02544989135807371,0.0001277512562006304,-0.038471054391959615,-0.012428728324187803,0.7042009599941778,False
pre,middle,max_user_min_info_exchange_zscore_conversation,Semantic dynamics,715,-0.0028392928026566115,0.5715569357026394,-0.012675462822740732,0.006996877217427509,0.0034307857566084573,0.6030049725854991,-0.00949830928071762,0.016359880793934533,0.7112708533188402,False
pre,middle,max_num_all_caps,Volume & form,715,-0.0022956836960898214,0.5767271945927033,-0.010356747998706983,0.005765380606527341,-0.0072282576769915384,0.1159197652812228,-0.016239662486533604,0.0017831471325505275,0.7124277109674569,False
pre,middle,max_auxiliary_verbs_lexical_wordcount,Lexical (LIWC),715,-0.003463479549948405,0.5847482175516217,-0.015885737362646455,0.008958778262749646,-0.008335900397585624,0.26473715067635983,-0.02298539970437645,0.006313598909205201,0.714066687550256,False
pre,middle,min_user_max_positivity_zscore_conversation,Sentiment & emotion,715,0.0028157632096550513,0.5906404085075965,-0.007443969221894161,0.013075495641204263,-0.005106447446107734,0.42997357152850646,-0.017787625124571563,0.0075747302323560944,0.714066687550256,False
pre,middle,max_user_min_first_person_lexical_wordcount,Lexical (LIWC),715,-0.00394036864133091,0.5908051760088427,-0.01830417262124622,0.0104234353385844,-0.0036897288091281817,0.5925593590783382,-0.01720368561871037,0.00982422800045401,0.714066687550256,False
pre,middle,max_article_lexical_wordcount,Lexical (LIWC),715,-0.0032219468730582735,0.5986791469292769,-0.01522059563737537,0.008776701891258823,0.00022154194046959991,0.9690723756320001,-0.010977703123443563,0.011420787004382763,0.7152436847095228,False
pre,middle,min_user_min_word_TTR,Volume & form,715,0.003698959614818678,0.6002938068097781,-0.010137168872394773,0.01753508810203213,0.009568800310509428,0.1166703057929508,-0.002385088380640511,0.021522689001659365,0.7152436847095228,False
pre,middle,max_textblob_subjectivity,Sentiment & emotion,715,-0.0031022938348851856,0.6276788602956993,-0.015639260085696275,0.009434672415925905,0.0035150557447970487,0.5621423895225299,-0.008370110812087885,0.015400222301681981,0.7421249491233791,False
pre,middle,max_user_min_First_Person_Plural_receptiveness_yeomans,Receptiveness,715,-0.003168267298955815,0.6316896888371619,-0.016122664653638756,0.009786130055727125,9.964683875281505e-05,0.9857636556233691,-0.0108457156072524,0.011045009284758031,0.7421249491233791,False
pre,middle,mean_user_max_num_chars,Volume & form,715,0.0034489388920358284,0.6397163487627915,-0.010992125068741261,0.01789000285281292,-0.014106761595258891,0.049900234639662484,-0.02820737771558278,-6.1454749350035864e-06,0.7463357402232568,False
pre,middle,min_user_max_mimicry_bert,Semantic dynamics,715,-0.002795957524870492,0.6470004971872999,-0.014762718413030115,0.00917080336328913,0.0014080216344719895,0.8205291373564726,-0.01075638559619993,0.013572428865143909,0.7496281622583888,False
pre,middle,min_info_exchange_zscore_conversation,Semantic dynamics,715,0.002986513817132819,0.656455564701756,-0.010172884951286492,0.01614591258555213,-0.0087483029433258,0.08040067580050494,-0.018555379347697035,0.0010587734610454317,0.7553735265061302,False
pre,middle,stdev_user_max_Positive_Emotion_receptiveness_yeomans,Receptiveness,715,0.002542680008494871,0.6678290996042124,-0.009070511509530452,0.014155871526520192,0.0037545647292542327,0.48258594196800464,-0.006725841167782152,0.014234970626290616,0.7632332566905285,False
pre,middle,max_exclusive_lexical_wordcount,Lexical (LIWC),715,-0.0018023643672579266,0.7078314487813313,-0.011228327626959713,0.007623598892443861,0.004919821860067964,0.4006087221073348,-0.006552250674869951,0.01639189439500588,0.7993778508259155,False
pre,middle,stdev_user_min_positive_words_lexical_wordcount,Lexical (LIWC),715,0.0019755488857874756,0.7089720224586988,-0.00839856765362483,0.012349665425199781,0.00999967333172456,0.05132597789428385,-5.757244192227534e-05,0.020056919105371395,0.7993778508259155,False
pre,middle,max_positive_words_lexical_wordcount,Lexical (LIWC),715,-0.0016322692391939335,0.7151444890493934,-0.010398234771042934,0.007133696292655066,0.0053346831156898585,0.3312457039623139,-0.005426641410061252,0.01609600764144097,0.8009618277353205,False
pre,middle,min_user_max_neutral_bert,Sentiment & emotion,715,0.0023255277033046606,0.7247032774062471,-0.010616577426530906,0.015267632833140227,-0.009326885876400534,0.17572883317355126,-0.02282765480983217,0.0041738830570311,0.8017127779856581,False
pre,middle,mean_positivity_zscore_conversation,Sentiment & emotion,715,0.0006805793010796216,0.7253893263338262,-0.0031168664640794878,0.004478025066238731,0.00991424598406549,2.208995795776571e-09,0.006665712289513168,0.01316277967861781,0.8017127779856581,False
pre,middle,mean_user_max_textblob_polarity,Sentiment & emotion,715,-0.001802485158316328,0.7301312799512243,-0.01204395993498795,0.008438989618355293,0.014007982795330255,0.0037283141083453092,0.004541601152576359,0.02347436443808415,0.8017127779856581,False
pre,middle,max_positivity_zscore_chats,Sentiment & emotion,715,-0.0024739146606387393,0.7387337353019662,-0.017011658681142076,0.012063829359864596,,,,,0.805891347602145,False
pre,middle,max_percept_lexical_wordcount,Lexical (LIWC),715,-0.0015499229779668499,0.751473437454571,-0.011142031852992217,0.008042185897058516,0.0006445900306146699,0.9043115590619774,-0.009864550329412624,0.011153730390641962,0.8145002418862446,False
pre,middle,mean_user_max_present_tense_lexical_wordcount,Lexical (LIWC),715,0.0020615306388147648,0.7671434682849982,-0.011583666029907787,0.015706727307537315,-0.00817187806329579,0.2572118887922873,-0.022308247960884854,0.005964491834293274,0.8209037206231135,False
pre,middle,max_info_exchange_zscore_conversation,Semantic dynamics,715,-0.0015567239658349787,0.767154072248981,-0.011861106745555208,0.00874765881388525,-0.005286440342542504,0.3499799289547817,-0.016372380636328038,0.005799499951243031,0.8209037206231135,False
pre,middle,max_user_min_first_person_singular_lexical_wordcount,Lexical (LIWC),715,-0.0014946435547509526,0.7759378260534716,-0.011787249994836773,0.008797962885334869,-0.007221238895952039,0.2847608217264196,-0.020452572778565454,0.0060100949866613755,0.8250478150441977,False
pre,middle,max_money_lexical_wordcount,Lexical (LIWC),715,0.0012022908882100302,0.809095320887086,-0.008551485084053984,0.010956066860474043,0.003563368168960959,0.55074827566389,-0.008142320899704346,0.015269057237626263,0.8548931692391852,False
pre,middle,mean_user_max_positivity_zscore_conversation,Sentiment & emotion,715,0.0010776090836564977,0.8481419856845029,-0.009952099060827467,0.012107317228140464,-0.006981323746908459,0.29433713186861266,-0.02002960822730735,0.006066960733490434,0.8905490849687281,False
pre,middle,max_positivity_zscore_conversation,Sentiment & emotion,715,-0.0010797839135826839,0.8773272502431397,-0.01479033858306202,0.012630770755896652,0.00039791152515394743,0.9405115011569791,-0.010052627691214792,0.010848450741522686,0.9154719132971892,False
pre,middle,max_user_min_certainty_rocklage,Sentiment & emotion,715,0.0010416035884879345,0.8853331845235061,-0.013114691697451965,0.015197898874427834,-0.0208667647064314,0.0013367980442299462,-0.03361570779568657,-0.008117821617176234,0.9181233024688211,False
pre,middle,max_user_min_num_all_caps,Volume & form,715,-0.0005533004368725157,0.8945302652929235,-0.008733249843114722,0.007626648969369692,-0.007350358364933491,0.11270479979897856,-0.016432991256761238,0.0017322745268942546,0.9219698439828904,False
pre,middle,max_past_tense_lexical_wordcount,Lexical (LIWC),715,-0.000663016467623681,0.9065438308894878,-0.01173200138984099,0.010405968454593626,-0.0030564692583640706,0.6789221608312638,-0.01752873800499795,0.011415799488269806,0.9220215800326801,False
pre,middle,max_user_min_insight_lexical_wordcount,Lexical (LIWC),715,0.0005837182825135247,0.9110205437099385,-0.009653890152315676,0.010821326717342726,-0.004829845299782112,0.43139357363904474,-0.01686112680128784,0.0072014362017236155,0.9220215800326801,False
pre,middle,max_user_max_verbs_lexical_wordcount,Lexical (LIWC),715,-0.0007771466281497927,0.9110451326513387,-0.014411003105194626,0.012856709848895042,-0.005926405163048194,0.41736886669011475,-0.020248995033897245,0.008396184707800855,0.9220215800326801,False
pre,middle,mean_user_mean_info_exchange_zscore_conversation,Semantic dynamics,715,-0.0003806290905076223,0.9321309670568765,-0.009140419978839751,0.008379161797824506,-0.0014720693297879664,0.7725691203356102,-0.011454916979860615,0.008510778320284684,0.9377125896141033,False
pre,middle,max_insight_lexical_wordcount,Lexical (LIWC),715,-0.0002497247863601022,0.9612521426187409,-0.010324405628510898,0.009824956055790694,-0.007983681428903782,0.18342024721752015,-0.019746258770433858,0.003778895912626295,0.9612521426187409,False
pre,opening,min_user_max_time_diff,Participation & timing,257,-0.019011564100000752,3.356890080514203e-05,-0.02799512231443021,-0.010028005885571295,-0.013299142961071396,0.13097272405167976,-0.030558121897728434,0.003959835975585642,0.005639575335263861,False
pre,opening,variance_in_DD,Semantic dynamics,257,0.021872747567923814,0.00029318548697495424,0.010034342840469326,0.0337111522953783,0.007404857798758215,0.4438313715248363,-0.011548397545350171,0.026358113142866603,0.024627580905896156,False
pre,opening,mean_user_max_textblob_polarity,Sentiment & emotion,257,-0.018206719206148535,0.0050138510625970705,-0.03092329138629219,-0.005490147026004878,0.0005613546927679619,0.9560391862287387,-0.019397696006381984,0.020520405391917906,0.280775659505436,False
pre,opening,min_user_max_positivity_zscore_conversation,Sentiment & emotion,257,-0.019972053852233558,0.013801389914554535,-0.03586900006264808,-0.004075107641819037,-0.005771037988855144,0.6090277808933411,-0.027886136720113183,0.016344060742402897,0.40184904249064435,False
pre,opening,min_user_max_positivity_zscore_chats,Sentiment & emotion,257,-0.02121653107939409,0.016578184809410205,-0.03857246779698875,-0.003860594361799429,,,,,0.40184904249064435,False
pre,opening,info_diversity,Semantic dynamics,257,0.017193958529658868,0.020616140441136434,0.002636553413010447,0.03175136364630729,0.010305509492697434,0.42121307577681233,-0.014806965608636929,0.035417984594031796,0.40184904249064435,False
pre,opening,max_user_min_info_exchange_zscore_conversation,Semantic dynamics,257,0.018319506112287793,0.02293679881131867,0.0025332684141468227,0.03410574381042876,0.005602660965150519,0.5489991998754782,-0.012721613946540906,0.023926935876841943,0.40184904249064435,False
pre,opening,max_relative_lexical_wordcount,Lexical (LIWC),257,0.02035981677080854,0.02334759359932205,0.002762896885477855,0.03795673665613923,0.02827891268227343,0.014542592748749802,0.005596704700868919,0.05096112066367794,0.40184904249064435,False
pre,opening,min_positivity_zscore_conversation,Sentiment & emotion,257,-0.01997603037120698,0.023635373965369393,-0.037277051839683384,-0.002675008902730574,-0.012712312914939758,0.23363242586285005,-0.03363132881663045,0.008206702986750936,0.40184904249064435,False
pre,opening,max_info_exchange_zscore_conversation,Semantic dynamics,257,0.018292388077682322,0.02442029590554217,0.0023611755825350862,0.034223600572829554,0.008285509539170273,0.5398202936961877,-0.018202345378440933,0.034773364456781475,0.40184904249064435,False
pre,opening,max_mimicry_bert,Semantic dynamics,257,0.019130823702957725,0.02631154444879219,0.0022528872974271787,0.036008760108488275,0.003554073756597109,0.7450919692870828,-0.017871569570607773,0.02497971708380199,0.40184904249064435,False
pre,opening,sum_num_messages,Volume & form,257,0.022147390884552993,0.029320292746840476,0.002227685643103841,0.042067096126002144,0.007593477670359865,0.5759661459829539,-0.019017106283539868,0.034204061624259596,0.41048409845576667,False
pre,opening,min_positivity_zscore_chats,Sentiment & emotion,257,-0.018987482543489552,0.041962372167853104,-0.03728479692177866,-0.000690168165200445,,,,,0.5060617114593408,False
pre,opening,stdev_user_max_relative_lexical_wordcount,Lexical (LIWC),257,0.01620686460499428,0.04611165811998403,0.00027959214763127044,0.032134137062357286,0.01701116040245132,0.19533846338581096,-0.008736038510464467,0.0427583593153671,0.5060617114593408,False
pre,opening,max_user_min_inclusive_lexical_wordcount,Lexical (LIWC),257,0.015607234126593652,0.048106669919108704,0.00012998717058234494,0.031084481082604958,0.015586113808427574,0.1392696297001226,-0.005075289194877191,0.03624751681173234,0.5060617114593408,False
pre,opening,max_user_min_neutral_bert,Sentiment & emotion,257,0.017791355275886264,0.04819635347231817,0.00014110605001222895,0.0354416045017603,0.02430736596542671,0.041485555201044924,0.0009381272601523272,0.047676604670701096,0.5060617114593408,False
pre,opening,sum_num_chars,Volume & form,257,0.016050084603040395,0.05354112826180301,-0.00024470392383554515,0.03234487312991634,0.017786205735785657,0.11113792813676426,-0.004095872683378202,0.03966828415494952,0.5105223952982196,False
pre,opening,mean_user_min_info_exchange_zscore_conversation,Semantic dynamics,257,0.01641885218649291,0.05469882806766639,-0.00033075194665894633,0.03316845631964477,0.0011653206110211626,0.9094284038577422,-0.018911995134758816,0.02124263635680114,0.5105223952982196,False
pre,opening,within_person_disc_range,Semantic dynamics,257,0.017453138775614926,0.06446265280990554,-0.0010477501035543596,0.03595402765478421,0.023186806378899607,0.02682533257554669,0.0026609359950485224,0.04371267676275069,0.5699855616875859,False
pre,opening,mean_user_max_positivity_zscore_chats,Sentiment & emotion,257,-0.014112733678964455,0.08300509676437633,-0.030069060950494594,0.0018435935925656833,,,,,0.6923531742870841,False
pre,opening,stdev_user_max_info_exchange_zscore_conversation,Semantic dynamics,257,0.014470469223551167,0.08654414678588551,-0.0020773650099812115,0.031018303457083545,0.0060994951233703,0.5059301647209582,-0.011872549223382496,0.024071539470123096,0.6923531742870841,False
pre,opening,max_user_min_first_person_singular_lexical_wordcount,Lexical (LIWC),257,0.013324677495291074,0.09308342622056526,-0.002226490529304981,0.02887584551988713,0.01605862460998647,0.18249184747629754,-0.00755086603929769,0.039668115259270637,0.7108188911388619,False
pre,opening,max_negative_bert,Sentiment & emotion,257,0.011549821532515872,0.13398191731819417,-0.0035559406458302682,0.02665558371086201,0.006211790431980216,0.5102455375375512,-0.012278277777603357,0.024701858641563792,0.7793886753834571,False
pre,opening,max_inclusive_lexical_wordcount,Lexical (LIWC),257,0.011884518104749808,0.13979026912050727,-0.003890682595831514,0.027659718805331128,0.017822321642869603,0.08408835493865038,-0.0023989727609365595,0.03804361604667576,0.7793886753834571,False
pre,opening,stdev_user_max_positivity_zscore_conversation,Sentiment & emotion,257,0.01321379579145495,0.14609904761481038,-0.0046048951679534475,0.03103248675086335,0.0011312856775493483,0.9320899281538089,-0.024888330484550032,0.02715090183964873,0.7793886753834571,False
pre,opening,mean_user_max_present_tense_lexical_wordcount,Lexical (LIWC),257,-0.010645944301384774,0.14996296753524085,-0.025139390142561793,0.0038475015397922436,0.018369950610893877,0.11208917921331714,-0.004290421083052907,0.04103032230484066,0.7793886753834571,False
pre,opening,max_textblob_polarity,Sentiment & emotion,257,-0.009824918265883437,0.17544975578537847,-0.024037406969042722,0.004387570437275848,0.007095632556511158,0.5107526900506347,-0.014050635430247399,0.028241900543269714,0.7793886753834571,False
pre,opening,mean_user_max_neutral_bert,Sentiment & emotion,257,0.011578712290500021,0.1758306852907201,-0.005185551830644335,0.028342976411644377,0.021980759361929694,0.06762006917020563,-0.0015928557125065405,0.045554374436365924,0.7793886753834571,False
pre,opening,stdev_user_min_info_exchange_zscore_conversation,Semantic dynamics,257,0.010513209769990397,0.17771046628885434,-0.004774615063085635,0.02580103460306643,-0.00287427226895222,0.7214678395056133,-0.018676532412227036,0.012927987874322597,0.7793886753834571,False
pre,opening,max_function_word_accommodation,Semantic dynamics,257,0.010057689112864874,0.17883403250162833,-0.004605645519710997,0.024721023745440746,0.010247052695043961,0.3026265777572832,-0.009236377876198616,0.029730483266286536,0.7793886753834571,False
pre,opening,max_user_min_first_person_lexical_wordcount,Lexical (LIWC),257,0.0106206094200145,0.17945003476968902,-0.004885373897025319,0.026126592737054317,0.007279096667873121,0.46430061988022986,-0.01221678436956107,0.02677497770530731,0.7793886753834571,False
pre,opening,stdev_user_mean_positivity_zscore_conversation,Sentiment & emotion,257,0.011460069560678667,0.179993024990877,-0.005292404420916549,0.02821254354227388,0.005434115931923756,0.6421106983642004,-0.01748288877291218,0.028351120636759694,0.7793886753834571,False
pre,opening,max_user_min_content_word_accommodation_per_conv,Semantic dynamics,257,0.013470893062663235,0.1806499872487034,-0.00625074199158728,0.03319252811691375,0.008311131167529302,0.30473695240016885,-0.007560516142923246,0.02418277847798185,0.7793886753834571,False
pre,opening,stdev_user_max_negative_bert,Sentiment & emotion,257,0.009088323990012488,0.18656846955213469,-0.0043980511402366175,0.022574699120261593,0.006772204397649243,0.5038686880997889,-0.013085631862263417,0.026630040657561905,0.7793886753834571,False
pre,opening,stdev_user_min_inclusive_lexical_wordcount,Lexical (LIWC),257,0.01007578200382511,0.18841539154992049,-0.0049386261989653926,0.025090190206615612,0.017082926860666474,0.17145984086988542,-0.0074006079218253695,0.04156646164315832,0.7793886753834571,False
pre,opening,max_content_word_accommodation_per_conv,Semantic dynamics,257,0.012587076725433568,0.19257061068089998,-0.006346144190675517,0.031520297641542655,0.008862115286256442,0.25978895750610564,-0.006551479239460147,0.02427570981197303,0.7793886753834571,False
pre,opening,max_user_min_positivity_zscore_conversation,Sentiment & emotion,257,0.0097359638361108,0.19280612515441087,-0.004916425906429673,0.024388353578651274,0.018897231883595836,0.14613114803129296,-0.006587552532698639,0.04438201629989031,0.7793886753834571,False
pre,opening,min_user_max_social_lexical_wordcount,Lexical (LIWC),257,-0.01038277056323844,0.2017703517482391,-0.0263243874181465,0.00555884629166962,-0.0060432181749025685,0.5337982427121211,-0.025079121358604708,0.012992685008799573,0.7793886753834571,False
pre,opening,max_certainty_rocklage,Sentiment & emotion,257,-0.01168794425969403,0.20334758576091694,-0.029696321295643063,0.006320432776255004,0.005084891780266416,0.6440358551049277,-0.016484020050410997,0.026653803610943827,0.7793886753834571,False
pre,opening,min_info_exchange_zscore_conversation,Semantic dynamics,257,0.00994180895320281,0.2137570820780782,-0.005730657899639844,0.025614275806045465,0.010715113095527062,0.35189948005802163,-0.011844756059027224,0.033274982250081346,0.7793886753834571,False
pre,opening,stdev_user_min_first_person_lexical_wordcount,Lexical (LIWC),257,0.009430023119174097,0.21858266976273588,-0.005592671203452098,0.02445271744180029,-0.0006846056488019677,0.9487444930751688,-0.02155780732463145,0.020188596027027512,0.7793886753834571,False
pre,opening,mean_user_min_certainty_rocklage,Sentiment & emotion,257,-0.01393429478808909,0.21878229741885147,-0.03614223589485763,0.008273646318679443,0.009332835093908257,0.25013343615677797,-0.006572919399075075,0.02523858958689159,0.7793886753834571,False
pre,opening,max_insight_lexical_wordcount,Lexical (LIWC),257,0.008986634249369642,0.21946878797476554,-0.005357269001902941,0.023330537500642224,0.02108650264401339,0.03824992786289788,0.001141778994674332,0.04103122629335245,0.7793886753834571,False
pre,opening,stdev_user_mean_info_exchange_zscore_conversation,Semantic dynamics,257,0.010305610715942024,0.22359795937772775,-0.006291228168750818,0.026902449600634867,0.0036050005486592007,0.7060043457182952,-0.015125516736841814,0.022335517834160216,0.7793886753834571,False
pre,opening,max_positivity_zscore_conversation,Sentiment & emotion,257,0.011855548954916908,0.22691596807872816,-0.007374487245340943,0.03108558515517476,0.010356550313637705,0.36470347371385126,-0.012037083335911431,0.03275018396318684,0.7793886753834571,False
pre,opening,max_first_person_singular_lexical_wordcount,Lexical (LIWC),257,0.010202769537248472,0.22743593026583053,-0.0063649386002551205,0.026770477674752064,0.01549680721709484,0.18214703483685168,-0.0072687373608688495,0.03826235179505853,0.7793886753834571,False
pre,opening,team_burstiness,Participation & timing,257,0.010311394683166438,0.23078325699962066,-0.0065535188820648425,0.02717630824839772,0.014160837643115194,0.2737760991828283,-0.011199661424573853,0.03952133671080424,0.7793886753834571,False
pre,opening,max_first_person_lexical_wordcount,Lexical (LIWC),257,0.01031473429142497,0.23896767223224846,-0.006853239040312254,0.027482707623162194,0.006212613435040157,0.567798049540869,-0.01510115087073922,0.027526377740819535,0.7793886753834571,False
pre,opening,max_user_min_first_person_plural_lexical_wordcount,Lexical (LIWC),257,0.008963862096537257,0.24015204328657047,-0.005993352683519235,0.02392107687659375,0.006750961890854393,0.5094189063104284,-0.013304796957742625,0.026806720739451412,0.7793886753834571,False
pre,opening,mean_user_mean_info_exchange_zscore_conversation,Semantic dynamics,257,0.008785871331705403,0.24181387094071094,-0.005926222275348463,0.023497964938759268,-0.006839043896729289,0.4791085341740229,-0.025778675209545854,0.012100587416087273,0.7793886753834571,False
pre,opening,stdev_user_max_positivity_zscore_chats,Sentiment & emotion,257,0.008518406108915808,0.24507686290099062,-0.005844898270953761,0.022881710488785376,,,,,0.7793886753834571,False
pre,opening,stdev_user_min_num_question_naive,Questions & repair,257,0.008366757879048671,0.2547474857507519,-0.0060319027150024605,0.022765418473099805,0.022500175541881093,0.03401072153328661,0.0016979646329886716,0.043302386450773514,0.7793886753834571,False
pre,opening,stdev_user_min_neutral_bert,Sentiment & emotion,257,0.00877610819501152,0.2574738586057861,-0.0064138679866830965,0.023966084376706137,0.016613064060105605,0.15913555699405313,-0.006512900185600846,0.03973902830581205,0.7793886753834571,False
pre,opening,min_user_max_certainty_rocklage,Sentiment & emotion,257,-0.012309161392832606,0.2628421838445416,-0.03385559459285856,0.009237271807193349,0.006025225162624828,0.40202789875193157,-0.008066843980924748,0.020117294306174403,0.7793886753834571,False
pre,opening,min_certainty_rocklage,Sentiment & emotion,257,-0.012007501752870122,0.2637965771399736,-0.03306795669256602,0.009052953186825774,0.008774523218266807,0.2789239837175844,-0.007109026373676164,0.024658072810209777,0.7793886753834571,False
pre,opening,stdev_user_min_positivity_zscore_conversation,Sentiment & emotion,257,0.008708412251824806,0.265538298053307,-0.006621417400360895,0.024038241904010507,0.014487965448995244,0.2501950256110428,-0.01020678006730442,0.03918271096529491,0.7793886753834571,False
pre,opening,mean_user_max_info_exchange_zscore_conversation,Semantic dynamics,257,-0.008480495495166027,0.27073985618870966,-0.02357225523244404,0.006611264242111985,-0.007360576158009706,0.41129966946515706,-0.02491937903010314,0.010198226714083727,0.7793886753834571,False
pre,opening,max_num_all_caps,Volume & form,257,0.007788548724850167,0.2764703934153283,-0.0062383922102761825,0.02181548965997652,-0.013297613164971982,0.15276728039559073,-0.031525609381122206,0.0049303830511782405,0.7793886753834571,False
pre,opening,max_achievement_lexical_wordcount,Lexical (LIWC),257,0.00673781803295891,0.2791103583808692,-0.00546363863200014,0.018939274697917962,0.014644446501244822,0.16183117783136447,-0.005872946314033522,0.03516183931652317,0.7793886753834571,False
pre,opening,mean_user_min_positivity_zscore_conversation,Sentiment & emotion,257,0.00870206832919626,0.28248768524034673,-0.007167460806843717,0.02457159746523624,0.013871122210409283,0.27631234683037986,-0.011102130334625059,0.038844374755443625,0.7793886753834571,False
pre,opening,min_user_max_info_exchange_zscore_conversation,Semantic dynamics,257,-0.00929241780649954,0.28299231665708857,-0.026256313078596806,0.007671477465597728,-0.0046502429318798005,0.571868679328964,-0.020773157821468973,0.01147267195770937,0.7793886753834571,False
pre,opening,min_user_max_mimicry_bert,Semantic dynamics,257,-0.009228454173310998,0.34293647079185596,-0.02830040218684103,0.009843493840219035,8.702086034249629e-06,0.9993918697535489,-0.022368968619232623,0.02238637279130112,0.8744564314334969,False
pre,opening,max_user_min_certainty_rocklage,Sentiment & emotion,257,-0.008578499804180281,0.35028584794918927,-0.026579485813262374,0.009422486204901812,0.011897893560723832,0.2679755245812845,-0.009153536703393118,0.03294932382484078,0.8744564314334969,False
pre,opening,max_user_min_percept_lexical_wordcount,Lexical (LIWC),257,0.005909115715006626,0.3567891133167773,-0.006659138310359964,0.018477369740373215,0.020709405618326522,0.05126431835122159,-0.00011371592423375237,0.0415325271608868,0.8744564314334969,False
pre,opening,stdev_user_max_certainty_rocklage,Sentiment & emotion,257,-0.007335135097308206,0.3610520134225551,-0.023075439051231102,0.00840516885661469,0.00011958045230723887,0.9917547312100766,-0.02256004074076291,0.022799201645377385,0.8744564314334969,False
pre,opening,max_social_lexical_wordcount,Lexical (LIWC),257,-0.00679539319288596,0.364025353661653,-0.021468093066958568,0.007877306681186646,0.006894077288801362,0.5038683347514525,-0.013321104728495778,0.027109259306098504,0.8744564314334969,False
pre,opening,min_textblob_polarity,Sentiment & emotion,257,-0.006961128099277392,0.37265952111699696,-0.02226513079198358,0.008342874593428796,0.008971390987688397,0.3589412261609314,-0.010195713399942156,0.02813849537531895,0.8744564314334969,False
pre,opening,max_preposition_lexical_wordcount,Lexical (LIWC),257,0.00736347735530839,0.3799317589647666,-0.009073639009464111,0.023800593720080893,0.04520853875794621,6.590003701257117e-06,0.02554655051575953,0.06487052700013289,0.8744564314334969,False
pre,opening,turn_taking_index,Participation & timing,257,0.007874742639219041,0.3800303799225384,-0.009707284071627171,0.02545676935006525,-0.0002944893277700851,0.9807059241895765,-0.024161135824698973,0.023572157169158805,0.8744564314334969,False
pre,opening,gini_coefficient_sum_num_messages,Participation & timing,257,0.00793259928744911,0.4065061993609723,-0.010798159022171567,0.026663357597069788,0.001819873952410509,0.8627527631685152,-0.018813348077820882,0.022453095982641898,0.8744564314334969,False
pre,opening,max_adverbs_lexical_wordcount,Lexical (LIWC),257,0.007171466459915118,0.4065825795740463,-0.009764832152028665,0.0241077650718589,0.013769655820898645,0.2069808825878453,-0.007616982065415839,0.035156293707213127,0.8744564314334969,False
pre,opening,min_user_max_verbs_lexical_wordcount,Lexical (LIWC),257,-0.006907184765130176,0.4085283733712378,-0.023287173018904504,0.009472803488644155,0.018922981101815835,0.16104155359273442,-0.007538895344665921,0.04538485754829759,0.8744564314334969,False
pre,opening,mean_user_max_positivity_zscore_conversation,Sentiment & emotion,257,-0.007134542859890557,0.41302330159222733,-0.024217007424331007,0.00994792170454989,-0.0028518224395301718,0.8105179478199661,-0.02616479492510217,0.020461150046041824,0.8744564314334969,False
pre,opening,max_argue_lexical_wordcount,Lexical (LIWC),257,0.006868558106482917,0.4154279762160742,-0.009661988137099356,0.02339910435006519,0.02582764699668636,0.02795928357140281,0.0027955510689762833,0.04885974292439644,0.8744564314334969,False
pre,opening,stdev_user_max_forward_flow,Semantic dynamics,257,0.006528788935261,0.4185747538822102,-0.009290531761855802,0.022348109632377804,0.0038505641667885733,0.7346104871238315,-0.018411941605658438,0.026113069939235584,0.8744564314334969,False
pre,opening,mean_positivity_zscore_conversation,Sentiment & emotion,257,0.002347200552795005,0.4316442671857611,-0.0035029256684521552,0.008197326774042165,-0.0014723078394859404,0.8076638197740513,-0.013325984351868983,0.010381368672897103,0.8744564314334969,False
pre,opening,gini_coefficient_sum_num_chars,Participation & timing,257,0.007162427249632609,0.43230373540705413,-0.01071468161589009,0.025039536115155307,0.013377565099059,0.2395464963579571,-0.008915671793431784,0.03567080199154978,0.8744564314334969,False
pre,opening,stdev_user_max_preposition_lexical_wordcount,Lexical (LIWC),257,0.00641350790929464,0.43308780684541937,-0.009621629735040394,0.022448645553629673,0.0310767406975188,0.0006869531150857262,0.013134453382801895,0.049019028012235705,0.8744564314334969,False
pre,opening,min_user_max_neutral_bert,Sentiment & emotion,257,0.005828535547905387,0.4422161384670411,-0.00903726701336894,0.020694338109179714,0.004664009257653107,0.6732585752129637,-0.017014252212114073,0.026342270727420288,0.8744564314334969,False
pre,opening,max_num_chars,Volume & form,257,0.005744864545844126,0.4473813286526864,-0.009074700773923009,0.02056442986561126,0.02458082672513917,0.014642380464900531,0.004844876342713363,0.04431677710756498,0.8744564314334969,False
pre,opening,max_user_min_First_Person_Single_receptiveness_yeomans,Receptiveness,257,0.005525936586872015,0.4498246509007311,-0.00880584949871637,0.0198577226724604,0.010102070656399606,0.3478441071583489,-0.010988824963478673,0.031192966276277885,0.8744564314334969,False
pre,opening,max_certainty_lexical_wordcount,Lexical (LIWC),257,-0.005591735392681962,0.45555898842148834,-0.020279354044731735,0.009095883259367811,0.01582524681461746,0.14848077677006696,-0.0056409560289500185,0.03729144965818494,0.8744564314334969,False
pre,opening,max_article_lexical_wordcount,Lexical (LIWC),257,-0.006292223358616803,0.45726249700288457,-0.02288243092031051,0.010297984203076906,0.0035627054541529316,0.7333829917805741,-0.016936949644544647,0.024062360552850513,0.8744564314334969,False
pre,opening,stdev_user_max_verbs_lexical_wordcount,Lexical (LIWC),257,0.005896438420565228,0.4616229914099108,-0.009801969764679341,0.0215948466058098,0.006808947197961082,0.49402600878215275,-0.012704009456169785,0.026321903852091946,0.8744564314334969,False
pre,opening,mean_user_max_textblob_subjectivity,Sentiment & emotion,257,-0.006435897412144212,0.466263512898451,-0.023749391728563073,0.010877596904274646,-0.002742864666861351,0.8232409976496304,-0.026809271525843656,0.021323542192120952,0.8744564314334969,False
pre,opening,stdev_user_max_conjunction_lexical_wordcount,Lexical (LIWC),257,-0.00563061068684399,0.46665948365517695,-0.020791229965463072,0.009530008591775094,0.012998031632853204,0.333723851779385,-0.013356831008401206,0.03935289427410761,0.8744564314334969,False
pre,opening,stdev_user_max_social_lexical_wordcount,Lexical (LIWC),257,-0.005060449544182255,0.49625841182845154,-0.019637851727316497,0.009516952638951985,0.011085677176076527,0.32230907770001416,-0.010867442744803876,0.03303879709695693,0.8744564314334969,False
pre,opening,max_user_min_First_Person_Plural_receptiveness_yeomans,Receptiveness,257,0.004997757948047564,0.4966558538655891,-0.009412346047805376,0.019407861943900505,-0.0009723876114509766,0.9265036702883206,-0.021633150803840644,0.019688375580938694,0.8744564314334969,False
pre,opening,stdev_user_max_adverbs_lexical_wordcount,Lexical (LIWC),257,0.005565583962552629,0.506437528057678,-0.010852877967422073,0.021984045892527334,0.016280875035971344,0.1487277139318204,-0.005816800873150771,0.03837855094509346,0.8744564314334969,False
pre,opening,max_positivity_zscore_chats,Sentiment & emotion,257,-0.005099417887153419,0.5093210006890666,-0.020245267436846404,0.010046431662539565,,,,,0.8744564314334969,False
pre,opening,min_user_min_verbs_lexical_wordcount,Lexical (LIWC),257,-0.005594839316344497,0.5093320833418624,-0.022212581574224025,0.011022902941535032,0.02485104637837149,0.11864432797022217,-0.006361702102772961,0.05606379485951594,0.8744564314334969,False
pre,opening,max_auxiliary_verbs_lexical_wordcount,Lexical (LIWC),257,0.0052342570788654315,0.5157817875008945,-0.010552118584107057,0.02102063274183792,0.028682782621771794,0.004910050834683577,0.008697112673400856,0.04866845257014273,0.8744564314334969,False
pre,opening,min_user_max_cognitive_mech_lexical_wordcount,Lexical (LIWC),257,-0.005417864817801731,0.5161347134815767,-0.02177174224733116,0.010936012611727698,0.01662004383384792,0.1851309413018546,-0.00796237645243093,0.041202464120126764,0.8744564314334969,False
pre,opening,min_user_max_word_TTR,Volume & form,257,0.003824303801298614,0.5226896720770839,-0.007901980222325305,0.015550587824922532,0.022492046918790254,0.03230607863190237,0.0018980344126594412,0.04308605942492107,0.8744564314334969,False
pre,opening,min_user_max_textblob_subjectivity,Sentiment & emotion,257,-0.006124338462004975,0.5235073398753248,-0.024940099792038956,0.012691422868029004,0.00119369128863437,0.9206373336976419,-0.022288894138236336,0.024676276715505076,0.8744564314334969,False
pre,opening,max_first_pronouns_proportion,Semantic dynamics,257,0.005862664298259122,0.5341508909464584,-0.01262043172073736,0.024345760317255605,-0.006874781360551769,0.6107706421668484,-0.03334829705150576,0.01959873433040222,0.8744564314334969,False
pre,opening,stdev_user_min_Positive_Emotion_receptiveness_yeomans,Receptiveness,257,-0.0042376080387176605,0.5351063992779374,-0.017628704355797102,0.00915348827836178,0.009306972143511979,0.3361130871424529,-0.009657400795628828,0.028271345082652784,0.8744564314334969,False
pre,opening,stdev_user_max_num_chars,Volume & form,257,0.004827441027374768,0.5351505492574058,-0.010429212777451246,0.02008409483220078,0.01546813750887205,0.12365660143725644,-0.004223268543731859,0.03515954356147596,0.8744564314334969,False
pre,opening,stdev_user_min_argue_lexical_wordcount,Lexical (LIWC),257,0.004883730963181112,0.5386575833223333,-0.010684336559566463,0.020451798485928686,0.016713138573235673,0.1401725110589493,-0.0054928565316404755,0.038919133678111825,0.8744564314334969,False
pre,opening,min_user_max_num_chars,Volume & form,257,-0.004805318318146559,0.5399178839869004,-0.020171087083342032,0.010560450447048914,0.015048426027307951,0.2579238576970134,-0.011022522482358316,0.041119374536974215,0.8744564314334969,False
pre,opening,mean_user_max_verbs_lexical_wordcount,Lexical (LIWC),257,-0.004954557725149976,0.5445572950363824,-0.020980599619242566,0.011071484168942613,0.017641854312002627,0.1695252051350553,-0.007528574793605906,0.04281228341761116,0.8744564314334969,False
pre,opening,stdev_user_max_positive_affect_lexical_wordcount,Lexical (LIWC),257,0.004642496270693936,0.5448420804996597,-0.010384783928059721,0.019669776469447595,0.017262725992391807,0.0875400884222856,-0.0025405783285395167,0.03706603031332313,0.8744564314334969,False
pre,opening,mean_info_exchange_zscore_conversation,Semantic dynamics,257,0.00423033508257494,0.5463442463959357,-0.009514120397008222,0.017974790562158102,0.010689869813718295,0.20347459178694294,-0.005785337891483014,0.027165077518919604,0.8744564314334969,False
pre,opening,stdev_user_min_conjunction_lexical_wordcount,Lexical (LIWC),257,-0.004557077177399365,0.5470340859657661,-0.019388616068049893,0.010274461713251162,0.008655532663747663,0.5120738613059824,-0.01722034308612662,0.03453140841362194,0.8744564314334969,False
pre,opening,max_user_max_verbs_lexical_wordcount,Lexical (LIWC),257,0.004790731982302467,0.549039965555701,-0.01087961606645739,0.020461080031062326,0.017471983060981088,0.11828946364124994,-0.004451573139261082,0.03939553926122326,0.8744564314334969,False
pre,opening,max_user_min_argue_lexical_wordcount,Lexical (LIWC),257,0.004877861120964631,0.5523994714011031,-0.011212580194085081,0.020968302436014344,0.023883868725913946,0.05382043843643114,-0.0003924541959694529,0.04816019164779735,0.8744564314334969,False
pre,opening,max_user_min_num_all_caps,Volume & form,257,0.003910793986492165,0.5569454652582391,-0.009138604937168067,0.016960192910152397,-0.013716464303634256,0.13933769436154464,-0.03190253555074753,0.004469606943479016,0.8744564314334969,False
pre,opening,min_user_max_relative_lexical_wordcount,Lexical (LIWC),257,0.005035887093319841,0.5687907354114365,-0.012285242636133786,0.022357016822773468,0.022570423985026077,0.026084742364351744,0.002688061776668877,0.042452786193383274,0.8847855884177901,False
pre,opening,max_user_max_word_TTR,Volume & form,257,0.003757441435655395,0.5791995401719605,-0.00952250175616699,0.01703738462747778,0.008328107915705908,0.2754114016827979,-0.006637521742775626,0.023293737574187443,0.8848108811741977,False
pre,opening,stdev_user_max_Impersonal_Pronoun_receptiveness_yeomans,Receptiveness,257,-0.004652981759525825,0.5793404579116771,-0.021104147271859768,0.011798183752808118,0.010725605226788271,0.2651418983296837,-0.008139530971800375,0.029590741425376918,0.8848108811741977,False
pre,opening,max_user_min_first_pronouns_proportion,Semantic dynamics,257,0.004766922525675874,0.6099453860520069,-0.013547241010641115,0.023081086061992863,-9.787132605314887e-05,0.9936347707945778,-0.02414288185818839,0.02394713920608209,0.9037875434773374,False
pre,opening,stdev_user_min_quantifier_lexical_wordcount,Lexical (LIWC),257,0.0037723168717165535,0.6198695898727167,-0.011133088012271287,0.018677721755704393,0.02070480599837674,0.03748598835270997,0.0011989114595867614,0.040210700537166716,0.9037875434773374,False
pre,opening,max_user_min_forward_flow,Semantic dynamics,257,0.004327689070646462,0.6212870239651465,-0.012841640928174773,0.021497019069467695,0.008409051943106455,0.4943405898323636,-0.01570701833783383,0.03252512222404674,0.9037875434773374,False
pre,opening,stdev_user_max_auxiliary_verbs_lexical_wordcount,Lexical (LIWC),257,0.0035608503797482666,0.6304370664526724,-0.010945422379058217,0.01806712313855475,0.020356576278497247,0.02940019976811364,0.002038522990022308,0.038674629566972187,0.9037875434773374,False
pre,opening,stdev_user_max_dale_chall_score,Volume & form,257,0.0041974734913210725,0.6353501840336705,-0.013151163989597184,0.02154611097223933,-0.013507789584025211,0.2652137550732996,-0.037270048625986006,0.010254469457935586,0.9037875434773374,False
pre,opening,min_user_max_nltk_english_stopwords_lexical_wordcount,Lexical (LIWC),257,-0.003629624206305443,0.6389458613192673,-0.018792325682596898,0.011533077269986012,0.023397528847377343,0.12011463767572782,-0.0061067703078800245,0.05290182800263471,0.9037875434773374,False
pre,opening,max_Positive_Emotion_receptiveness_yeomans,Receptiveness,257,-0.003019673793097698,0.6571966502394759,-0.016355920742220635,0.010316573156025239,0.016556503858376405,0.09453650377575407,-0.0028521984182576614,0.035965206135010475,0.9037875434773374,False
pre,opening,max_First_Person_Single_receptiveness_yeomans,Receptiveness,257,0.0031910810863946845,0.6576255121618866,-0.010921036475935297,0.017303198648724667,0.012428800234175467,0.23695156434931897,-0.008169171974807248,0.03302677244315819,0.9037875434773374,False
pre,opening,mean_user_max_forward_flow,Semantic dynamics,257,-0.004305632825374015,0.6588822450299553,-0.023421621151172668,0.014810355500424636,0.0017319897111541666,0.9069940623634596,-0.027324001989457093,0.030787981411765426,0.9037875434773374,False
pre,opening,max_First_Person_Plural_receptiveness_yeomans,Receptiveness,257,0.00325012870684696,0.6614221870559738,-0.011295203744486362,0.017795461158180283,0.002911209644828097,0.7738862051254987,-0.016949420309469415,0.022771839599125605,0.9037875434773374,False
pre,opening,min_negative_bert,Sentiment & emotion,257,0.003397775258513232,0.6614402407180691,-0.0118091859816403,0.018604736498666764,-0.005902965250387154,0.4625161994301731,-0.021650132321249488,0.009844201820475178,0.9037875434773374,False
pre,opening,min_num_chars,Volume & form,257,-0.0034664528283753844,0.6679075043742237,-0.019302771259369564,0.012369865602618796,0.017854444406288927,0.2016522717903554,-0.009551938496734327,0.04526082730931218,0.9037875434773374,False
pre,opening,stdev_user_max_textblob_subjectivity,Sentiment & emotion,257,0.003268233362532945,0.6686022990596623,-0.011695823218850229,0.018232289943916118,-0.00012882740359286538,0.9908133266444693,-0.022058317618243103,0.021800662811057372,0.9037875434773374,False
pre,opening,max_user_min_word_TTR,Volume & form,257,0.0028444813111037697,0.6709324758460804,-0.010277413561514622,0.01596637618372216,0.007235239325823097,0.37703450057244214,-0.008817776078250473,0.023288254729896665,0.9037875434773374,False
pre,opening,max_user_min_tentativeness_lexical_wordcount,Lexical (LIWC),257,-0.00323188777252077,0.6927032888248768,-0.019260625924700278,0.012796850379658739,0.013701949181902531,0.09650591609487237,-0.0024561580401781923,0.029860056403983253,0.9037875434773374,False
pre,opening,stdev_user_max_Positive_Emotion_receptiveness_yeomans,Receptiveness,257,-0.002763415112832456,0.6963275331704017,-0.016641033688773014,0.011114203463108104,0.007165869546982533,0.4011319991753679,-0.009562126344565006,0.023893865438530074,0.9037875434773374,False
pre,opening,mean_user_max_cognitive_mech_lexical_wordcount,Lexical (LIWC),257,-0.0032510341450839126,0.6996688858620652,-0.019768522681430964,0.013266454391263137,0.026463612821082824,0.03192901273951137,0.0022862149406778463,0.0506410107014878,0.9037875434773374,False
pre,opening,max_past_tense_lexical_wordcount,Lexical (LIWC),257,0.003181234068112337,0.7027427626029684,-0.013157253243126332,0.019519721379351006,-0.00747615125124208,0.4068946788927894,-0.025143748250532984,0.010191445748048825,0.9037875434773374,False
pre,opening,min_cognitive_mech_lexical_wordcount,Lexical (LIWC),257,-0.0031926360298915324,0.7098003978413987,-0.020008129505155174,0.01362285744537211,0.017462787471314165,0.20760411025737968,-0.009697149985242126,0.04462272492787046,0.9037875434773374,False
pre,opening,stdev_user_min_first_pronouns_proportion,Semantic dynamics,257,0.00347947830647028,0.7099852142750617,-0.014859035431023897,0.02181799204396446,-0.006490531660422877,0.5957778846402099,-0.030471009253190705,0.01748994593234495,0.9037875434773374,False
pre,opening,max_tentativeness_lexical_wordcount,Lexical (LIWC),257,-0.0031233197030764667,0.7117421897036758,-0.01968978176442251,0.013443142358269577,0.016436660518484927,0.04123701271847113,0.0006536772816413197,0.032219643755328535,0.9037875434773374,False
pre,opening,mean_user_mean_positivity_zscore_conversation,Sentiment & emotion,257,0.0024366315918612582,0.7152103667571181,-0.010652259751080572,0.015525522934803087,0.015700101978039973,0.07903434532562048,-0.0018204478327916995,0.033220651788871645,0.9037875434773374,False
pre,opening,min_nltk_english_stopwords_lexical_wordcount,Lexical (LIWC),257,-0.0028878623224368833,0.7154984719195587,-0.01841706161345404,0.012641336968580271,0.024620154740903726,0.12227656244664557,-0.006606781320481887,0.055847090802289334,0.9037875434773374,False
pre,opening,max_user_min_function_word_accommodation,Semantic dynamics,257,0.0029232914818005658,0.7290964956999713,-0.013620424043811367,0.0194670070074125,0.00115493261848432,0.902461880567038,-0.017315811803055834,0.019625677040024474,0.9091795419817614,False
pre,opening,min_auxiliary_verbs_lexical_wordcount,Lexical (LIWC),257,0.003015508303449504,0.7347383922044388,-0.014427756408712142,0.02045877301561115,0.016565462608535097,0.2203252415333805,-0.009924437596377494,0.043055362813447684,0.9091795419817614,False
pre,opening,max_percept_lexical_wordcount,Lexical (LIWC),257,0.002349248281737734,0.7360024863661878,-0.011307633620795862,0.016006130184271328,0.014155931487445232,0.1877154214725807,-0.00690509580625623,0.035216958781146696,0.9091795419817614,False
pre,opening,mean_user_max_num_chars,Volume & form,257,-0.0024304407793073056,0.7641438827790393,-0.018306720293611207,0.013445838734996596,0.02195779704640672,0.07269147293427637,-0.002021130591375552,0.045936724684188995,0.9370523526049533,False
pre,opening,min_textblob_subjectivity,Sentiment & emotion,257,0.00238158817312164,0.7704012556139861,-0.013612332752872408,0.018375509099115686,0.0016829814493785592,0.8924136105134215,-0.022705664400162973,0.02607162729892009,0.9378797894431136,False
pre,opening,min_user_min_word_TTR,Volume & form,257,0.0022557536314071016,0.776227773432493,-0.013298786424668196,0.0178102936874824,0.0203896705732878,0.034012732382200504,0.0015384844169571421,0.03924085672961846,0.9381745750838766,False
pre,opening,max_dale_chall_score,Volume & form,257,0.0025848453852055477,0.7873312707879966,-0.016194333330288045,0.02136402410069914,-0.00463330606258084,0.6995831781735637,-0.028166626940998984,0.018900014815837304,0.93883253606976,False
pre,opening,stdev_user_max_present_tense_lexical_wordcount,Lexical (LIWC),257,0.0019523675017552378,0.7956905355543621,-0.012826123202783497,0.016730858206293973,0.01605868888945609,0.12471040376221522,-0.004441846969186227,0.036559224748098404,0.93883253606976,False
pre,opening,max_exclusive_lexical_wordcount,Lexical (LIWC),257,-0.0018548258347196131,0.7985937532980784,-0.016101907589824986,0.01239225592038576,0.023079053013771174,0.034525217980311905,0.0016804695583843288,0.04447763646915802,0.93883253606976,False
pre,opening,stdev_user_min_tentativeness_lexical_wordcount,Lexical (LIWC),257,-0.001911109928382102,0.8016687327497333,-0.0168230725594648,0.013000852702700596,0.003425155454366219,0.6631688751161475,-0.011988231557281313,0.01883854246601375,0.93883253606976,False
pre,opening,max_time_diff,Participation & timing,257,-0.002333999240410974,0.8047136023455086,-0.020835625002763286,0.016167626521941335,-0.010481755213382175,0.30123162510189316,-0.03035401844931375,0.009390508022549399,0.93883253606976,False
pre,opening,max_textblob_subjectivity,Sentiment & emotion,257,0.0018514524767013218,0.8129688928013283,-0.01348588993415658,0.017188794887559224,0.00294335978307541,0.8031488526308643,-0.02019936467712318,0.026086084243274,0.9403745794977991,False
pre,opening,stdev_user_min_positive_words_lexical_wordcount,Lexical (LIWC),257,-0.0016977900509707966,0.8213094789409402,-0.016430773422125018,0.013035193320183425,0.014000013877805893,0.11704274028763578,-0.0035074095372866557,0.03150743729289844,0.9403745794977991,False
pre,opening,max_user_min_textblob_subjectivity,Sentiment & emotion,257,-0.0016291422338022342,0.8303621635426617,-0.016533470458742653,0.013275185991138184,0.0034671926415535165,0.7760190665686597,-0.020417932521937,0.027352317805044032,0.9403745794977991,False
pre,opening,stdev_user_max_cognitive_mech_lexical_wordcount,Lexical (LIWC),257,0.0016785100847053892,0.8369622335286128,-0.014308507342752321,0.0176655275121631,0.021991774311835115,0.03861581464601974,0.0011514846816726293,0.0428320639419976,0.9403745794977991,False
pre,opening,stdev_user_min_positive_affect_lexical_wordcount,Lexical (LIWC),257,-0.0014807976603649624,0.8417428948406085,-0.016016724217470326,0.0130551288967404,0.01627016096615862,0.10226904105615642,-0.0032462874115094242,0.035786609343826666,0.9403745794977991,False
pre,opening,max_Impersonal_Pronoun_receptiveness_yeomans,Receptiveness,257,0.0017034486323532529,0.8426180584738873,-0.015112308992050343,0.01851920625675685,0.014629978555904158,0.12674105155271248,-0.004147181730692624,0.03340713884250094,0.9403745794977991,False
pre,opening,max_present_tense_lexical_wordcount,Lexical (LIWC),257,-0.0015423193700079068,0.8452176280009981,-0.017026538241388396,0.013941899501372581,0.022562243023766394,0.04398284197092465,0.0006081214078707646,0.04451636463966202,0.9403745794977991,False
pre,opening,max_user_min_certainty_lexical_wordcount,Lexical (LIWC),257,0.0010449223892196856,0.875785350962788,-0.012056958525949967,0.01414680330438934,0.026090052529668166,0.01139344470506758,0.005881515961264256,0.04629858909807208,0.9679071190334744,False
pre,opening,stdev_user_max_quantifier_lexical_wordcount,Lexical (LIWC),257,0.0011862075595959246,0.8814868405483427,-0.01440845053813978,0.01678086565733163,0.011778115541824521,0.22732331061850086,-0.007343075585428956,0.030899306669078,0.9679071190334744,False
pre,opening,stdev_user_max_positive_words_lexical_wordcount,Lexical (LIWC),257,-0.0009329343018032903,0.9038735451959118,-0.016073482348351775,0.014207613744745193,0.009367365482721235,0.2620334361567509,-0.00700186865912533,0.0257365996245678,0.9797719989858689,False
pre,opening,min_user_max_negative_bert,Sentiment & emotion,257,0.0008797399818004774,0.9108804108440876,-0.014525315403008606,0.01628479536660956,-0.004544705610691129,0.5526215522560515,-0.01954456007900736,0.0104551488576251,0.9797719989858689,False
pre,opening,max_user_min_conjunction_lexical_wordcount,Lexical (LIWC),257,-0.0008576892444373559,0.9122451237022878,-0.016111151837222646,0.014395773348347934,0.014187824698799761,0.2697488949739262,-0.011008434979186738,0.03938408437678626,0.9797719989858689,False
pre,opening,max_positive_words_lexical_wordcount,Lexical (LIWC),257,-0.0007677743528155358,0.9178502914764595,-0.015357470553846845,0.013821921848215773,0.013684131579673077,0.19792592736371284,-0.007147523081971719,0.034515786241317875,0.9797719989858689,False
pre,opening,max_user_min_insight_lexical_wordcount,Lexical (LIWC),257,0.0006519051408719797,0.9269233763551211,-0.013279199454664182,0.014583009736408142,0.01500794604929539,0.14157554851137166,-0.005002974303723448,0.035018866402314226,0.9797719989858689,False
pre,opening,min_user_max_preposition_lexical_wordcount,Lexical (LIWC),257,-0.000734827506703147,0.9272842133259116,-0.016516111183880234,0.015046456170473939,0.03325335676434177,0.0031737769224967974,0.01116289354316316,0.055343819985520376,0.9797719989858689,False
pre,opening,min_user_max_auxiliary_verbs_lexical_wordcount,Lexical (LIWC),257,0.0007224989348553274,0.9334658449232662,-0.0162394778333965,0.017684475703107154,0.01819897118572168,0.1656383088727531,-0.007529871303003692,0.04392781367444705,0.9801391371694296,False
pre,opening,max_positive_affect_lexical_wordcount,Lexical (LIWC),257,-0.0005380307162190482,0.9438825178814291,-0.015518951863461129,0.014442890431023033,0.021388032944831367,0.04598264497611734,0.0003814332727386377,0.0423946326169241,0.9816743220423018,False
pre,opening,max_forward_flow,Semantic dynamics,257,0.0006364950534040898,0.9466145248265053,-0.01799448259364255,0.019267472700450733,0.003668963597320843,0.7901947838689777,-0.02335914699327632,0.030697074187918005,0.9816743220423018,False
pre,opening,mean_user_max_nltk_english_stopwords_lexical_wordcount,Lexical (LIWC),257,-0.00044371786209087535,0.9567580650182282,-0.01648271383017537,0.015595278105993619,0.029805064679888835,0.044069744069680054,0.000791418843995001,0.05881871051578267,0.9834214822537646,False
pre,opening,max_conjunction_lexical_wordcount,Lexical (LIWC),257,-0.0003852016049241706,0.9600066850572464,-0.015441106378765668,0.014670703168917325,0.01834049685484359,0.1483181303160879,-0.006527555554733978,0.04320854926442116,0.9834214822537646,False
pre,opening,max_money_lexical_wordcount,Lexical (LIWC),257,-0.00021527774051825806,0.9767349642087552,-0.014683727471380102,0.014253171990343587,0.012486528103393311,0.1946945023983372,-0.006385189456529366,0.03135824566331599,0.9909075261563599,False
pre,opening,max_cognitive_mech_lexical_wordcount,Lexical (LIWC),257,0.00018248809138389082,0.9820990800146373,-0.015758340485788485,0.016123316668556268,0.029933501461297828,0.005466227581395835,0.008815961442169267,0.051051041480426385,0.9909075261563599,False
pre,opening,discursive_diversity,Semantic dynamics,257,0.0001415390847403814,0.9869871013142028,-0.016867165274498767,0.01715024344397953,0.00511165989050096,0.670779919010646,-0.01845736191512819,0.028680681696130108,0.9909075261563599,False
pre,opening,stdev_user_max_textblob_polarity,Sentiment & emotion,257,8.075033642445731e-05,0.9909075261563599,-0.013807292021030499,0.013968792693879413,0.003832215993118487,0.7425298785177188,-0.01903198928223742,0.026696421268474393,0.9909075261563599,False
