gameId,last_round,n_rounds_played,penultimate_round,contribution_penultimate,contribution_all_rounds,CONFIG_chat,CONFIG_playerCount,CONFIG_numRounds,CONFIG_showNRounds,CONFIG_multiplier,CONFIG_MPCR,CONFIG_allOrNothing,CONFIG_defaultContribProp,CONFIG_punishmentExists,CONFIG_punishmentCost,CONFIG_punishmentMagnitude,CONFIG_rewardExists,CONFIG_rewardCost,CONFIG_rewardMagnitude,CONFIG_showOtherSummaries,CONFIG_showPunishmentId,CONFIG_showRewardId,has_chat_channel,did_communicate,turn_taking_index,gini_coefficient_sum_num_words,gini_coefficient_sum_num_messages,team_burstiness,mean_info_exchange_zscore_conversation,mean_2nd_person_start_politeness_convokit,mean_Second_Person_receptiveness_yeomans,mean_religion_lexical_wordcount,mean_Acknowledgement_receptiveness_yeomans,mean_verbs_lexical_wordcount,mean_present_tense_lexical_wordcount,mean_argue_lexical_wordcount,mean_Ask_Agency_receptiveness_yeomans,mean_causation_lexical_wordcount,mean_please_start_politeness_convokit,mean_indefinite_pronoun_lexical_wordcount,mean_inclusive_lexical_wordcount,mean_hear_lexical_wordcount,mean_1st_person_politeness_convokit,mean_direct_start_politeness_convokit,mean_positive_affect_lexical_wordcount,mean_Subjectivity_receptiveness_yeomans,mean_family_lexical_wordcount,mean_work_lexical_wordcount,mean_Gratitude_receptiveness_yeomans,mean_future_tense_lexical_wordcount,mean_Disagreement_receptiveness_yeomans,mean_sadness_lexical_wordcount,mean_bio_lexical_wordcount,mean_positivity_zscore_chats,mean_Agreement_receptiveness_yeomans,mean_Token_count_receptiveness_yeomans,mean_insight_lexical_wordcount,mean_content_word_accommodation,mean_positive_words_lexical_wordcount,mean_first_pronouns_proportion,mean_Bare_Command_receptiveness_yeomans,mean_anger_lexical_wordcount,mean_content_word_accommodation_per_conv,mean_Informal_Title_receptiveness_yeomans,mean_Hello_receptiveness_yeomans,mean_Apology_receptiveness_yeomans,mean_Please_receptiveness_yeomans,mean_tentativeness_lexical_wordcount,mean_achievement_lexical_wordcount,mean_Hedges_receptiveness_yeomans,mean_hedges_politeness_convokit,mean_money_lexical_wordcount,mean_Negation_receptiveness_yeomans,mean_anxiety_lexical_wordcount,mean_past_tense_lexical_wordcount,mean_num_question_naive,mean_see_lexical_wordcount,mean_num_all_caps,mean_swear_lexical_wordcount,mean_subjunctive_politeness_convokit,mean_haspositive_politeness_convokit,mean_deference_politeness_convokit,mean_First_Person_Plural_receptiveness_yeomans,mean_num_quotes,mean_num_ellipses,mean_Truth_Intensifier_receptiveness_yeomans,mean_positivity_zscore_conversation,mean_moving_mimicry,mean_quantifier_lexical_wordcount,mean_death_lexical_wordcount,mean_nltk_english_stopwords_lexical_wordcount,mean_relative_lexical_wordcount,mean_body_lexical_wordcount,mean_Negative_Emotion_receptiveness_yeomans,mean_inhibition_lexical_wordcount,mean_negative_affect_lexical_wordcount,mean_article_lexical_wordcount,mean_mimicry_bert,mean_Formal_Title_receptiveness_yeomans,mean_first_person_plural_lexical_wordcount,mean_cognitive_mech_lexical_wordcount,mean_third_person_lexical_wordcount,mean_certainty_rocklage,mean_direct_question_politeness_convokit,mean_num_emoji,mean_NTRI,mean_Swearing_receptiveness_yeomans,mean_first_person_lexical_wordcount,mean_feel_lexical_wordcount,mean_Reassurance_receptiveness_yeomans,mean_first_person_singular_lexical_wordcount,mean_YesNo_Questions_receptiveness_yeomans,mean_certainty_lexical_wordcount,mean_Goodbye_receptiveness_yeomans,mean_exclusive_lexical_wordcount,mean_please_politeness_convokit,mean_hedge_naive,mean_percept_lexical_wordcount,mean_preposition_lexical_wordcount,mean_hashedge_politeness_convokit,mean_Give_Agency_receptiveness_yeomans,mean_First_Person_Single_receptiveness_yeomans,mean_num_emphasis,mean_indicative_politeness_convokit,mean_textblob_subjectivity,mean_social_lexical_wordcount,mean_sexual_lexical_wordcount,mean_dale_chall_score,mean_WH_Questions_receptiveness_yeomans,mean_time_diff,mean_home_lexical_wordcount,mean_word_TTR,mean_forward_flow,mean_negative_bert,mean_function_word_accommodation,mean_friends_lexical_wordcount,mean_conjunction_lexical_wordcount,mean_num_chars,mean_adverbs_lexical_wordcount,mean_auxiliary_verbs_lexical_wordcount,mean_discrepancies_lexical_wordcount,mean_humans_lexical_wordcount,mean_health_lexical_wordcount,mean_Adverb_Limiter_receptiveness_yeomans,mean_Positive_Emotion_receptiveness_yeomans,mean_Reasoning_receptiveness_yeomans,mean_neutral_bert,mean_1st_person_start_politeness_convokit,mean_For_Me_receptiveness_yeomans,mean_For_You_receptiveness_yeomans,mean_Filler_Pause_receptiveness_yeomans,mean_Affirmation_receptiveness_yeomans,mean_num_parentheses,mean_textblob_polarity,sum_num_words,info_diversity,discursive_diversity,variance_in_DD,incongruent_modulation,within_person_disc_range
2CpmMrTnRYQhD69qN,26,27,25,0.8083333333333332,0.7475308641975308,False,6,27,False,4.2,0.7000000000000001,False,1,True,2,6.0,True,2,3.0,True,True,True,False,False,,,,,,,,,,,,,,,,,,,,,,,,,,,,,,,,,,,,,,,,,,,,,,,,,,,,,,,,,,,,,,,,,,,,,,,,,,,,,,,,,,,,,,,,,,,,,,,,,,,,,,,,,,,,,,,,,,,,,,,,,,,,,,,,,,,,,,,,
2HvMCoKkzNvhYKJgp,20,21,19,0.5,0.5987106017191977,False,18,21,True,5.4,0.3,False,1,False,3,7.0,False,3,2.0,False,True,True,False,False,,,,,,,,,,,,,,,,,,,,,,,,,,,,,,,,,,,,,,,,,,,,,,,,,,,,,,,,,,,,,,,,,,,,,,,,,,,,,,,,,,,,,,,,,,,,,,,,,,,,,,,,,,,,,,,,,,,,,,,,,,,,,,,,,,,,,,,,
2YFxArCtvNNrLdMEh,10,11,9,0.25,0.6297872340425532,False,5,11,True,2.3,0.4599999999999999,False,1,True,4,10.0,False,4,5.0,False,True,True,False,False,,,,,,,,,,,,,,,,,,,,,,,,,,,,,,,,,,,,,,,,,,,,,,,,,,,,,,,,,,,,,,,,,,,,,,,,,,,,,,,,,,,,,,,,,,,,,,,,,,,,,,,,,,,,,,,,,,,,,,,,,,,,,,,,,,,,,,,,
2fKfFJWpm9wfoPMfx,27,28,26,1.0,0.9273809523809524,False,9,28,False,5.2,0.5777777777777778,False,1,False,3,12.0,False,3,4.0,False,False,False,False,False,,,,,,,,,,,,,,,,,,,,,,,,,,,,,,,,,,,,,,,,,,,,,,,,,,,,,,,,,,,,,,,,,,,,,,,,,,,,,,,,,,,,,,,,,,,,,,,,,,,,,,,,,,,,,,,,,,,,,,,,,,,,,,,,,,,,,,,,
2kZ3jKdHmB57javWy,12,13,11,1.0,0.7615384615384615,True,8,13,False,2.1,0.2625,False,1,False,4,7.0,True,4,4.0,False,False,False,True,True,0.8888888888888888,0.39,0.3157894736842105,-0.0478390983673217,5.843279076974508e-17,0.0526315789473684,0.1578947368421052,0.0526315789473684,0.0,0.4736842105263157,0.2631578947368421,0.2631578947368421,0.0,0.0526315789473684,0.0,0.3684210526315789,0.0,0.1052631578947368,0.1578947368421052,0.1052631578947368,0.1052631578947368,0.0526315789473684,0.0,0.0,0.0,0.0526315789473684,0.0,0.0,0.0,-0.3034382032863353,0.0,4.947368421052632,0.1052631578947368,0.0180921052631578,0.0526315789473684,0.069298245614035,0.0,0.0,0.043859649122807,0.0,0.2105263157894736,0.1052631578947368,0.0,0.0,0.0526315789473684,0.1052631578947368,0.0526315789473684,0.0,0.1578947368421052,0.0,0.1052631578947368,0.2105263157894736,0.1052631578947368,0.0,0.0,0.0,0.0526315789473684,0.0,0.0,0.0,0.0,0.0,-5.8432790769745086e-18,0.4120851190436187,0.1052631578947368,0.0,2.0,0.3157894736842105,0.0,0.1578947368421052,0.0,0.0,0.0526315789473684,0.2538410689442681,0.0,0.0,0.6842105263157895,0.0,4.755789473684211,0.0,0.0,0.0,0.0,0.1052631578947368,0.0,0.0,0.1052631578947368,0.1578947368421052,0.2105263157894736,0.0,0.2631578947368421,0.0,0.0526315789473684,0.2105263157894736,0.4736842105263157,0.1578947368421052,0.0,0.4210526315789473,0.0,0.0,0.2350877192982456,0.631578947368421,0.0,0.1944842105263158,0.0,15.222263157894735,0.0,0.9719298245614034,0.5988273907300755,0.2705196133373599,0.2105263157894736,0.0,0.1578947368421052,18.36842105263158,0.2105263157894736,0.3684210526315789,0.0526315789473684,0.0,0.0,0.1052631578947368,0.0526315789473684,0.0,0.5172764243263948,0.2105263157894736,0.0,0.0,0.0,0.0,0.0,-0.0328947368421052,80.0,0.0750984069946904,0.5729592837348172,0.0084836718236516,0.007097952001436,1.6067946939995663
2r5xvh4mLkmbyTPuW,22,23,21,0.8888888888888888,0.8862559241706162,True,10,23,True,6.3,0.63,True,0,True,4,15.0,False,4,4.0,False,False,False,True,True,0.9117647058823528,0.5306497175141243,0.5153508771929824,0.0409355849777969,6.232831015439475e-17,0.0643274853801169,0.327485380116959,0.0175438596491228,0.0058479532163742,0.8011695906432749,0.5964912280701754,0.2222222222222222,0.0,0.1461988304093567,0.0058479532163742,0.2514619883040935,0.1169590643274853,0.023391812865497,0.0292397660818713,0.0643274853801169,0.2748538011695906,0.0058479532163742,0.0058479532163742,0.0350877192982456,0.0116959064327485,0.0935672514619883,0.0,0.0467836257309941,0.0409356725146198,-0.4062736759859996,0.0,5.777777777777778,0.1228070175438596,0.001881160271884,0.3567251461988304,0.0259926233610444,0.0760233918128654,0.1228070175438596,0.0157246651983494,0.0116959064327485,0.0,0.0,0.0058479532163742,0.1286549707602339,0.0643274853801169,0.0701754385964912,0.0116959064327485,0.1520467836257309,0.239766081871345,0.0058479532163742,0.0526315789473684,0.0935672514619883,0.023391812865497,0.2748538011695906,0.0292397660818713,0.0058479532163742,0.2573099415204678,0.0175438596491228,0.0935672514619883,0.0409356725146198,0.0058479532163742,0.0,-8.3104413539193e-17,0.2342074236584318,0.0643274853801169,0.0058479532163742,2.0935672514619883,0.3157894736842105,0.023391812865497,0.3801169590643274,0.0292397660818713,0.1111111111111111,0.1812865497076023,0.2021153925908381,0.0058479532163742,0.0935672514619883,0.7485380116959064,0.023391812865497,4.739327485380117,0.0350877192982456,0.0175438596491228,0.0,0.023391812865497,0.0935672514619883,0.023391812865497,0.0058479532163742,0.0760233918128654,0.0526315789473684,0.0818713450292397,0.0058479532163742,0.1695906432748538,0.0,0.0058479532163742,0.0760233918128654,0.4093567251461988,0.0760233918128654,0.0058479532163742,0.1169590643274853,0.0,0.0,0.2892787524366472,0.7192982456140351,0.0175438596491228,2.9517309847773374,0.0584795321637426,7.84885380116959,0.0,0.9705795918284376,0.6240903158527495,0.3965452880522356,0.1520467836257309,0.0058479532163742,0.175438596491228,25.923976608187136,0.2105263157894736,0.5730994152046783,0.0994152046783625,0.087719298245614,0.0,0.0526315789473684,0.2865497076023391,0.0116959064327485,0.420242302533653,0.0935672514619883,0.0,0.0116959064327485,0.0,0.0467836257309941,0.0,0.0790622389306599,885.0,0.3182411401253298,0.4857810405406079,0.0045219647130815,0.1246702739146074,1.050067030748384
33TyenkkqmAAHQSom,16,17,15,0.4571428571428572,0.4585365853658536,False,17,17,True,1.9,0.1117647058823529,False,0,True,1,3.0,False,1,1.0,False,False,False,False,False,,,,,,,,,,,,,,,,,,,,,,,,,,,,,,,,,,,,,,,,,,,,,,,,,,,,,,,,,,,,,,,,,,,,,,,,,,,,,,,,,,,,,,,,,,,,,,,,,,,,,,,,,,,,,,,,,,,,,,,,,,,,,,,,,,,,,,,,
3p9Tuh3Z59cdmPNA7,26,27,25,1.0,0.9706060606060608,True,7,27,True,1.7,0.2428571428571428,False,0,True,3,11.0,False,3,4.0,True,True,True,True,True,1.0,0.3368421052631579,0.2461538461538461,0.1590149767066881,3.416070845000482e-17,0.0,0.0,0.0,0.0,0.3846153846153846,0.1538461538461538,0.0769230769230769,0.0,0.0,0.0,0.1538461538461538,0.0,0.0,0.0769230769230769,0.0,0.3846153846153846,0.0,0.0,0.0,0.0,0.0,0.0,0.0,0.0,-0.0918641121055582,0.0,3.230769230769231,0.0,0.0,0.2307692307692307,0.0,0.0769230769230769,0.0,0.0,0.0,0.0,0.0769230769230769,0.0,0.0769230769230769,0.0,0.0,0.0,0.0769230769230769,0.1538461538461538,0.0,0.0769230769230769,0.0769230769230769,0.0,0.0,0.0,0.0,0.2307692307692307,0.0,0.0,0.0,0.0,0.0,-2.263146934812819e-16,0.2399387718874614,0.0,0.0,1.0769230769230769,0.1538461538461538,0.0,0.2307692307692307,0.0,0.0,0.1538461538461538,0.1806325954229327,0.0,0.0,0.3846153846153846,0.0,4.936923076923078,0.0,0.0,0.0,0.0,0.0,0.0,0.0,0.0769230769230769,0.0769230769230769,0.1538461538461538,0.0,0.0769230769230769,0.0,0.0,0.0,0.0769230769230769,0.0,0.0,0.0769230769230769,0.0,0.0,0.5779914529914529,0.0769230769230769,0.0,1.032023076923077,0.0,43.567384615384626,0.0,1.0,0.6382130628815563,0.1750082903756545,0.0,0.0,0.0769230769230769,14.23076923076923,0.1538461538461538,0.3846153846153846,0.1538461538461538,0.0,0.0,0.0769230769230769,0.2307692307692307,0.0,0.5531403743303739,0.0,0.0,0.0,0.0,0.1538461538461538,0.0,0.123076923076923,38.0,0.0429394210997783,0.6705552088906735,0.024593305061635,0.0184206913934187,1.5938221395732317
3sZW8GmBWg97noGXL,17,18,16,0.6666666666666666,0.5030674846625767,False,11,18,False,1.5,0.1363636363636363,True,1,True,4,6.0,False,4,5.0,True,True,True,False,False,,,,,,,,,,,,,,,,,,,,,,,,,,,,,,,,,,,,,,,,,,,,,,,,,,,,,,,,,,,,,,,,,,,,,,,,,,,,,,,,,,,,,,,,,,,,,,,,,,,,,,,,,,,,,,,,,,,,,,,,,,,,,,,,,,,,,,,,
3tST6tuakPSj9tKTJ,3,4,2,0.7692307692307693,0.7358490566037735,False,14,4,False,5.8,0.4142857142857142,True,0,False,2,6.0,False,2,3.0,True,False,False,False,False,,,,,,,,,,,,,,,,,,,,,,,,,,,,,,,,,,,,,,,,,,,,,,,,,,,,,,,,,,,,,,,,,,,,,,,,,,,,,,,,,,,,,,,,,,,,,,,,,,,,,,,,,,,,,,,,,,,,,,,,,,,,,,,,,,,,,,,,
3uYh9GbzKBb7ZadHf,22,23,21,0.4583333333333333,0.5721014492753623,True,6,23,True,1.2,0.1999999999999999,False,0,False,1,2.0,True,1,1.0,False,False,False,True,True,0.8571428571428571,0.4897959183673469,0.2666666666666666,-0.208103133301452,4.4408920985006264e-17,0.0,0.0,0.0,0.0,0.6,0.2666666666666666,0.0666666666666666,0.0,0.0,0.0,0.4,0.0666666666666666,0.0,0.0,0.0,0.4666666666666667,0.0666666666666666,0.0,0.0,0.0,0.1333333333333333,0.0,0.0,0.0,0.0689119182879847,0.0,3.6666666666666665,0.1333333333333333,0.0,0.3333333333333333,0.015,0.0666666666666666,0.0,0.0,0.0,0.0666666666666666,0.0,0.0,0.1333333333333333,0.0666666666666666,0.0,0.0666666666666666,0.0,0.1333333333333333,0.0666666666666666,0.1333333333333333,0.1333333333333333,0.0666666666666666,0.0,0.0,0.0,0.3333333333333333,0.0,0.0666666666666666,0.0,0.0,0.0,-2.960594732333751e-17,0.1746550452129854,0.2,0.0,1.1333333333333333,0.4,0.0,0.0666666666666666,0.0,0.0,0.0666666666666666,0.1710293714181876,0.0,0.0666666666666666,0.5333333333333333,0.0,4.540666666666667,0.0,0.0,0.0,0.0,0.1333333333333333,0.1333333333333333,0.0,0.0666666666666666,0.1333333333333333,0.2,0.0,0.0666666666666666,0.0,0.0,0.1333333333333333,0.0,0.1333333333333333,0.0,0.0666666666666666,0.0,0.0,0.36,0.2,0.0,0.1488,0.0,14.4844,0.0,1.0,0.5963883595129995,0.1172772684444983,0.0,0.0,0.1333333333333333,12.533333333333331,0.2,0.4,0.0666666666666666,0.0666666666666666,0.0,0.0666666666666666,0.3333333333333333,0.0,0.5655451317628225,0.0666666666666666,0.0,0.0,0.0,0.2666666666666666,0.0,0.1,49.0,0.029266287420232,0.4152325332627977,0.030787211907708,0.0212465506459674,1.2945366245423535
3uqZPGxnY38PPCreu,19,20,18,1.0,0.86875,True,8,20,True,3.8,0.475,True,1,True,2,6.0,False,2,2.0,False,True,True,True,True,0.9142857142857144,0.6262626262626263,0.5,0.0968468113143166,-8.018277400070575e-17,0.0,0.1111111111111111,0.0,0.1111111111111111,0.8888888888888888,0.6111111111111112,0.2222222222222222,0.0,0.0833333333333333,0.0,0.3888888888888889,0.3055555555555556,0.0555555555555555,0.0277777777777777,0.0555555555555555,0.25,0.0,0.0,0.1111111111111111,0.0277777777777777,0.1111111111111111,0.0,0.0,0.0,0.1283150470524334,0.0,6.527777777777778,0.0277777777777777,0.0095164609053497,0.2777777777777778,0.0423229548229548,0.0555555555555555,0.0277777777777777,0.0148148148148148,0.0,0.0277777777777777,0.0,0.0,0.2222222222222222,0.1388888888888889,0.0555555555555555,0.0277777777777777,0.25,0.1666666666666666,0.0277777777777777,0.0833333333333333,0.1666666666666666,0.1666666666666666,0.0555555555555555,0.0277777777777777,0.0,0.2222222222222222,0.0555555555555555,0.1944444444444444,0.0,0.0277777777777777,0.0,-3.0839528461809905e-17,0.1686444109865698,0.1666666666666666,0.0,2.4444444444444446,0.3888888888888889,0.0,0.1388888888888889,0.0,0.0555555555555555,0.2777777777777778,0.159188216070693,0.0,0.2222222222222222,1.0277777777777777,0.0,4.973888888888889,0.0555555555555555,0.0277777777777777,0.0,0.0277777777777777,0.2777777777777778,0.0833333333333333,0.0277777777777777,0.0555555555555555,0.1111111111111111,0.1944444444444444,0.0,0.3055555555555556,0.0,0.0,0.25,0.1666666666666666,0.0555555555555555,0.0,0.1111111111111111,0.0,0.0,0.2557098765432098,0.4722222222222222,0.0,1.4020735398860402,0.0833333333333333,25.533499999999997,0.0,0.9869047619047618,0.6519298378243295,0.1727075116036252,0.1111111111111111,0.0,0.3611111111111111,25.25,0.2222222222222222,0.6666666666666666,0.1666666666666666,0.0,0.0,0.0833333333333333,0.2222222222222222,0.0,0.4933678474691179,0.0555555555555555,0.0,0.0,0.0,0.1944444444444444,0.0,0.1113425925925925,198.0,0.1577419732307863,0.651931213457739,0.0069894482470128,0.0550629358162137,1.57037245249237
3zSNGrLvJJYZhmW2p,18,19,17,0.75,0.5745614035087719,True,12,19,False,1.3,0.1083333333333333,True,1,True,4,11.0,True,4,5.0,True,True,True,True,True,0.9152542372881356,0.5051319648093842,0.4606060606060606,0.0417634768565652,-4.996003610813205e-17,0.0,0.0,0.0,0.0333333333333333,0.5666666666666667,0.4,0.15,0.0,0.1166666666666666,0.0,0.1666666666666666,0.15,0.0666666666666666,0.05,0.0166666666666666,0.2166666666666666,0.0,0.0,0.05,0.0166666666666666,0.0666666666666666,0.0,0.0166666666666666,0.0166666666666666,0.1879172545361266,0.0166666666666666,4.983333333333333,0.0666666666666666,0.0010736061957353,0.2833333333333333,0.0267261904761904,0.1333333333333333,0.0333333333333333,0.0525,0.0,0.15,0.0,0.0,0.1666666666666666,0.0833333333333333,0.05,0.0166666666666666,0.0666666666666666,0.1166666666666666,0.0,0.05,0.2166666666666666,0.1166666666666666,0.05,0.0,0.0,0.2166666666666666,0.05,0.0666666666666666,0.0,0.0166666666666666,0.0,-1.4247862149356174e-16,0.2963491528228221,0.1833333333333333,0.0,1.7666666666666666,0.4166666666666667,0.0,0.1166666666666666,0.0666666666666666,0.0333333333333333,0.2,0.2559606214947516,0.0,0.0666666666666666,0.85,0.0,4.595000000000001,0.0833333333333333,0.0,0.0,0.0,0.0666666666666666,0.0666666666666666,0.0,0.0166666666666666,0.1166666666666666,0.15,0.0,0.15,0.0,0.0,0.1833333333333333,0.5333333333333333,0.05,0.0,0.1166666666666666,0.0,0.0,0.2414285714285714,0.5,0.0,1.833864603174603,0.05,23.5986,0.0,0.9871428571428572,0.64635275490546,0.1864611490163951,0.1666666666666666,0.0,0.2333333333333333,19.666666666666668,0.2,0.3166666666666666,0.15,0.05,0.0,0.0666666666666666,0.2333333333333333,0.0,0.4628110325274368,0.0833333333333333,0.0,0.0,0.0,0.1166666666666666,0.0,0.0855952380952381,248.0,0.1605828310218942,0.589380703570308,0.0028488618848445,0.0591947876024685,1.4959996689931596
4Menw33JLbdtzSvug,11,12,10,1.0,0.9333333333333332,False,10,12,True,5.2,0.52,False,1,True,2,7.0,True,2,3.0,True,False,False,False,False,,,,,,,,,,,,,,,,,,,,,,,,,,,,,,,,,,,,,,,,,,,,,,,,,,,,,,,,,,,,,,,,,,,,,,,,,,,,,,,,,,,,,,,,,,,,,,,,,,,,,,,,,,,,,,,,,,,,,,,,,,,,,,,,,,,,,,,,
4Z5uDYPcFsmMAnBJf,9,10,8,0.9,0.82,True,20,10,True,5.0,0.25,True,1,True,4,5.0,True,4,5.0,True,False,False,True,True,0.9166666666666666,0.4347826086956521,0.304054054054054,-0.0239820398681006,-3.300663046182898e-17,0.0,0.1351351351351351,0.0,0.027027027027027,0.5675675675675675,0.4864864864864865,0.1351351351351351,0.0,0.054054054054054,0.0,0.1891891891891892,0.081081081081081,0.0,0.0,0.027027027027027,0.2972972972972973,0.0,0.0,0.027027027027027,0.0,0.0,0.0,0.0,0.0,0.1280335868885692,0.0,4.351351351351352,0.0,0.0033417151086257,0.2162162162162162,0.006006006006006,0.054054054054054,0.054054054054054,0.0608108108108108,0.0,0.0,0.0,0.0,0.1351351351351351,0.081081081081081,0.027027027027027,0.0,0.027027027027027,0.1081081081081081,0.027027027027027,0.054054054054054,0.0,0.054054054054054,0.1081081081081081,0.0,0.0,0.1351351351351351,0.054054054054054,0.081081081081081,0.0,0.0,0.0,-1.9203857723245952e-16,0.3355637401782305,0.2702702702702703,0.0,1.3783783783783785,0.4054054054054054,0.0,0.054054054054054,0.0,0.0,0.1891891891891892,0.2792260517096542,0.0,0.081081081081081,0.4054054054054054,0.0,4.793783783783784,0.027027027027027,0.081081081081081,0.0,0.0,0.054054054054054,0.027027027027027,0.0,0.0,0.0,0.081081081081081,0.0,0.027027027027027,0.0,0.027027027027027,0.081081081081081,0.3513513513513513,0.027027027027027,0.0,0.0,0.0,0.0,0.2713588588588588,0.4594594594594595,0.0,1.9664532686532683,0.027027027027027,15.619675675675676,0.0,0.963963963963964,0.6112083170154703,0.1988764930440968,0.1351351351351351,0.027027027027027,0.1351351351351351,17.54054054054054,0.1621621621621621,0.2432432432432432,0.027027027027027,0.054054054054054,0.0,0.0,0.1621621621621621,0.0,0.4672781953437103,0.0,0.0,0.0,0.0,0.1891891891891892,0.0,0.1317117117117117,138.0,0.1121960005809569,0.6301490741806891,0.0106595470149332,0.0136513165702388,1.6377244196153176
4jSXooYhn8K6Cucgv,11,12,10,0.8699999999999999,0.82625,False,10,12,True,5.2,0.52,False,1,False,2,7.0,True,2,3.0,True,False,False,False,False,,,,,,,,,,,,,,,,,,,,,,,,,,,,,,,,,,,,,,,,,,,,,,,,,,,,,,,,,,,,,,,,,,,,,,,,,,,,,,,,,,,,,,,,,,,,,,,,,,,,,,,,,,,,,,,,,,,,,,,,,,,,,,,,,,,,,,,,
4nKD5eDXT2JfQEFC2,17,18,16,1.0,0.8611111111111112,True,16,18,False,3.9,0.24375,True,0,False,3,7.0,False,3,2.0,False,True,True,True,True,0.9627659574468084,0.4812062466343565,0.3957671957671957,0.0690519642397081,0.0,0.0529100529100529,0.1481481481481481,0.0952380952380952,0.0052910052910052,0.492063492063492,0.3862433862433862,0.0952380952380952,0.0,0.0264550264550264,0.0,0.0793650793650793,0.0634920634920634,0.0052910052910052,0.0582010582010582,0.0211640211640211,0.1746031746031746,0.0158730158730158,0.0052910052910052,0.0317460317460317,0.0,0.037037037037037,0.0,0.0052910052910052,0.0846560846560846,0.1164735139505967,0.0,3.925925925925926,0.037037037037037,0.0038817801198468,0.201058201058201,0.0372197026958931,0.0687830687830687,0.0264550264550264,0.0207875457875457,0.0052910052910052,0.0264550264550264,0.0158730158730158,0.0158730158730158,0.0846560846560846,0.0582010582010582,0.0423280423280423,0.0158730158730158,0.0476190476190476,0.1322751322751322,0.0052910052910052,0.037037037037037,0.0793650793650793,0.0529100529100529,0.2116402116402116,0.0,0.0,0.1534391534391534,0.0052910052910052,0.0317460317460317,0.0,0.0476190476190476,0.0,-4.4643888820905763e-17,0.2997847219221496,0.0634920634920634,0.0,1.2010582010582012,0.2222222222222222,0.0052910052910052,0.0687830687830687,0.0105820105820105,0.0105820105820105,0.1428571428571428,0.2582952721517326,0.0,0.0264550264550264,0.3915343915343915,0.0105820105820105,4.617354497354498,0.037037037037037,0.0158730158730158,0.0052910052910052,0.0,0.1111111111111111,0.0423280423280423,0.0,0.1111111111111111,0.0476190476190476,0.0582010582010582,0.0,0.1111111111111111,0.0158730158730158,0.0,0.074074074074074,0.1481481481481481,0.0634920634920634,0.0052910052910052,0.1375661375661375,0.0,0.0,0.2033898222588698,0.3333333333333333,0.0423280423280423,1.637112694213488,0.0264550264550264,6.461999999999999,0.0,0.9620979255899892,0.60499893972264,0.1834086156228468,0.1164021164021164,0.0052910052910052,0.1269841269841269,15.333333333333334,0.1216931216931216,0.3121693121693121,0.0687830687830687,0.037037037037037,0.0105820105820105,0.0052910052910052,0.1587301587301587,0.0,0.4860051114151559,0.1005291005291005,0.0,0.0,0.0,0.0476190476190476,0.0,0.0432621280835566,619.0,0.228858943947108,0.3518851321801808,0.0026845471425983,0.0521289450274066,1.1901642259299543
56mkyKr2q9hbfJo5e,19,20,18,0.3333333333333333,0.2833333333333333,True,3,20,True,1.2,0.3999999999999999,True,1,False,4,5.0,False,4,3.0,True,False,False,True,False,,,,,,,,,,,,,,,,,,,,,,,,,,,,,,,,,,,,,,,,,,,,,,,,,,,,,,,,,,,,,,,,,,,,,,,,,,,,,,,,,,,,,,,,,,,,,,,,,,,,,,,,,,,,,,,,,,,,,,,,,,,,,,,,,,,,,,,,
5JcvB7tm4oqd3iXPL,11,12,10,0.4078947368421052,0.4100877192982456,False,19,12,False,1.9,0.0999999999999999,False,1,False,2,6.0,True,2,2.0,True,True,True,False,False,,,,,,,,,,,,,,,,,,,,,,,,,,,,,,,,,,,,,,,,,,,,,,,,,,,,,,,,,,,,,,,,,,,,,,,,,,,,,,,,,,,,,,,,,,,,,,,,,,,,,,,,,,,,,,,,,,,,,,,,,,,,,,,,,,,,,,,,
5QNEkruDSQpYQ54a7,19,20,18,1.0,1.0,True,3,20,True,1.7,0.5666666666666667,True,1,True,3,12.0,True,3,3.0,True,False,False,True,True,0.0,0.0,0.0,0.0,,0.0,0.0,0.0,1.0,1.0,1.0,0.0,0.0,0.0,0.0,0.0,1.0,0.0,0.0,0.0,1.0,0.0,0.0,0.0,0.0,0.0,0.0,0.0,0.0,0.96186373575627,0.0,7.0,0.0,0.0,1.0,0.1666666666666666,0.0,0.0,0.0,0.0,0.0,0.0,0.0,0.0,1.0,0.0,0.0,0.0,0.0,0.0,0.0,1.0,0.0,0.0,0.0,0.0,1.0,0.0,1.0,0.0,0.0,0.0,,0.0,1.0,0.0,2.0,0.0,0.0,0.0,0.0,0.0,1.0,0.0,0.0,1.0,1.0,0.0,4.5,0.0,0.0,0.0,0.0,1.0,0.0,0.0,0.0,1.0,0.0,0.0,0.0,0.0,0.0,0.0,0.0,0.0,0.0,0.0,0.0,0.0,0.3,1.0,0.0,0.2976,0.0,0.0,0.0,1.0,0.0,0.0173534862697124,0.0,0.0,0.0,25.0,0.0,0.0,0.0,0.0,0.0,0.0,1.0,0.0,0.4137262403964996,0.0,0.0,0.0,0.0,0.0,0.0,1.0,6.0,0.0,0.0,0.0,0.0,0.0
5R4kRpHMWpazH7csB,10,11,9,1.0,0.8833333333333333,True,3,11,False,1.5,0.5,False,0,True,3,9.0,False,3,4.0,True,False,False,True,False,,,,,,,,,,,,,,,,,,,,,,,,,,,,,,,,,,,,,,,,,,,,,,,,,,,,,,,,,,,,,,,,,,,,,,,,,,,,,,,,,,,,,,,,,,,,,,,,,,,,,,,,,,,,,,,,,,,,,,,,,,,,,,,,,,,,,,,,
5peepGs4D4ExMXS4R,9,10,8,0.946875,0.94875,True,16,10,True,10.3,0.64375,False,0,True,2,6.0,True,2,2.0,False,False,False,True,True,0.950413223140496,0.4218632958801498,0.4400720164609053,0.0281858392532282,-9.594519965896414e-17,0.0082304526748971,0.0864197530864197,0.0164609053497942,0.0123456790123456,0.7818930041152263,0.5061728395061729,0.2098765432098765,0.0,0.1646090534979424,0.0041152263374485,0.2633744855967078,0.2263374485596707,0.0576131687242798,0.074074074074074,0.0452674897119341,0.2222222222222222,0.0411522633744856,0.0,0.0905349794238683,0.0041152263374485,0.0864197530864197,0.0123456790123456,0.0082304526748971,0.0205761316872428,-0.0751592221761947,0.0329218106995884,6.51440329218107,0.1728395061728395,0.0039502386718013,0.2016460905349794,0.0527387923139557,0.0617283950617283,0.0246913580246913,0.0117971306242911,0.0082304526748971,0.0041152263374485,0.0123456790123456,0.0123456790123456,0.1440329218106996,0.0987654320987654,0.0658436213991769,0.0493827160493827,0.1193415637860082,0.1234567901234567,0.0041152263374485,0.1440329218106996,0.1069958847736625,0.0617283950617283,0.1893004115226337,0.0,0.0,0.1563786008230452,0.0082304526748971,0.1893004115226337,0.0534979423868312,0.0246913580246913,0.0288065843621399,-7.310110450206792e-17,0.2351274960018571,0.139917695473251,0.0,2.2757201646090537,0.5432098765432098,0.0041152263374485,0.3045267489711934,0.0246913580246913,0.0329218106995884,0.1604938271604938,0.2032283769808516,0.0246913580246913,0.1728395061728395,1.0987654320987654,0.0452674897119341,4.7206721536351175,0.0329218106995884,0.0493827160493827,0.0082304526748971,0.0,0.205761316872428,0.0205761316872428,0.0,0.0905349794238683,0.0823045267489712,0.1975308641975308,0.0,0.1893004115226337,0.0082304526748971,0.0452674897119341,0.1234567901234567,0.5349794238683128,0.0905349794238683,0.0,0.1975308641975308,0.0,0.0,0.2298948331047096,0.588477366255144,0.0041152263374485,1.898740319031382,0.0329218106995884,4.18019341563786,0.0,0.9761451830161167,0.6234989853482783,0.1823435334829851,0.1481481481481481,0.0,0.2345679012345679,26.897119341563787,0.2757201646090535,0.4814814814814814,0.1069958847736625,0.0658436213991769,0.0041152263374485,0.0576131687242798,0.1851851851851851,0.0041152263374485,0.5410956560553591,0.1316872427983539,0.0,0.0,0.0,0.0699588477366255,0.0041152263374485,0.0479881115683584,1335.0,0.3282650779645121,0.4439272754328434,0.0056765246644294,0.0951693337637151,1.1530909537714698
5qNajwPqTHZR4hzfB,9,10,8,0.631578947368421,0.7291666666666666,True,20,10,True,5.0,0.25,True,1,False,4,5.0,True,4,5.0,True,False,False,True,True,0.945945945945946,0.4830053667262969,0.3279352226720648,0.1631709812685766,-7.596262800066861e-17,0.0,0.0263157894736842,0.0,0.0,0.4473684210526316,0.2894736842105263,0.0789473684210526,0.0,0.0,0.0,0.0789473684210526,0.0789473684210526,0.0,0.0789473684210526,0.0526315789473684,0.0789473684210526,0.0,0.0,0.0263157894736842,0.0,0.0,0.0,0.0263157894736842,0.0,0.0296402293461406,0.0,3.789473684210526,0.0526315789473684,0.0012524368885258,0.0789473684210526,0.0999126104735523,0.0526315789473684,0.0,0.0350877192982456,0.0,0.0263157894736842,0.0,0.0263157894736842,0.131578947368421,0.0526315789473684,0.0,0.0,0.0526315789473684,0.0789473684210526,0.0,0.1578947368421052,0.0526315789473684,0.0263157894736842,0.0,0.0,0.0,0.0526315789473684,0.0,0.0789473684210526,0.0,0.0,0.0,-6.427606984671959e-17,0.3216735266229106,0.1052631578947368,0.0,1.736842105263158,0.3947368421052631,0.0,0.1052631578947368,0.0263157894736842,0.0526315789473684,0.131578947368421,0.3378480808064596,0.0,0.0526315789473684,0.631578947368421,0.0,4.968552631578947,0.0,0.0263157894736842,0.0,0.0,0.1052631578947368,0.0,0.0,0.0789473684210526,0.0263157894736842,0.3421052631578947,0.0,0.131578947368421,0.0263157894736842,0.0,0.0263157894736842,0.2894736842105263,0.0,0.0,0.2368421052631578,0.0,0.0,0.1150584795321637,0.2894736842105263,0.0,0.9022377258936812,0.0,18.02634210526316,0.0,0.9831321725366046,0.5733651931220327,0.1624236543491286,0.4210526315789473,0.0,0.1842105263157894,13.710526315789474,0.1578947368421052,0.3157894736842105,0.0526315789473684,0.0526315789473684,0.0,0.0263157894736842,0.0526315789473684,0.0,0.531470289747966,0.131578947368421,0.0,0.0,0.0,0.0789473684210526,0.0,0.0153508771929824,129.0,0.0834489946737507,0.6125396688059777,0.0010648613939707,0.0829694842053073,1.392189248652312
5srShkDRaeNasJntF,11,12,10,0.6333333333333333,0.7507853403141361,True,17,12,True,1.1,0.0647058823529411,False,1,False,4,13.0,False,4,6.0,False,True,True,True,True,0.967741935483871,0.5134438305709024,0.4297872340425532,0.0837447136460876,1.0747903749030771e-16,0.0,0.1382978723404255,0.0,0.0212765957446808,1.297872340425532,0.8085106382978723,0.202127659574468,0.0,0.1276595744680851,0.0,0.2872340425531915,0.2234042553191489,0.0106382978723404,0.0744680851063829,0.0531914893617021,0.2446808510638297,0.0212765957446808,0.0,0.0744680851063829,0.0,0.1063829787234042,0.0106382978723404,0.0212765957446808,0.0638297872340425,-0.3640184781290196,0.0,6.372340425531915,0.1489361702127659,0.0072577753269817,0.1914893617021276,0.045459720365853,0.0319148936170212,0.1063829787234042,0.045323293727549,0.0106382978723404,0.0,0.0,0.0,0.2127659574468085,0.0531914893617021,0.0425531914893617,0.0212765957446808,0.1595744680851064,0.2446808510638297,0.0106382978723404,0.1489361702127659,0.0638297872340425,0.0319148936170212,0.0851063829787234,0.0531914893617021,0.0,0.1382978723404255,0.0106382978723404,0.1808510638297872,0.0106382978723404,0.0,0.0106382978723404,-1.8602141104091718e-16,0.3926786638380465,0.2340425531914893,0.0,2.702127659574468,0.4893617021276595,0.0319148936170212,0.1489361702127659,0.0638297872340425,0.0957446808510638,0.2659574468085106,0.2818627348493272,0.0,0.1489361702127659,1.1702127659574468,0.0,4.939042553191489,0.0212765957446808,0.0212765957446808,0.0,0.0212765957446808,0.202127659574468,0.0319148936170212,0.0,0.1595744680851064,0.0425531914893617,0.1170212765957446,0.0,0.2659574468085106,0.0,0.0212765957446808,0.0744680851063829,0.4574468085106383,0.0744680851063829,0.0106382978723404,0.2127659574468085,0.0,0.0,0.2700502364066193,0.5851063829787234,0.0106382978723404,1.9057651640634423,0.0212765957446808,9.12236170212766,0.0,0.979331956459616,0.5807114099937902,0.2792439596242014,0.1276595744680851,0.0106382978723404,0.1914893617021276,27.5,0.351063829787234,0.851063829787234,0.1808510638297872,0.0319148936170212,0.0212765957446808,0.0957446808510638,0.1808510638297872,0.0,0.5256309681472943,0.1914893617021276,0.0,0.0,0.0,0.0638297872340425,0.0,0.0438238770685579,543.0,0.2257911231826977,0.4421317508501988,0.0273819856804079,0.0383312563750851,1.4098587409662744
5t4Ap8vtxqkcQ9zKZ,20,21,19,0.3375,0.3964285714285714,False,4,21,False,2.7,0.675,False,1,True,2,4.0,True,2,2.0,True,True,True,False,False,,,,,,,,,,,,,,,,,,,,,,,,,,,,,,,,,,,,,,,,,,,,,,,,,,,,,,,,,,,,,,,,,,,,,,,,,,,,,,,,,,,,,,,,,,,,,,,,,,,,,,,,,,,,,,,,,,,,,,,,,,,,,,,,,,,,,,,,
5wPa3KXc3CN6CzKyT,16,17,15,0.975,0.8588235294117647,True,10,17,True,5.9,0.5900000000000001,False,1,True,2,5.0,True,2,1.0,True,False,False,True,False,,,,,,,,,,,,,,,,,,,,,,,,,,,,,,,,,,,,,,,,,,,,,,,,,,,,,,,,,,,,,,,,,,,,,,,,,,,,,,,,,,,,,,,,,,,,,,,,,,,,,,,,,,,,,,,,,,,,,,,,,,,,,,,,,,,,,,,,
62jkonBJNwxE4uxCc,18,19,17,0.9,0.8461538461538461,True,13,19,False,4.9,0.3769230769230769,True,0,False,1,1.0,True,1,1.0,True,False,False,True,True,0.8450704225352113,0.3703943115707822,0.3095238095238095,0.0670797258050037,6.167905692361981e-17,0.0,0.0694444444444444,0.0,0.0,1.1527777777777777,0.6805555555555556,0.2361111111111111,0.0,0.0972222222222222,0.0,0.4722222222222222,0.1666666666666666,0.0277777777777777,0.1111111111111111,0.0277777777777777,0.25,0.0277777777777777,0.0,0.125,0.0,0.0972222222222222,0.0,0.0,0.0,-0.470039965788244,0.0,6.555555555555555,0.1111111111111111,0.0024959727530984,0.2222222222222222,0.0275819859153192,0.0138888888888888,0.0277777777777777,0.0317396723646723,0.0138888888888888,0.0,0.0,0.0,0.3611111111111111,0.0694444444444444,0.1527777777777778,0.0416666666666666,0.1527777777777778,0.2083333333333333,0.0,0.1666666666666666,0.0972222222222222,0.125,0.0138888888888888,0.0,0.0,0.0972222222222222,0.0,0.0972222222222222,0.0,0.0277777777777777,0.0277777777777777,-1.9120507646322144e-16,0.1860702878154748,0.125,0.0,2.7777777777777777,0.5277777777777778,0.0,0.0416666666666666,0.0138888888888888,0.0,0.2916666666666667,0.188049103535269,0.0,0.0972222222222222,1.0972222222222223,0.0138888888888888,5.073333333333333,0.0138888888888888,0.0,0.0,0.0,0.125,0.0972222222222222,0.0,0.1388888888888889,0.0277777777777777,0.0833333333333333,0.0,0.1944444444444444,0.0,0.0555555555555555,0.1666666666666666,0.6527777777777778,0.2083333333333333,0.0,0.2638888888888889,0.0138888888888888,0.0,0.1580803571428571,0.7083333333333334,0.0,1.611712343906094,0.0,12.857125,0.0277777777777777,0.988154650133817,0.640770381915282,0.2647034038220429,0.2083333333333333,0.0,0.2361111111111111,29.555555555555557,0.3333333333333333,0.8888888888888888,0.1666666666666666,0.1666666666666666,0.0,0.0277777777777777,0.0972222222222222,0.0277777777777777,0.5700612988116013,0.1388888888888889,0.0,0.0,0.0,0.0555555555555555,0.0,0.0379232804232804,442.0,0.2406729407323131,0.44901949138024,0.0039288966417357,0.0451959736135497,1.262755845270909
6AnZ2gcC3gTC5kA9j,21,22,20,0.5388888888888889,0.5318181818181819,True,9,22,True,2.2,0.2444444444444444,False,0,False,3,4.0,False,3,3.0,True,True,True,True,True,0.8311688311688312,0.5040221216691805,0.4874551971326165,-0.0230206210539876,-7.449238358775243e-17,0.0064516129032258,0.1096774193548387,0.0129032258064516,0.0064516129032258,0.967741935483871,0.6451612903225806,0.1677419354838709,0.0064516129032258,0.0838709677419354,0.0,0.3483870967741935,0.1870967741935484,0.0258064516129032,0.0903225806451612,0.0258064516129032,0.3096774193548387,0.0064516129032258,0.0064516129032258,0.0580645161290322,0.0,0.1096774193548387,0.0,0.0064516129032258,0.0064516129032258,-0.1087056271636328,0.0,6.612903225806452,0.0580645161290322,0.0023180499285397,0.2645161290322581,0.0565098726910871,0.0580645161290322,0.0258064516129032,0.0223700536270057,0.0064516129032258,0.0,0.0,0.0129032258064516,0.2580645161290322,0.1225806451612903,0.064516129032258,0.0129032258064516,0.0451612903225806,0.2064516129032258,0.0064516129032258,0.0838709677419354,0.1032258064516129,0.0967741935483871,0.0516129032258064,0.0,0.0,0.1741935483870967,0.0064516129032258,0.1225806451612903,0.0451612903225806,0.0,0.0,-2.2920733411616138e-17,0.192438530231575,0.2129032258064516,0.0,2.425806451612903,0.535483870967742,0.0,0.1419354838709677,0.032258064516129,0.0580645161290322,0.2387096774193548,0.1899073174910438,0.0,0.1096774193548387,1.0,0.0,4.776096774193549,0.032258064516129,0.0064516129032258,0.0,0.0,0.1548387096774193,0.0387096774193548,0.0,0.0903225806451612,0.064516129032258,0.1612903225806451,0.0064516129032258,0.2258064516129032,0.0129032258064516,0.0258064516129032,0.1225806451612903,0.4645161290322581,0.0709677419354838,0.0,0.1870967741935484,0.0064516129032258,0.0,0.2306404249871991,0.5612903225806452,0.0,2.4729048188402363,0.0258064516129032,12.624787096774194,0.0,0.9854943238292384,0.6059590864145279,0.2598272442757602,0.1548387096774193,0.0,0.1935483870967742,27.806451612903224,0.2903225806451613,0.6387096774193548,0.1225806451612903,0.0967741935483871,0.0064516129032258,0.064516129032258,0.1806451612903225,0.0193548387096774,0.473069408578017,0.0903225806451612,0.0,0.0,0.0,0.1225806451612903,0.0,0.0985232160312805,884.0,0.2838132656390756,0.50501950472454,0.0021465541013244,0.1420391911907401,1.104681839578418
6DXFKd9xB82wP9Jgv,3,4,2,0.625,0.65625,True,8,4,False,5.1,0.6375,True,1,False,3,8.0,True,3,3.0,True,True,True,True,True,1.0,0.0,0.0,-0.1670868620935987,,0.0,0.0,0.0,0.0,0.0,0.0,0.0,0.0,0.0,0.0,0.0,0.0,0.0,0.0,0.0,0.0,0.0,0.0,0.0,0.0,0.0,0.0,0.0,0.0,1.147121888055923,0.0,1.75,0.0,0.0,0.0,0.0,0.0,0.0,0.0,0.0,0.75,0.0,0.0,0.0,0.0,0.0,0.0,0.0,0.0,0.0,0.0,0.0,0.0,0.0,0.0,0.0,0.0,0.0,0.0,0.0,0.0,0.0,1.6653345369377348e-16,0.600467110244647,0.0,0.0,0.0,0.0,0.0,0.0,0.0,0.0,0.0,0.4833732730509947,0.0,0.0,0.0,0.0,4.5,0.0,0.25,0.0,0.0,0.0,0.0,0.0,0.0,0.0,0.0,0.0,0.0,0.0,0.0,0.0,0.0,0.0,0.0,0.0,0.0,0.0,0.25,0.25,0.0,0.0496,0.0,4.428,0.0,0.75,0.2576204864153301,0.0528389941900968,0.25,0.0,0.0,3.0,0.0,0.0,0.0,0.0,0.0,0.0,0.0,0.0,0.3260124288499355,0.0,0.0,0.0,0.0,0.0,0.0,0.125,4.0,4.894138595316469e-12,0.4652297846094764,0.2303296809881476,0.0003815177980607,1.6031991490727049
6SoC6epyahaHq4Aqk,7,8,6,0.75,0.7442148760330578,False,16,8,False,5.4,0.3375,False,0,False,4,16.0,True,4,4.0,True,False,False,False,False,,,,,,,,,,,,,,,,,,,,,,,,,,,,,,,,,,,,,,,,,,,,,,,,,,,,,,,,,,,,,,,,,,,,,,,,,,,,,,,,,,,,,,,,,,,,,,,,,,,,,,,,,,,,,,,,,,,,,,,,,,,,,,,,,,,,,,,,
6dqvAvzRitgMgaghe,8,9,7,0.8235294117647058,0.869281045751634,False,17,9,False,8.7,0.5117647058823529,True,0,True,3,5.0,True,3,3.0,False,True,True,False,False,,,,,,,,,,,,,,,,,,,,,,,,,,,,,,,,,,,,,,,,,,,,,,,,,,,,,,,,,,,,,,,,,,,,,,,,,,,,,,,,,,,,,,,,,,,,,,,,,,,,,,,,,,,,,,,,,,,,,,,,,,,,,,,,,,,,,,,,
6g6EedD8XEyQjFWFq,28,29,27,1.0,0.8896551724137931,True,5,29,True,2.6,0.52,True,1,True,3,3.0,True,3,2.0,True,False,False,True,True,0.8571428571428571,0.4645161290322581,0.25,0.090135395570788,-2.7755575615628914e-17,0.0,0.0,0.0,0.0,0.75,0.625,0.0,0.0,0.0,0.0,0.5,0.25,0.0,0.0,0.0,0.0,0.0,0.0,0.0,0.0,0.125,0.0,0.0,0.0,-0.4091361344168268,0.0,4.125,0.0,0.0004807692307692,0.125,0.0178571428571428,0.125,0.0,0.0625,0.0,0.0,0.0,0.0,0.375,0.0,0.0,0.0,0.0,0.25,0.0,0.0,0.25,0.0,0.0,0.0,0.0,0.0,0.0,0.125,0.0,0.0,0.0,-2.220446049250313e-16,0.2383089934638055,0.25,0.0,1.5,0.875,0.0,0.0,0.0,0.0,0.25,0.1808018257568702,0.0,0.125,0.875,0.0,4.5,0.125,0.0,0.0,0.0,0.125,0.0,0.0,0.0,0.125,0.125,0.0,0.25,0.0,0.0,0.0,0.375,0.0,0.0,0.0,0.0,0.0,0.1489583333333333,0.5,0.0,4.680991666666666,0.0,33.325,0.0,1.0,0.6047800784292874,0.2631983365863561,0.0,0.0,0.25,20.875,0.0,0.25,0.25,0.0,0.0,0.0,0.0,0.0,0.5543962474912405,0.0,0.0,0.0,0.0,0.0,0.0,-0.0916666666666666,31.0,0.0159758047859957,0.7122988268234962,0.0082907134588971,0.0024629409487196,1.6783176092862797
6iLBXJmhY7rAmsriu,4,5,3,0.9090909090909092,0.8421052631578947,True,13,5,True,5.9,0.4538461538461539,True,0,False,4,15.0,True,4,4.0,False,False,False,True,True,0.9411764705882352,0.6158730158730159,0.3174603174603174,0.0271673369332045,2.929755203871941e-17,0.0,0.2777777777777778,0.0,0.0555555555555555,0.8888888888888888,0.6111111111111112,0.1666666666666666,0.0,0.0,0.0,0.2222222222222222,0.2222222222222222,0.0,0.0555555555555555,0.0,0.2777777777777778,0.0,0.0,0.0,0.0,0.1666666666666666,0.0,0.0,0.0555555555555555,0.6231714482183177,0.0,5.444444444444445,0.0555555555555555,0.0211956818900563,0.2222222222222222,0.0813071188071187,0.0,0.0,0.1157407407407407,0.0,0.2777777777777778,0.0,0.0,0.2222222222222222,0.1666666666666666,0.0,0.0,0.2222222222222222,0.0555555555555555,0.0,0.1111111111111111,0.0,0.0,0.1666666666666666,0.0,0.0,0.1666666666666666,0.0,0.2777777777777778,0.0,0.0,0.0,-1.480297366166875e-16,0.4485800494879652,0.2222222222222222,0.0,2.1666666666666665,0.3888888888888889,0.0,0.0,0.0,0.0,0.1111111111111111,0.3397185090903412,0.0,0.2777777777777778,0.8888888888888888,0.0,4.5,0.0,0.0,0.0,0.0,0.3333333333333333,0.0,0.0,0.0555555555555555,0.0,0.2222222222222222,0.0,0.3333333333333333,0.0,0.0,0.0,0.2777777777777778,0.0,0.0,0.1111111111111111,0.0,0.0,0.1888888888888888,0.9444444444444444,0.0,1.1284814814814816,0.0,17.45622222222222,0.0,0.96494708994709,0.5683239999145671,0.0848077507172193,0.2222222222222222,0.0,0.2777777777777778,22.666666666666668,0.0555555555555555,0.3333333333333333,0.1666666666666666,0.0555555555555555,0.0,0.0,0.1666666666666666,0.0,0.4417567489047845,0.0555555555555555,0.0,0.0555555555555555,0.0,0.1111111111111111,0.0,0.1333333333333333,90.0,0.0808580496090732,0.6300709953420568,0.0885539746390382,0.0301435892282249,1.665005125984225
6t8NHQ8iTzuxsgpr3,17,18,16,0.5333333333333333,0.5863309352517986,False,18,18,True,9.1,0.5055555555555555,True,1,True,4,8.0,False,4,4.0,True,False,False,False,False,,,,,,,,,,,,,,,,,,,,,,,,,,,,,,,,,,,,,,,,,,,,,,,,,,,,,,,,,,,,,,,,,,,,,,,,,,,,,,,,,,,,,,,,,,,,,,,,,,,,,,,,,,,,,,,,,,,,,,,,,,,,,,,,,,,,,,,,
7Dqmxs3oHzzCzEY25,12,13,11,0.890909090909091,0.8475524475524475,False,13,13,False,7.5,0.5769230769230769,False,0,True,1,3.0,True,1,1.0,False,True,True,False,False,,,,,,,,,,,,,,,,,,,,,,,,,,,,,,,,,,,,,,,,,,,,,,,,,,,,,,,,,,,,,,,,,,,,,,,,,,,,,,,,,,,,,,,,,,,,,,,,,,,,,,,,,,,,,,,,,,,,,,,,,,,,,,,,,,,,,,,,
7MAEDhNrj9dbwaxXN,15,16,14,1.0,0.8989830508474576,True,19,16,False,12.5,0.6578947368421053,False,1,False,2,8.0,False,2,2.0,True,True,True,True,True,0.965686274509804,0.4927248677248677,0.4911585365853658,0.0369903522333518,0.0,0.0195121951219512,0.0585365853658536,0.0,0.0097560975609756,0.4926829268292683,0.2780487804878049,0.1414634146341463,0.0048780487804878,0.0439024390243902,0.0097560975609756,0.1317073170731707,0.0975609756097561,0.0195121951219512,0.024390243902439,0.0048780487804878,0.1756097560975609,0.0048780487804878,0.0048780487804878,0.048780487804878,0.0097560975609756,0.0634146341463414,0.0048780487804878,0.0,0.0,0.1951962671427682,0.0097560975609756,4.536585365853658,0.048780487804878,0.0004388839255653,0.1268292682926829,0.0288114595431668,0.0975609756097561,0.0292682926829268,0.0059713626987016,0.0,0.0,0.0097560975609756,0.0146341463414634,0.0390243902439024,0.0634146341463414,0.0195121951219512,0.0048780487804878,0.0682926829268292,0.0829268292682926,0.0,0.0780487804878048,0.1024390243902439,0.0634146341463414,0.2146341463414634,0.0,0.0,0.1365853658536585,0.0439024390243902,0.0634146341463414,0.0048780487804878,0.0195121951219512,0.0,0.0,0.2908692958431855,0.073170731707317,0.0,1.424390243902439,0.4439024390243902,0.0,0.073170731707317,0.0292682926829268,0.0341463414634146,0.0878048780487804,0.2915527921317704,0.0,0.0536585365853658,0.526829268292683,0.0,4.825739837398374,0.0439024390243902,0.0146341463414634,0.0048780487804878,0.0,0.073170731707317,0.048780487804878,0.0,0.0536585365853658,0.0341463414634146,0.1463414634146341,0.0,0.1024390243902439,0.0048780487804878,0.0048780487804878,0.1073170731707317,0.3073170731707317,0.0341463414634146,0.0,0.0878048780487804,0.0,0.0,0.2062025745257452,0.3268292682926829,0.0,1.3035075782212369,0.0390243902439024,6.897400000000002,0.0,0.9924961854660564,0.5488443944907405,0.1525594001227035,0.0829268292682926,0.0,0.1268292682926829,17.06341463414634,0.2195121951219512,0.3853658536585366,0.0536585365853658,0.048780487804878,0.0,0.048780487804878,0.1560975609756097,0.0048780487804878,0.4946606699354583,0.0634146341463414,0.0048780487804878,0.0,0.0,0.1170731707317073,0.0,0.0720562330623306,756.0,0.225174961176526,0.4277269295492413,0.0017813160550258,0.120516791043402,1.1295150861242151
7SL3Ldc2fSvv9ysFY,3,4,2,0.0,0.25,False,6,4,True,1.5,0.25,True,0,False,2,8.0,False,2,2.0,True,True,True,False,False,,,,,,,,,,,,,,,,,,,,,,,,,,,,,,,,,,,,,,,,,,,,,,,,,,,,,,,,,,,,,,,,,,,,,,,,,,,,,,,,,,,,,,,,,,,,,,,,,,,,,,,,,,,,,,,,,,,,,,,,,,,,,,,,,,,,,,,,
7XaGiWpfnXcbSBRB7,21,22,20,1.0,0.9954545454545456,True,5,22,True,2.4,0.48,False,0,False,2,6.0,False,2,2.0,False,False,False,True,True,1.0,0.3863636363636363,0.0,-0.2279031035319677,5.551115123125783e-17,0.0,0.0,0.0,0.0,0.25,0.25,0.0,0.0,0.0,0.0,0.0,0.25,0.0,0.25,0.0,0.0,0.0,0.0,0.0,0.0,0.0,0.0,0.0,0.0,0.5530509287652801,0.0,3.0,0.0,0.0,0.0,0.0833333333333333,0.0,0.0,0.0,0.0,0.0,0.0,0.0,0.0,0.25,0.0,0.0,0.0,0.0,0.0,0.0,0.0,0.0,0.0,0.0,0.0,0.0,0.0,0.0,0.0,0.0,0.0,-2.723515857283587e-16,0.2302910159754438,0.25,0.0,1.25,0.75,0.0,0.0,0.0,0.0,0.0,0.1965065193418055,0.0,0.0,0.5,0.0,4.5,0.0,0.0,0.0,0.0,0.25,0.0,0.0,0.25,0.0,0.25,0.0,0.0,0.0,0.0,0.0,0.25,0.0,0.0,0.25,0.0,0.0,0.0,0.0,0.0,0.1364,0.0,3.009,0.0,1.0,0.5408286573866057,0.0621866071596741,0.0,0.0,0.0,11.25,0.0,0.0,0.0,0.0,0.0,0.25,0.0,0.0,0.4841464161872864,0.0,0.0,0.0,0.0,0.25,0.0,0.0,11.0,0.0057826727666179,0.7901238447737368,0.0141671306019975,0.0003179713521982,1.7611852006454811
7errvqpTxvn2FkWnS,22,23,21,0.9375,0.9570707070707072,True,19,23,False,4.3,0.2263157894736842,True,0,False,4,10.0,False,4,3.0,False,True,True,True,True,0.8968253968253969,0.5517665474060823,0.5605314960629921,0.0265320357262215,9.790943209292719e-17,0.0314960629921259,0.0629921259842519,0.0,0.0157480314960629,0.7874015748031497,0.5433070866141733,0.1811023622047244,0.0,0.0551181102362204,0.0,0.1574803149606299,0.2047244094488189,0.0,0.0708661417322834,0.0,0.2125984251968504,0.0236220472440944,0.0,0.0551181102362204,0.0157480314960629,0.0866141732283464,0.0078740157480314,0.0236220472440944,0.0236220472440944,0.1426914363921481,0.0,5.2362204724409445,0.0787401574803149,0.0019705908001733,0.2204724409448819,0.0475163397407491,0.0314960629921259,0.0078740157480314,0.0289411376025549,0.0,0.0393700787401574,0.0314960629921259,0.0078740157480314,0.0551181102362204,0.0787401574803149,0.0157480314960629,0.0236220472440944,0.1102362204724409,0.1496062992125984,0.0078740157480314,0.1023622047244094,0.0472440944881889,0.0314960629921259,0.2755905511811024,0.0,0.0,0.1889763779527559,0.0551181102362204,0.1574803149606299,0.0078740157480314,0.0236220472440944,0.0,-1.2063840740021387e-16,0.2567269392053674,0.0629921259842519,0.0078740157480314,1.811023622047244,0.5196850393700787,0.0078740157480314,0.1889763779527559,0.0157480314960629,0.0472440944881889,0.1496062992125984,0.2308945743058039,0.0,0.1732283464566929,0.6771653543307087,0.0629921259842519,4.659842519685039,0.0157480314960629,0.0314960629921259,0.0157480314960629,0.0,0.2519685039370078,0.0314960629921259,0.0236220472440944,0.0944881889763779,0.0236220472440944,0.1811023622047244,0.0,0.0708661417322834,0.0078740157480314,0.0314960629921259,0.0472440944881889,0.3543307086614173,0.0393700787401574,0.0,0.1338582677165354,0.0,0.0,0.2558180227471566,0.4960629921259842,0.0078740157480314,1.4712460161011338,0.0157480314960629,9.654692913385825,0.0078740157480314,0.9760581609991058,0.6277897653098421,0.2102631978235963,0.1811023622047244,0.0157480314960629,0.0866141732283464,20.26771653543307,0.2125984251968504,0.4015748031496063,0.0551181102362204,0.0708661417322834,0.0,0.0236220472440944,0.2047244094488189,0.0078740157480314,0.4517591297406498,0.0551181102362204,0.0078740157480314,0.0,0.0,0.1259842519685039,0.0,0.0256233595800524,559.0,0.2436992493510986,0.6151053876301269,0.0013608802793579,0.0631230150358719,1.4355313648790604
7o9sxLHXffQ4YEE3L,18,19,17,0.9166666666666666,0.9583333333333334,True,13,19,False,4.9,0.3769230769230769,True,0,True,1,1.0,True,1,1.0,True,False,False,True,True,0.8164251207729468,0.5034288728679445,0.5244755244755245,0.0154458673442198,7.686159401251084e-17,0.0096153846153846,0.0336538461538461,0.0048076923076923,0.0048076923076923,0.7403846153846154,0.4567307692307692,0.2403846153846154,0.0,0.0769230769230769,0.0,0.2451923076923076,0.1490384615384615,0.0721153846153846,0.1153846153846153,0.0384615384615384,0.4471153846153846,0.0336538461538461,0.0240384615384615,0.0432692307692307,0.0096153846153846,0.0336538461538461,0.0096153846153846,0.0096153846153846,0.048076923076923,0.4354588954974777,0.0048076923076923,5.865384615384615,0.1201923076923077,0.0010817984919015,0.3605769230769231,0.0406250506186874,0.0432692307692307,0.0144230769230769,0.015898240459892,0.0288461538461538,0.0096153846153846,0.0144230769230769,0.0,0.0817307692307692,0.0817307692307692,0.0192307692307692,0.0432692307692307,0.0336538461538461,0.1490384615384615,0.0192307692307692,0.1923076923076923,0.0961538461538461,0.0913461538461538,0.0673076923076923,0.0144230769230769,0.0,0.2932692307692308,0.0240384615384615,0.0576923076923076,0.0384615384615384,0.0192307692307692,0.0192307692307692,-8.540177112501205e-17,0.1929591999905966,0.1201923076923077,0.0,1.9230769230769231,0.4519230769230769,0.0288461538461538,0.1586538461538461,0.0096153846153846,0.0192307692307692,0.1971153846153846,0.1924367352526236,0.0,0.0673076923076923,0.7259615384615384,0.0192307692307692,4.736891025641025,0.0192307692307692,0.0144230769230769,0.0096153846153846,0.0144230769230769,0.1298076923076923,0.0384615384615384,0.0096153846153846,0.1634615384615384,0.0528846153846153,0.0865384615384615,0.0,0.1201923076923077,0.0,0.0144230769230769,0.1875,0.3894230769230769,0.0625,0.0048076923076923,0.3028846153846153,0.0,0.0,0.3152735285547786,0.4134615384615384,0.0240384615384615,2.158756049980453,0.0288461538461538,7.804966346153846,0.0144230769230769,0.9856425286236514,0.6401445661887899,0.1484511005042944,0.1009615384615384,0.0,0.1682692307692307,23.841346153846153,0.2307692307692307,0.5,0.0673076923076923,0.0384615384615384,0.0,0.0336538461538461,0.3701923076923077,0.0144230769230769,0.4310336796871314,0.1778846153846154,0.0048076923076923,0.0,0.0,0.0769230769230769,0.0,0.1649232711732711,1034.0,0.3271595607746044,0.4832350948499906,0.0011580199102541,0.0914710973162701,1.2746959545290415
7rRMrZEp457b9pC3m,7,8,6,1.0,0.96125,True,10,8,False,5.0,0.5,False,1,False,3,6.0,False,3,2.0,False,False,False,True,True,0.9705882352941176,0.3996802557953637,0.3809523809523809,0.0985532399841077,1.3322676295501878e-16,0.0,0.0,0.0,0.0285714285714285,0.6,0.5142857142857142,0.2,0.0,0.1142857142857142,0.0,0.0285714285714285,0.1142857142857142,0.0571428571428571,0.1428571428571428,0.0285714285714285,0.2,0.0285714285714285,0.0,0.0857142857142857,0.0,0.0285714285714285,0.0,0.0,0.0,0.2137585266289492,0.0,4.485714285714286,0.0285714285714285,0.0033115652143884,0.1714285714285714,0.0545598845598845,0.0285714285714285,0.0,0.0282828282828282,0.0,0.0571428571428571,0.0,0.0,0.0285714285714285,0.0857142857142857,0.0285714285714285,0.0571428571428571,0.0,0.3714285714285714,0.0,0.0,0.0285714285714285,0.0,0.3714285714285714,0.0,0.0,0.1714285714285714,0.0285714285714285,0.0571428571428571,0.0,0.0,0.0,-2.5376526277146434e-17,0.2381425613547193,0.0571428571428571,0.0,2.085714285714286,0.4857142857142857,0.0,0.0,0.0,0.0,0.2285714285714285,0.311901538901038,0.0,0.0571428571428571,1.0571428571428572,0.0,4.769142857142858,0.0571428571428571,0.0571428571428571,0.0,0.0,0.2,0.0,0.0,0.2285714285714285,0.0,0.3428571428571428,0.0,0.4,0.0,0.0,0.0571428571428571,0.3428571428571428,0.0571428571428571,0.0,0.3428571428571428,0.0,0.0,0.282063492063492,0.2285714285714285,0.0,1.102757810760668,0.0285714285714285,7.4676,0.0,0.9498412698412696,0.592124107971887,0.1665565531035618,0.5714285714285714,0.0,0.1142857142857142,16.257142857142856,0.2,0.4,0.0285714285714285,0.0,0.0,0.0857142857142857,0.1714285714285714,0.0,0.4754304192960262,0.2,0.0,0.0,0.0,0.1428571428571428,0.0,0.1395238095238095,139.0,0.0693729557276941,0.4959493606051249,0.0175459740711966,0.0159874418881143,1.6231107638322997
7to5RiJpshY2MvBNu,9,10,8,0.5,0.475,False,6,10,True,1.3,0.2166666666666666,False,1,True,3,7.0,True,3,4.0,False,True,True,False,False,,,,,,,,,,,,,,,,,,,,,,,,,,,,,,,,,,,,,,,,,,,,,,,,,,,,,,,,,,,,,,,,,,,,,,,,,,,,,,,,,,,,,,,,,,,,,,,,,,,,,,,,,,,,,,,,,,,,,,,,,,,,,,,,,,,,,,,,
7yyirNGEzfjhQMfbx,12,13,11,0.5714285714285714,0.6077127659574468,False,15,13,False,4.0,0.2666666666666666,False,0,True,1,2.0,False,1,1.0,False,True,True,False,False,,,,,,,,,,,,,,,,,,,,,,,,,,,,,,,,,,,,,,,,,,,,,,,,,,,,,,,,,,,,,,,,,,,,,,,,,,,,,,,,,,,,,,,,,,,,,,,,,,,,,,,,,,,,,,,,,,,,,,,,,,,,,,,,,,,,,,,,
8Q9xrERA837uZzPPq,22,23,21,0.0249999999999999,0.6126811594202899,True,6,23,True,1.2,0.1999999999999999,False,0,True,1,2.0,True,1,1.0,False,False,False,True,False,,,,,,,,,,,,,,,,,,,,,,,,,,,,,,,,,,,,,,,,,,,,,,,,,,,,,,,,,,,,,,,,,,,,,,,,,,,,,,,,,,,,,,,,,,,,,,,,,,,,,,,,,,,,,,,,,,,,,,,,,,,,,,,,,,,,,,,,
8RwSyFp46rjQwX2zM,6,7,5,0.5411764705882353,0.6361344537815127,False,17,7,False,11.3,0.6647058823529413,False,0,False,3,4.0,False,3,4.0,True,False,False,False,False,,,,,,,,,,,,,,,,,,,,,,,,,,,,,,,,,,,,,,,,,,,,,,,,,,,,,,,,,,,,,,,,,,,,,,,,,,,,,,,,,,,,,,,,,,,,,,,,,,,,,,,,,,,,,,,,,,,,,,,,,,,,,,,,,,,,,,,,
8YXh4RiGFyz2WzNsM,21,22,20,0.92,0.8150000000000001,True,5,22,True,2.4,0.48,False,0,True,2,6.0,False,2,2.0,False,False,False,True,False,,,,,,,,,,,,,,,,,,,,,,,,,,,,,,,,,,,,,,,,,,,,,,,,,,,,,,,,,,,,,,,,,,,,,,,,,,,,,,,,,,,,,,,,,,,,,,,,,,,,,,,,,,,,,,,,,,,,,,,,,,,,,,,,,,,,,,,,
8g559tzcyHknHhGqS,29,30,28,0.9,0.7641196013289037,True,11,30,True,5.0,0.4545454545454545,True,1,True,1,2.0,False,1,1.0,False,True,True,True,True,0.9736842105263158,0.2366071428571428,0.2521367521367521,-0.033748466126257,8.540177112501205e-17,0.0256410256410256,0.2051282051282051,0.0,0.0256410256410256,0.9230769230769232,0.6666666666666666,0.2564102564102564,0.0,0.1282051282051282,0.0256410256410256,0.5128205128205128,0.3076923076923077,0.0256410256410256,0.0769230769230769,0.0256410256410256,0.2564102564102564,0.0,0.0,0.0769230769230769,0.0,0.0512820512820512,0.0,0.0512820512820512,0.0512820512820512,0.2312990563895005,0.0,6.897435897435898,0.0512820512820512,0.0002787068004459,0.2564102564102564,0.073059348059348,0.0512820512820512,0.0256410256410256,0.0128205128205128,0.0,0.0,0.0512820512820512,0.0256410256410256,0.2051282051282051,0.0769230769230769,0.0769230769230769,0.0,0.0512820512820512,0.2307692307692307,0.0256410256410256,0.1025641025641025,0.1538461538461538,0.0512820512820512,0.0,0.0,0.0,0.1794871794871795,0.0,0.1282051282051282,0.0256410256410256,0.0512820512820512,0.0,-1.394895595041863e-16,0.1910694761894836,0.1794871794871795,0.0,2.769230769230769,0.7948717948717948,0.0,0.1282051282051282,0.0256410256410256,0.0256410256410256,0.1282051282051282,0.1874876061036569,0.0,0.1282051282051282,1.1025641025641026,0.0,4.853333333333333,0.0769230769230769,0.0256410256410256,0.0,0.0,0.3333333333333333,0.0256410256410256,0.0256410256410256,0.2564102564102564,0.0769230769230769,0.2051282051282051,0.0,0.2051282051282051,0.0,0.0256410256410256,0.0769230769230769,0.5384615384615384,0.0769230769230769,0.0,0.282051282051282,0.0,0.0,0.3527269027269026,0.5128205128205128,0.0256410256410256,2.503648494098494,0.0769230769230769,20.509153846153843,0.0,0.9622982681806213,0.6423927688124699,0.2302847582345398,0.2564102564102564,0.0,0.3333333333333333,28.153846153846153,0.3076923076923077,0.6923076923076923,0.1538461538461538,0.0,0.0256410256410256,0.0512820512820512,0.2051282051282051,0.0,0.4067571420127001,0.1538461538461538,0.0,0.0,0.0,0.0512820512820512,0.0,0.1407610907610907,224.0,0.1535106202757663,0.5384890874773886,0.0007722449836446,0.0400816594927832,1.4111382264128718
8hq66JYxzJDaMrXT3,23,24,22,0.6666666666666666,0.2638888888888889,False,3,24,False,1.2,0.3999999999999999,True,1,True,1,3.0,True,1,1.0,False,False,False,False,False,,,,,,,,,,,,,,,,,,,,,,,,,,,,,,,,,,,,,,,,,,,,,,,,,,,,,,,,,,,,,,,,,,,,,,,,,,,,,,,,,,,,,,,,,,,,,,,,,,,,,,,,,,,,,,,,,,,,,,,,,,,,,,,,,,,,,,,,
97LHwQWTy4RY2qNDb,4,5,3,0.5555555555555556,0.5555555555555556,False,9,5,True,3.2,0.3555555555555555,True,1,False,1,1.0,True,1,1.0,False,True,True,False,False,,,,,,,,,,,,,,,,,,,,,,,,,,,,,,,,,,,,,,,,,,,,,,,,,,,,,,,,,,,,,,,,,,,,,,,,,,,,,,,,,,,,,,,,,,,,,,,,,,,,,,,,,,,,,,,,,,,,,,,,,,,,,,,,,,,,,,,,
9ASf6qit6vvva9hTQ,26,27,25,0.6285714285714287,0.6346560846560847,True,7,27,True,1.7,0.2428571428571428,False,0,False,3,11.0,False,3,4.0,True,True,True,True,False,,,,,,,,,,,,,,,,,,,,,,,,,,,,,,,,,,,,,,,,,,,,,,,,,,,,,,,,,,,,,,,,,,,,,,,,,,,,,,,,,,,,,,,,,,,,,,,,,,,,,,,,,,,,,,,,,,,,,,,,,,,,,,,,,,,,,,,,
9CKnSuooyXfNQ7SmZ,28,29,27,1.0,0.8973747016706444,False,16,29,True,9.2,0.575,True,0,True,2,3.0,False,2,2.0,True,True,True,False,False,,,,,,,,,,,,,,,,,,,,,,,,,,,,,,,,,,,,,,,,,,,,,,,,,,,,,,,,,,,,,,,,,,,,,,,,,,,,,,,,,,,,,,,,,,,,,,,,,,,,,,,,,,,,,,,,,,,,,,,,,,,,,,,,,,,,,,,,
9T5eQaLgunhkheb4d,6,7,5,0.8333333333333334,0.5727272727272728,False,4,7,True,1.7,0.425,False,0,True,2,3.0,True,2,1.0,False,False,False,False,False,,,,,,,,,,,,,,,,,,,,,,,,,,,,,,,,,,,,,,,,,,,,,,,,,,,,,,,,,,,,,,,,,,,,,,,,,,,,,,,,,,,,,,,,,,,,,,,,,,,,,,,,,,,,,,,,,,,,,,,,,,,,,,,,,,,,,,,,
9dyp2Lrvn5EkHXHdL,10,11,9,0.5066666666666666,0.593939393939394,False,15,11,False,2.5,0.1666666666666666,False,1,False,3,11.0,False,3,3.0,False,False,False,False,False,,,,,,,,,,,,,,,,,,,,,,,,,,,,,,,,,,,,,,,,,,,,,,,,,,,,,,,,,,,,,,,,,,,,,,,,,,,,,,,,,,,,,,,,,,,,,,,,,,,,,,,,,,,,,,,,,,,,,,,,,,,,,,,,,,,,,,,,
9yZTFePmTSHgajWgp,28,29,27,0.7692307692307693,0.6921182266009852,False,16,29,True,9.2,0.575,True,0,False,2,3.0,False,2,2.0,True,True,True,False,False,,,,,,,,,,,,,,,,,,,,,,,,,,,,,,,,,,,,,,,,,,,,,,,,,,,,,,,,,,,,,,,,,,,,,,,,,,,,,,,,,,,,,,,,,,,,,,,,,,,,,,,,,,,,,,,,,,,,,,,,,,,,,,,,,,,,,,,,
AHpeQMPttm2nCchKx,11,12,10,0.415,0.5400826446280991,False,11,12,True,6.2,0.5636363636363636,False,0,False,3,7.0,True,3,2.0,True,True,True,False,False,,,,,,,,,,,,,,,,,,,,,,,,,,,,,,,,,,,,,,,,,,,,,,,,,,,,,,,,,,,,,,,,,,,,,,,,,,,,,,,,,,,,,,,,,,,,,,,,,,,,,,,,,,,,,,,,,,,,,,,,,,,,,,,,,,,,,,,,
AfQEs5mo2WvAMib5t,7,8,6,0.9,0.8768750000000001,True,10,8,False,5.0,0.5,False,1,True,3,6.0,False,3,2.0,False,False,False,True,True,0.9473684210526316,0.33,0.1634615384615384,0.0071290565320889,-8.540177112501205e-17,0.0256410256410256,0.1282051282051282,0.0,0.0256410256410256,1.0256410256410255,0.6410256410256411,0.1025641025641025,0.0,0.1538461538461538,0.0,0.282051282051282,0.2051282051282051,0.0512820512820512,0.0256410256410256,0.0,0.1538461538461538,0.0512820512820512,0.0,0.0256410256410256,0.0256410256410256,0.0256410256410256,0.0256410256410256,0.0,0.0256410256410256,-0.0775150310388253,0.0,5.923076923076923,0.2051282051282051,0.0077092400195554,0.1794871794871795,0.0374847374847374,0.0512820512820512,0.0,0.0506245890861275,0.0,0.0,0.0,0.0,0.1025641025641025,0.0256410256410256,0.0,0.0512820512820512,0.0256410256410256,0.1025641025641025,0.0512820512820512,0.3076923076923077,0.2051282051282051,0.1025641025641025,0.2307692307692307,0.0,0.0,0.1794871794871795,0.0,0.1538461538461538,0.0,0.0256410256410256,0.0,-6.26279654916755e-17,0.2537593090323961,0.2307692307692307,0.0,2.41025641025641,0.6153846153846154,0.0,0.0512820512820512,0.0256410256410256,0.0,0.1538461538461538,0.2462816948272267,0.0,0.1538461538461538,0.8974358974358975,0.0,4.663675213675213,0.1282051282051282,0.0,0.0,0.0,0.2564102564102564,0.0256410256410256,0.0,0.1794871794871795,0.0512820512820512,0.1794871794871795,0.0,0.1025641025641025,0.0,0.0,0.1538461538461538,0.5128205128205128,0.0512820512820512,0.0,0.1282051282051282,0.0,0.0,0.1584401709401709,0.5641025641025641,0.0,2.128634546837178,0.1538461538461538,6.945615384615385,0.0,0.9831437568279674,0.5622454270687202,0.1678787061753563,0.0512820512820512,0.0,0.1282051282051282,23.333333333333332,0.0769230769230769,0.5384615384615384,0.0256410256410256,0.0256410256410256,0.0256410256410256,0.0,0.1794871794871795,0.0,0.5562246438975518,0.1282051282051282,0.0,0.0,0.0,0.1538461538461538,0.0,0.073076923076923,200.0,0.1310831493236124,0.4471127706364929,0.0140813631502079,0.0345197455747785,1.2812116115991
AkKpXm5WKgPqgXTX5,7,8,6,0.878125,0.7834645669291339,False,16,8,False,5.4,0.3375,False,0,True,4,16.0,True,4,4.0,True,False,False,False,False,,,,,,,,,,,,,,,,,,,,,,,,,,,,,,,,,,,,,,,,,,,,,,,,,,,,,,,,,,,,,,,,,,,,,,,,,,,,,,,,,,,,,,,,,,,,,,,,,,,,,,,,,,,,,,,,,,,,,,,,,,,,,,,,,,,,,,,,
AqPfaaLHAaHtiD862,8,9,7,0.0,0.3333333333333333,False,4,9,True,1.2,0.3,True,0,True,2,2.0,False,2,1.0,True,True,True,False,False,,,,,,,,,,,,,,,,,,,,,,,,,,,,,,,,,,,,,,,,,,,,,,,,,,,,,,,,,,,,,,,,,,,,,,,,,,,,,,,,,,,,,,,,,,,,,,,,,,,,,,,,,,,,,,,,,,,,,,,,,,,,,,,,,,,,,,,,
AwYmEZGGC7Z6PcHd8,5,6,4,0.75,0.8333333333333334,False,4,6,True,2.4,0.6,True,1,False,3,9.0,True,3,4.0,True,False,False,False,False,,,,,,,,,,,,,,,,,,,,,,,,,,,,,,,,,,,,,,,,,,,,,,,,,,,,,,,,,,,,,,,,,,,,,,,,,,,,,,,,,,,,,,,,,,,,,,,,,,,,,,,,,,,,,,,,,,,,,,,,,,,,,,,,,,,,,,,,
CATbsDaTRRiuSjM6F,18,19,17,1.0,1.0,True,8,19,True,5.2,0.65,True,0,True,3,4.0,False,3,4.0,False,False,False,True,True,0.9444444444444444,0.5030181086519114,0.3458646616541353,0.1202151850488317,-9.349246523159211e-17,0.0,0.0,0.0,0.0526315789473684,0.7368421052631579,0.5263157894736842,0.3684210526315789,0.0,0.0526315789473684,0.0,0.1578947368421052,0.2105263157894736,0.0,0.0526315789473684,0.0,0.2105263157894736,0.0526315789473684,0.1052631578947368,0.0526315789473684,0.0,0.1578947368421052,0.0526315789473684,0.0,0.0,0.4037172011107717,0.0,4.368421052631579,0.2105263157894736,0.0004372577168265,0.3157894736842105,0.0389306599832915,0.0,0.0,0.043859649122807,0.0,0.2631578947368421,0.0,0.0,0.1578947368421052,0.0526315789473684,0.0,0.0526315789473684,0.0,0.1052631578947368,0.0,0.0,0.0526315789473684,0.0,0.0526315789473684,0.0,0.0,0.2105263157894736,0.0,0.1578947368421052,0.0,0.1052631578947368,0.0,-6.427606984671959e-17,0.5591315126015143,0.0526315789473684,0.0,1.4210526315789471,0.3684210526315789,0.0,0.0526315789473684,0.1052631578947368,0.0,0.1052631578947368,0.3604465537406376,0.0,0.1578947368421052,1.0,0.0,5.0210526315789465,0.0,0.0,0.0,0.0,0.2631578947368421,0.0526315789473684,0.0,0.1052631578947368,0.0526315789473684,0.0526315789473684,0.0,0.2631578947368421,0.0,0.0,0.0526315789473684,0.2631578947368421,0.1052631578947368,0.0,0.1578947368421052,0.0,0.0,0.2640350877192982,0.4736842105263157,0.0,0.9277526315789472,0.0,20.22373684210526,0.0,1.0,0.5371704729161086,0.144517627593718,0.1578947368421052,0.0,0.2631578947368421,17.63157894736842,0.3684210526315789,0.3684210526315789,0.1052631578947368,0.0,0.0,0.1052631578947368,0.3157894736842105,0.0,0.4439158079851615,0.1578947368421052,0.0,0.0,0.0,0.0526315789473684,0.0,0.1289473684210526,71.0,0.0830761894811849,0.5357393131887996,0.0863328585057424,0.0110897856681074,1.6446490958636817
CEe8uDycRbaQrEx6u,8,9,7,1.0,0.9191919191919192,False,11,9,False,4.4,0.4,True,0,True,1,2.0,False,1,1.0,True,False,False,False,False,,,,,,,,,,,,,,,,,,,,,,,,,,,,,,,,,,,,,,,,,,,,,,,,,,,,,,,,,,,,,,,,,,,,,,,,,,,,,,,,,,,,,,,,,,,,,,,,,,,,,,,,,,,,,,,,,,,,,,,,,,,,,,,,,,,,,,,,
CK2s6TSodhYoinW7Z,26,27,25,1.0,0.964723926380368,True,7,27,True,1.7,0.2428571428571428,False,0,True,3,11.0,False,3,4.0,True,True,True,True,True,0.7727272727272727,0.489922480620155,0.2434782608695652,0.1884883925218263,-4.4650273816446514e-17,0.0,0.0869565217391304,0.0,0.0434782608695652,0.9565217391304348,0.6956521739130435,0.3043478260869565,0.0,0.0869565217391304,0.0,0.1304347826086956,0.391304347826087,0.0869565217391304,0.0869565217391304,0.0869565217391304,0.0869565217391304,0.0434782608695652,0.0,0.1304347826086956,0.0,0.0434782608695652,0.0,0.0,0.0,0.4562994325635243,0.0,6.434782608695652,0.1304347826086956,0.0225863916809083,0.2608695652173913,0.0330759394058626,0.0434782608695652,0.0434782608695652,0.0652173913043478,0.0,0.0,0.0,0.0,0.2608695652173913,0.217391304347826,0.0,0.0434782608695652,0.0434782608695652,0.0,0.0,0.1304347826086956,0.0869565217391304,0.0869565217391304,0.0,0.0,0.0,0.217391304347826,0.0,0.3043478260869565,0.0,0.0,0.0,-9.654113257610055e-17,0.1946050399997789,0.1739130434782608,0.0,2.608695652173913,0.9565217391304348,0.0,0.0869565217391304,0.0,0.0434782608695652,0.3043478260869565,0.22659477127782,0.0434782608695652,0.2608695652173913,1.173913043478261,0.0434782608695652,4.684347826086957,0.0,0.0434782608695652,0.0,0.0,0.3478260869565217,0.0434782608695652,0.0,0.1304347826086956,0.0,0.1739130434782608,0.0,0.217391304347826,0.0,0.0434782608695652,0.1739130434782608,0.5652173913043478,0.0434782608695652,0.0,0.1304347826086956,0.0,0.0,0.1987483530961792,0.6521739130434783,0.0,1.3978205324939343,0.0434782608695652,36.237130434782614,0.0434782608695652,0.9894091415830546,0.6839166358686795,0.0613295036955209,0.1304347826086956,0.0,0.3043478260869565,25.73913043478261,0.217391304347826,0.4782608695652174,0.1739130434782608,0.0434782608695652,0.0,0.0434782608695652,0.217391304347826,0.0,0.5122798696646224,0.0869565217391304,0.0,0.0,0.0,0.0434782608695652,0.0,0.1015810276679841,129.0,0.1082060862291312,0.6229590562597015,0.000672894415904,0.0353888597700567,1.6660217923102552
CMvkdTcrwEhdeWTQF,29,30,28,1.0,0.8955223880597015,True,18,30,False,3.4,0.1888888888888888,True,1,False,2,3.0,False,2,2.0,False,False,False,True,True,0.9116465863453816,0.6250856164383561,0.565,0.065970867091386,9.947598300641404e-17,0.056,0.216,0.012,0.004,0.948,0.676,0.244,0.004,0.072,0.004,0.288,0.228,0.048,0.076,0.024,0.296,0.024,0.012,0.104,0.032,0.052,0.0,0.02,0.012,0.233596700502689,0.012,7.276,0.084,0.0013618060458429,0.356,0.0471434487081545,0.084,0.032,0.014449568710859,0.0,0.036,0.012,0.008,0.112,0.108,0.036,0.028,0.176,0.152,0.024,0.156,0.152,0.112,0.044,0.008,0.004,0.264,0.064,0.204,0.04,0.048,0.012,-7.105427357601002e-17,0.2655593913922045,0.128,0.0,2.572,0.628,0.004,0.124,0.024,0.028,0.252,0.2187356561577268,0.0,0.16,0.812,0.004,4.805899999999999,0.028,0.02,0.012,0.004,0.156,0.04,0.016,0.104,0.104,0.128,0.0,0.16,0.004,0.024,0.176,0.576,0.056,0.004,0.228,0.0,0.0,0.3514006613756614,0.724,0.0,1.4392859513972096,0.044,9.314948,0.0,0.981071143081205,0.6137487134256254,0.1953424618113786,0.124,0.0,0.18,27.84,0.292,0.628,0.104,0.028,0.0,0.072,0.308,0.0,0.4410516856685281,0.128,0.004,0.0,0.004,0.12,0.0,0.0225775132275132,1460.0,0.3588033872486172,0.4862833328297971,0.0016187703979863,0.1124759768775046,1.2157212617998154
CTvcrHrFCpBQgc69c,2,3,1,0.6666666666666666,0.4444444444444444,True,3,3,False,1.9,0.6333333333333333,True,1,False,1,4.0,False,1,1.0,False,False,False,True,False,,,,,,,,,,,,,,,,,,,,,,,,,,,,,,,,,,,,,,,,,,,,,,,,,,,,,,,,,,,,,,,,,,,,,,,,,,,,,,,,,,,,,,,,,,,,,,,,,,,,,,,,,,,,,,,,,,,,,,,,,,,,,,,,,,,,,,,,
CXhR5Losv8TykWDsP,14,15,13,0.9473684210526316,0.8456140350877193,True,19,15,True,8.9,0.4684210526315789,True,0,True,2,4.0,False,2,1.0,True,True,True,True,True,0.6954732510288066,0.5909036433365292,0.632172131147541,0.1189926303929674,1.0192211373607996e-16,0.0286885245901639,0.0860655737704918,0.0081967213114754,0.0204918032786885,0.5860655737704918,0.4180327868852459,0.1844262295081967,0.0,0.0942622950819672,0.0040983606557377,0.2254098360655737,0.1434426229508196,0.0163934426229508,0.0491803278688524,0.0040983606557377,0.1721311475409836,0.0286885245901639,0.0040983606557377,0.040983606557377,0.0040983606557377,0.0368852459016393,0.0040983606557377,0.0122950819672131,0.0122950819672131,-0.1303817594155679,0.0,4.799180327868853,0.1311475409836065,0.0036235296366263,0.1885245901639344,0.0398983245807016,0.0614754098360655,0.0081967213114754,0.0148391373909061,0.0122950819672131,0.0040983606557377,0.0081967213114754,0.0081967213114754,0.0942622950819672,0.0573770491803278,0.0163934426229508,0.0204918032786885,0.081967213114754,0.1188524590163934,0.0,0.0901639344262295,0.081967213114754,0.0491803278688524,0.4385245901639344,0.0040983606557377,0.0,0.1270491803278688,0.0122950819672131,0.081967213114754,0.0204918032786885,0.0081967213114754,0.0204918032786885,-2.3296483139675417e-16,0.2303526610930589,0.081967213114754,0.0,1.5778688524590163,0.4139344262295082,0.0,0.1270491803278688,0.0081967213114754,0.0204918032786885,0.1270491803278688,0.2903501033670947,0.0,0.0696721311475409,0.6516393442622951,0.0,4.772274590163934,0.0450819672131147,0.040983606557377,0.0040983606557377,0.0,0.1311475409836065,0.0122950819672131,0.0,0.1024590163934426,0.0491803278688524,0.0983606557377049,0.0,0.1065573770491803,0.0040983606557377,0.0122950819672131,0.0696721311475409,0.3729508196721312,0.040983606557377,0.0,0.1598360655737705,0.0,0.0,0.2143101092896175,0.3442622950819672,0.0081967213114754,1.960186749589209,0.040983606557377,5.678159836065574,0.0040983606557377,0.986351512785939,0.5999549195962649,0.2172529646119133,0.1434426229508196,0.0,0.1762295081967213,19.87704918032787,0.1598360655737705,0.3401639344262295,0.0737704918032786,0.040983606557377,0.0,0.0368852459016393,0.151639344262295,0.0040983606557377,0.5217546751402075,0.1147540983606557,0.0,0.0,0.0040983606557377,0.0655737704918032,0.0,0.055658014571949,1043.0,0.2781207583428159,0.5950116781179401,0.0004267557524523,0.1033653170430297,1.2549459863801076
CanYG4YQsqhfKD3Xd,21,22,20,0.95,0.9202272727272728,True,20,22,False,8.8,0.44,False,0,True,3,6.0,False,3,2.0,True,False,False,True,True,0.900523560209424,0.5381162418517507,0.5240362463523267,0.038581816502655,9.276014827155357e-18,0.0026109660574412,0.04177545691906,0.0078328981723237,0.0052219321148825,0.5378590078328982,0.3785900783289817,0.1566579634464752,0.0,0.0678851174934725,0.010443864229765,0.2036553524804177,0.1331592689295039,0.0026109660574412,0.0678851174934725,0.04177545691906,0.2610966057441253,0.0261096605744125,0.010443864229765,0.0809399477806788,0.02088772845953,0.0339425587467362,0.0,0.0130548302872062,0.02088772845953,0.1855686574163212,0.0,4.631853785900783,0.1122715404699739,0.0030113545077297,0.2010443864229765,0.0319966271548209,0.0443864229765013,0.0182767624020887,0.0134693635346376,0.0052219321148825,0.0365535248041775,0.0052219321148825,0.0130548302872062,0.1383812010443864,0.06266318537859,0.0443864229765013,0.04177545691906,0.0939947780678851,0.0887728459530026,0.0130548302872062,0.0835509138381201,0.1122715404699739,0.0704960835509138,0.0704960835509138,0.0052219321148825,0.0,0.1540469973890339,0.0052219321148825,0.0939947780678851,0.0130548302872062,0.0156657963446475,0.0,-1.0203616309870891e-16,0.2580968749451217,0.1174934725848564,0.0,1.4699738903394255,0.3524804177545692,0.0130548302872062,0.1070496083550913,0.0287206266318537,0.0182767624020887,0.1383812010443864,0.2101523531543581,0.0026109660574412,0.1070496083550913,0.6814621409921671,0.0130548302872062,4.654112271540471,0.0365535248041775,0.0496083550913838,0.0,0.0,0.1723237597911227,0.0469973890339425,0.0,0.1070496083550913,0.0731070496083551,0.1070496083550913,0.0,0.1201044386422976,0.0026109660574412,0.0287206266318537,0.0939947780678851,0.2767624020887728,0.0835509138381201,0.0,0.1227154046997389,0.0026109660574412,0.0,0.2457508599610427,0.3629242819843342,0.0026109660574412,2.196965818351174,0.031331592689295,5.678250652741514,0.0,0.9834037879729784,0.628214710466038,0.1547099883441981,0.1174934725848564,0.0052219321148825,0.1644908616187989,19.318537859007833,0.2245430809399478,0.3159268929503916,0.0887728459530026,0.02088772845953,0.0052219321148825,0.0365535248041775,0.1618798955613577,0.0,0.4952243121739662,0.0757180156657963,0.0026109660574412,0.0,0.0,0.031331592689295,0.0078328981723237,0.0822975983256662,1507.0,0.3432088119720042,0.4016439941624664,0.0023569961922675,0.0959014004987442,1.0847145710813606
CpXBMpH9LgEtvy6rk,2,3,1,0.5,0.5,True,12,3,True,4.3,0.3583333333333333,True,1,True,2,6.0,False,2,3.0,False,True,True,True,True,1.0,0.2769230769230769,0.0,0.1169048224897198,-1.3322676295501878e-16,0.0,0.0,0.0,0.0,0.4,0.0,0.2,0.0,0.0,0.0,0.0,0.0,0.0,0.4,0.2,0.0,0.0,0.0,0.0,0.0,0.0,0.0,0.0,0.0,0.0301223789102973,0.0,2.6,0.0,0.0001348617666891,0.0,0.3466666666666667,0.0,0.0,0.1,0.0,0.0,0.0,0.0,0.0,0.0,0.0,0.0,0.0,0.0,0.0,0.4,0.0,0.0,0.0,0.0,0.0,0.0,0.0,0.0,0.0,0.0,0.0,-4.4408920985006264e-17,0.2685877647492656,0.0,0.0,1.8,0.0,0.0,0.0,0.0,0.0,0.0,0.3468250341205462,0.0,0.0,0.2,0.0,4.926,0.0,0.0,0.0,0.0,1.0,0.0,0.0,1.0,0.2,0.2,0.0,0.0,0.0,0.0,0.0,0.0,0.0,0.0,0.6,0.0,0.0,0.025,0.2,0.0,0.12896,0.0,22.4184,0.0,1.0,0.4515136819629328,0.0993697553873061,0.2,0.0,0.2,7.6,0.4,0.2,0.0,0.0,0.0,0.0,0.0,0.0,0.5943882405757904,0.2,0.0,0.0,0.0,0.0,0.0,0.0,13.0,6.287391964382947e-12,0.6359842773579945,0.0618333465502605,0.0022267145879013,1.6716948363237112
D3pgvsuYGiHAwiKqT,12,13,11,0.375,0.4855769230769231,True,8,13,False,2.1,0.2625,False,1,True,4,7.0,True,4,4.0,False,False,False,True,True,1.0,0.1666666666666666,0.0,-1.0,0.0,0.0,0.5,0.0,0.0,0.5,0.0,0.0,0.0,0.0,0.0,0.5,0.0,0.0,0.0,0.0,0.5,0.0,0.0,0.0,0.0,0.5,0.0,0.0,0.0,2.0305019553469212,0.0,4.0,0.0,0.0,0.5,0.0,0.0,0.0,0.0,0.0,0.5,0.0,0.0,0.0,0.0,0.0,0.0,0.0,0.0,0.0,0.0,0.0,0.0,0.0,0.0,0.0,0.5,0.0,0.0,0.0,0.0,0.0,0.0,0.0631694441617352,0.0,0.0,1.5,0.0,0.0,0.0,0.0,0.0,0.0,0.0631694441617352,0.0,0.0,0.5,0.0,4.5,0.0,0.0,0.0,0.0,0.0,0.0,0.0,0.0,0.0,0.5,0.0,0.0,0.0,0.0,0.0,0.0,0.0,0.0,0.0,0.0,0.0,0.0,0.5,0.0,0.1488,0.0,0.369,0.0,1.0,0.4368305558382648,0.0105296712135895,0.0,0.0,0.0,13.5,0.0,0.5,0.0,0.0,0.0,0.0,0.5,0.0,0.1192775992676615,0.0,0.0,0.0,0.0,0.0,0.0,0.0,6.0,0.0,0.8736611116765296,0.0,0.0,0.0
DSsdrRSwh7dgd9Bjr,20,21,19,1.0,0.9142857142857144,False,5,21,False,1.8,0.36,True,0,True,3,11.0,True,3,3.0,False,True,True,False,False,,,,,,,,,,,,,,,,,,,,,,,,,,,,,,,,,,,,,,,,,,,,,,,,,,,,,,,,,,,,,,,,,,,,,,,,,,,,,,,,,,,,,,,,,,,,,,,,,,,,,,,,,,,,,,,,,,,,,,,,,,,,,,,,,,,,,,,,
DarckEFSLhSjKubHc,3,4,2,0.7777777777777778,0.7222222222222222,False,10,4,True,1.7,0.1699999999999999,True,0,True,4,12.0,True,4,3.0,False,False,False,False,False,,,,,,,,,,,,,,,,,,,,,,,,,,,,,,,,,,,,,,,,,,,,,,,,,,,,,,,,,,,,,,,,,,,,,,,,,,,,,,,,,,,,,,,,,,,,,,,,,,,,,,,,,,,,,,,,,,,,,,,,,,,,,,,,,,,,,,,,
E5tqSkPqBYAYuYAdK,19,20,18,0.3333333333333333,0.7333333333333333,True,3,20,True,1.7,0.5666666666666667,True,1,False,3,12.0,True,3,3.0,True,False,False,True,True,1.0,0.5,0.1666666666666666,-0.0797625139019862,7.401486830834377e-17,0.0,0.0,0.0,0.0,0.0,0.0,0.0,0.0,0.0,0.0,0.0,0.0,0.0,0.0,0.0,0.0,0.0,0.0,0.0,0.0,0.0,0.0,0.0,0.0,-0.3284365894163595,0.0,1.6666666666666667,0.0,0.0,0.0,0.0,0.3333333333333333,0.0,0.0,0.0,0.0,0.0,0.0,0.0,0.0,0.0,0.0,0.0,0.0,0.0,0.0,0.0,0.0,0.0,0.0,0.0,0.0,0.0,0.0,0.0,0.0,0.0,-1.480297366166875e-16,0.1429711083944004,0.0,0.0,0.3333333333333333,0.0,0.0,0.0,0.0,0.0,0.0,0.1452837623793112,0.0,0.0,0.3333333333333333,0.0,4.5,0.0,0.0,0.0,0.0,0.0,0.0,0.0,0.0,0.0,0.3333333333333333,0.0,0.0,0.0,0.0,0.0,0.0,0.0,0.0,0.0,0.0,0.0,0.3333333333333333,0.0,0.0,3.9265,0.0,85.113,0.0,0.6666666666666666,0.5143647572004785,0.2080221598347028,0.0,0.0,0.0,8.333333333333334,0.0,0.0,0.0,0.0,0.0,0.0,0.0,0.0,0.586821456750234,0.0,0.0,0.0,0.0,0.0,0.0,-0.1666666666666666,4.0,0.0,0.7135842073453309,0.0,0.0,0.0
E6L8vyqcceMYRFhuC,16,17,15,0.7857142857142857,0.8589211618257261,False,15,17,True,6.0,0.4,True,1,False,2,2.0,True,2,2.0,False,True,True,False,False,,,,,,,,,,,,,,,,,,,,,,,,,,,,,,,,,,,,,,,,,,,,,,,,,,,,,,,,,,,,,,,,,,,,,,,,,,,,,,,,,,,,,,,,,,,,,,,,,,,,,,,,,,,,,,,,,,,,,,,,,,,,,,,,,,,,,,,,
EEe5Aynbvexiu25Q4,17,18,16,0.75,0.6805555555555556,False,4,18,False,1.3,0.325,True,1,True,2,4.0,True,2,3.0,False,False,False,False,False,,,,,,,,,,,,,,,,,,,,,,,,,,,,,,,,,,,,,,,,,,,,,,,,,,,,,,,,,,,,,,,,,,,,,,,,,,,,,,,,,,,,,,,,,,,,,,,,,,,,,,,,,,,,,,,,,,,,,,,,,,,,,,,,,,,,,,,,
EEpd3uZzuS7TShmdH,29,30,28,0.8181818181818182,0.8424242424242424,True,11,30,True,5.0,0.4545454545454545,True,1,False,1,2.0,False,1,1.0,False,True,True,True,True,0.8666666666666667,0.4069148936170212,0.4347826086956521,0.0870658580143132,9.050731179009428e-17,0.0217391304347826,0.108695652173913,0.0,0.0217391304347826,0.8695652173913043,0.5217391304347826,0.217391304347826,0.0,0.0217391304347826,0.0,0.2608695652173913,0.2391304347826087,0.0217391304347826,0.0869565217391304,0.108695652173913,0.217391304347826,0.0,0.0,0.0217391304347826,0.0,0.0652173913043478,0.0,0.0,0.0434782608695652,-0.2813376082661157,0.0,5.673913043478261,0.0217391304347826,0.0017269891775344,0.4130434782608695,0.0266563146997929,0.0652173913043478,0.0652173913043478,0.0120772946859903,0.0217391304347826,0.0652173913043478,0.0,0.0,0.0434782608695652,0.0434782608695652,0.0,0.0,0.1521739130434782,0.217391304347826,0.0,0.0434782608695652,0.0869565217391304,0.3043478260869565,0.0,0.0217391304347826,0.0,0.1956521739130435,0.0,0.0434782608695652,0.0,0.0434782608695652,0.0,-1.4722522717855336e-16,0.2799617138082345,0.108695652173913,0.0,2.4565217391304346,0.4782608695652174,0.0217391304347826,0.1739130434782608,0.0434782608695652,0.0217391304347826,0.391304347826087,0.1873610310424901,0.0,0.0434782608695652,0.6956521739130435,0.0,4.7781521739130435,0.0434782608695652,0.0,0.0,0.0434782608695652,0.1739130434782608,0.0217391304347826,0.0,0.1304347826086956,0.0,0.0652173913043478,0.0,0.108695652173913,0.0,0.0,0.3260869565217391,0.5,0.0,0.0,0.1521739130434782,0.0,0.0,0.1587397807506503,0.391304347826087,0.0,1.3295806763285023,0.0217391304347826,23.543956521739133,0.0,0.98768115942029,0.6429930160461025,0.3116631477706782,0.3260869565217391,0.0,0.3478260869565217,24.152173913043477,0.1739130434782608,0.6521739130434783,0.1521739130434782,0.0217391304347826,0.0217391304347826,0.0,0.1956521739130435,0.0,0.4699022425338626,0.108695652173913,0.0,0.0,0.0,0.0217391304347826,0.0,0.004654403567447,235.0,0.1641873973385108,0.6381259813795016,7.16060373863646e-05,0.0282223067278665,1.431654545262286
ESikYmAwPYqz6DLkw,6,7,5,0.8055555555555556,0.8396825396825397,True,19,7,True,8.2,0.431578947368421,False,1,True,3,11.0,True,3,3.0,False,True,True,True,True,1.0,0.3571428571428571,0.0,-1.0,0.0,0.0,0.0,0.0,0.0,1.5,1.5,0.0,0.0,0.0,0.0,0.5,0.5,0.0,0.0,0.0,0.5,0.5,0.0,0.0,0.0,0.0,0.0,0.0,0.0,-0.4962189578217462,0.5,7.0,0.5,0.0003371544167228,0.5,0.3333333333333333,0.0,0.0,0.25,0.0,0.0,0.0,0.0,0.0,0.0,0.0,0.5,0.0,0.0,0.0,0.0,0.0,0.0,0.0,0.0,0.0,0.0,0.0,0.5,0.0,0.0,0.0,1.1102230246251563e-16,0.1448187938692045,0.5,0.0,3.5,0.5,0.0,0.0,0.0,0.0,0.5,0.1448187938692045,0.0,0.5,1.5,0.0,4.390000000000001,0.0,0.0,0.0,0.0,1.5,0.0,0.0,1.0,0.0,0.0,0.0,0.0,0.0,0.0,0.0,1.0,0.5,0.0,1.0,0.0,0.0,0.0,1.0,0.0,2.8233666666666664,0.0,13.974,0.0,1.0,0.3551812061307954,0.4568619318306446,0.0,0.0,0.0,32.5,0.0,0.0,0.5,0.5,0.0,0.0,0.0,0.0,0.385283164680004,1.0,0.0,0.0,0.0,0.0,0.0,0.0,14.0,0.0,0.7103624122615909,0.0,0.0,0.0
EiQexzqKqzprkv8Rh,10,11,9,0.925,0.8882926829268293,False,19,11,False,7.9,0.4157894736842105,False,1,True,2,4.0,False,2,2.0,True,True,True,False,False,,,,,,,,,,,,,,,,,,,,,,,,,,,,,,,,,,,,,,,,,,,,,,,,,,,,,,,,,,,,,,,,,,,,,,,,,,,,,,,,,,,,,,,,,,,,,,,,,,,,,,,,,,,,,,,,,,,,,,,,,,,,,,,,,,,,,,,,
Ep7RASWzHevNh78dL,4,5,3,0.7142857142857143,0.7763157894736842,True,16,5,True,9.6,0.6,True,1,True,3,3.0,False,3,4.0,True,False,False,True,True,1.0,0.4990842490842491,0.2427536231884058,0.1099487624602427,4.102998134484274e-17,0.0434782608695652,0.1304347826086956,0.0,0.0,0.5652173913043478,0.3478260869565217,0.0,0.0,0.1304347826086956,0.0,0.2608695652173913,0.2608695652173913,0.0869565217391304,0.0434782608695652,0.0,0.1739130434782608,0.0,0.0,0.0434782608695652,0.0,0.0434782608695652,0.0,0.0,0.0,0.2442407851625803,0.0869565217391304,4.478260869565218,0.217391304347826,0.0005644618940678,0.1739130434782608,0.059940138626339,0.1304347826086956,0.0434782608695652,0.0318840579710145,0.0,0.0,0.0,0.0,0.1304347826086956,0.1739130434782608,0.0,0.0869565217391304,0.0434782608695652,0.0869565217391304,0.0,0.0869565217391304,0.1304347826086956,0.0,0.0869565217391304,0.0,0.0,0.217391304347826,0.0434782608695652,0.0434782608695652,0.0,0.0,0.0,-1.1584935909132068e-16,0.2540641702514504,0.217391304347826,0.0,1.7826086956521738,0.4347826086956521,0.0,0.0434782608695652,0.0,0.0,0.1304347826086956,0.2796519273516348,0.0,0.0869565217391304,0.8695652173913043,0.0,4.900434782608696,0.0869565217391304,0.0434782608695652,0.0,0.0,0.3043478260869565,0.0,0.0,0.217391304347826,0.0434782608695652,0.1304347826086956,0.0,0.0869565217391304,0.0,0.0,0.0869565217391304,0.2608695652173913,0.0869565217391304,0.0,0.1739130434782608,0.0,0.0,0.1768115942028985,0.391304347826087,0.0,1.16190456836799,0.0869565217391304,18.47734782608696,0.0,0.996219281663516,0.5755139836653584,0.1181567427702247,0.0869565217391304,0.0,0.0869565217391304,18.434782608695652,0.0869565217391304,0.391304347826087,0.0434782608695652,0.0434782608695652,0.0,0.0,0.2608695652173913,0.0,0.5152365869801977,0.1739130434782608,0.0,0.0,0.0,0.1304347826086956,0.0,0.1010869565217391,91.0,0.0629919464308208,0.6716728499325838,0.0010317050259519,0.0261670483993363,1.6736102709284075
FDhgaavSuHcHqTnoY,28,29,27,0.7272727272727273,0.7981366459627329,False,13,29,True,8.9,0.6846153846153846,True,0,False,3,6.0,True,3,3.0,False,False,False,False,False,,,,,,,,,,,,,,,,,,,,,,,,,,,,,,,,,,,,,,,,,,,,,,,,,,,,,,,,,,,,,,,,,,,,,,,,,,,,,,,,,,,,,,,,,,,,,,,,,,,,,,,,,,,,,,,,,,,,,,,,,,,,,,,,,,,,,,,,
FPPMdHLDRKNWZpFjA,27,28,26,0.3333333333333333,0.3214285714285714,False,9,28,False,3.3,0.3666666666666666,True,0,True,2,5.0,False,2,1.0,True,False,False,False,False,,,,,,,,,,,,,,,,,,,,,,,,,,,,,,,,,,,,,,,,,,,,,,,,,,,,,,,,,,,,,,,,,,,,,,,,,,,,,,,,,,,,,,,,,,,,,,,,,,,,,,,,,,,,,,,,,,,,,,,,,,,,,,,,,,,,,,,,
Fj9DT3BL4SG26wNCY,19,20,18,1.0,0.91,False,10,20,False,3.4,0.3399999999999999,True,0,False,2,5.0,False,2,2.0,True,False,False,False,False,,,,,,,,,,,,,,,,,,,,,,,,,,,,,,,,,,,,,,,,,,,,,,,,,,,,,,,,,,,,,,,,,,,,,,,,,,,,,,,,,,,,,,,,,,,,,,,,,,,,,,,,,,,,,,,,,,,,,,,,,,,,,,,,,,,,,,,,
FmkaCSorD3a94QiTC,16,17,15,1.0,0.9748953974895398,False,15,17,True,6.0,0.4,True,1,True,2,2.0,True,2,2.0,False,True,True,False,False,,,,,,,,,,,,,,,,,,,,,,,,,,,,,,,,,,,,,,,,,,,,,,,,,,,,,,,,,,,,,,,,,,,,,,,,,,,,,,,,,,,,,,,,,,,,,,,,,,,,,,,,,,,,,,,,,,,,,,,,,,,,,,,,,,,,,,,,
FpYh3P5jAMzox9jXF,23,24,22,1.0,0.8888888888888888,True,15,24,False,5.4,0.36,True,0,True,2,7.0,True,2,1.0,True,False,False,True,True,0.9545454545454546,0.3984802431610942,0.406048906048906,0.0853009677586834,2.400482215405744e-17,0.009009009009009,0.1081081081081081,0.0,0.009009009009009,0.5405405405405406,0.4234234234234234,0.1081081081081081,0.0,0.0990990990990991,0.009009009009009,0.1261261261261261,0.0990990990990991,0.009009009009009,0.045045045045045,0.036036036036036,0.1531531531531531,0.018018018018018,0.0,0.036036036036036,0.009009009009009,0.027027027027027,0.0,0.036036036036036,0.018018018018018,-0.2301698173633736,0.0,4.801801801801802,0.081081081081081,0.0008226320155547,0.1171171171171171,0.0541365703130408,0.036036036036036,0.018018018018018,0.0239327562856974,0.009009009009009,0.09009009009009,0.009009009009009,0.009009009009009,0.1351351351351351,0.081081081081081,0.045045045045045,0.018018018018018,0.09009009009009,0.2252252252252252,0.0,0.072072072072072,0.1351351351351351,0.072072072072072,0.3243243243243243,0.009009009009009,0.0,0.072072072072072,0.0,0.072072072072072,0.009009009009009,0.0,0.009009009009009,-1.5303074123211616e-16,0.4009108893573498,0.1171171171171171,0.0,1.6036036036036037,0.2792792792792792,0.0,0.1261261261261261,0.009009009009009,0.036036036036036,0.1531531531531531,0.2533997160847568,0.0,0.081081081081081,0.6396396396396397,0.045045045045045,4.667747747747748,0.054054054054054,0.0,0.009009009009009,0.0,0.09009009009009,0.063063063063063,0.0,0.1081081081081081,0.063063063063063,0.081081081081081,0.0,0.1531531531531531,0.0,0.018018018018018,0.0990990990990991,0.3063063063063063,0.063063063063063,0.0,0.2522522522522522,0.0,0.0,0.230294759044759,0.4234234234234234,0.0,1.855016862466862,0.054054054054054,15.035378378378375,0.0,0.9929932518167812,0.6180300604867563,0.2169941843881666,0.1531531531531531,0.0,0.1711711711711711,19.35135135135135,0.2072072072072072,0.4144144144144144,0.027027027027027,0.018018018018018,0.009009009009009,0.036036036036036,0.0990990990990991,0.0,0.5501458820727494,0.2162162162162162,0.0,0.0,0.0,0.081081081081081,0.0,0.0704023666523666,470.0,0.2024873868246318,0.5069782580348644,0.0149701399870601,0.0271511470179151,1.4052595129145908
FvZe9PNTuF273SJxa,21,22,20,1.0,0.9712301587301588,True,14,22,False,7.0,0.5,False,0,True,2,2.0,True,2,1.0,False,True,True,True,True,0.896551724137931,0.5712502600374454,0.4400826446280991,0.0333682964713494,6.055761952500852e-17,0.0,0.034090909090909,0.0,0.0,0.7840909090909091,0.5795454545454546,0.1818181818181818,0.0,0.1590909090909091,0.0,0.2613636363636363,0.2727272727272727,0.0,0.0227272727272727,0.034090909090909,0.3181818181818182,0.034090909090909,0.0,0.1136363636363636,0.0,0.0568181818181818,0.0,0.0113636363636363,0.0113636363636363,-0.043218602989211,0.0113636363636363,5.409090909090909,0.1590909090909091,0.0007692343441079,0.2840909090909091,0.0384336938314211,0.1477272727272727,0.0227272727272727,0.0102362914862914,0.0,0.0227272727272727,0.0,0.0,0.1704545454545454,0.2045454545454545,0.0227272727272727,0.0227272727272727,0.1931818181818181,0.1363636363636363,0.0,0.1477272727272727,0.034090909090909,0.0681818181818181,0.1477272727272727,0.0113636363636363,0.0,0.1818181818181818,0.034090909090909,0.1477272727272727,0.0227272727272727,0.0,0.0,-4.03717463500057e-17,0.1901225965560119,0.1818181818181818,0.0,2.1704545454545454,0.5795454545454546,0.0113636363636363,0.1477272727272727,0.0681818181818181,0.0454545454545454,0.2386363636363636,0.1876114668186719,0.0,0.1477272727272727,1.193181818181818,0.0227272727272727,4.734772727272728,0.034090909090909,0.0,0.0,0.0113636363636363,0.2159090909090909,0.0795454545454545,0.0113636363636363,0.0795454545454545,0.0113636363636363,0.2272727272727272,0.0,0.1704545454545454,0.0,0.0227272727272727,0.0795454545454545,0.4886363636363636,0.0568181818181818,0.0,0.1136363636363636,0.0,0.0,0.2281691919191919,0.3863636363636363,0.0,1.4810983425665245,0.0113636363636363,5.898499999999999,0.0113636363636363,0.9903159813671176,0.6300906921204984,0.2050812611758539,0.1477272727272727,0.0,0.2272727272727272,23.079545454545453,0.1704545454545454,0.4090909090909091,0.1477272727272727,0.0454545454545454,0.0,0.0454545454545454,0.2159090909090909,0.0,0.5093531703830443,0.1022727272727272,0.0,0.0,0.0,0.0909090909090909,0.0,0.0881344696969697,437.0,0.2433966705347629,0.5666346270777561,0.009488751514334,0.0561690958067147,1.3883685016125424
FxN4ETksRuuZDFtEm,8,9,7,0.5,0.5833333333333334,False,4,9,True,1.2,0.3,True,0,False,2,2.0,False,2,1.0,True,True,True,False,False,,,,,,,,,,,,,,,,,,,,,,,,,,,,,,,,,,,,,,,,,,,,,,,,,,,,,,,,,,,,,,,,,,,,,,,,,,,,,,,,,,,,,,,,,,,,,,,,,,,,,,,,,,,,,,,,,,,,,,,,,,,,,,,,,,,,,,,,
G6ZjvG8cmjw4tAj6T,5,6,4,0.6666666666666666,0.7222222222222222,True,12,6,True,1.2,0.0999999999999999,True,0,False,4,4.0,False,4,3.0,False,False,False,True,True,1.0,0.4203980099502487,0.2708333333333333,0.0551352199186324,1.3877787807814457e-17,0.0,0.0625,0.0625,0.0,0.5625,0.5625,0.3125,0.0,0.0625,0.0,0.25,0.3125,0.0,0.0,0.0625,0.1875,0.0,0.0,0.0,0.0,0.0,0.0,0.0,0.0,0.0297970292695418,0.0,4.875,0.125,0.0073529411764705,0.25,0.0558035714285714,0.0625,0.0,0.0416666666666666,0.0,0.0,0.0,0.0,0.0,0.125,0.125,0.0625,0.0,0.25,0.0,0.0,0.0625,0.0625,0.125,0.0,0.0,0.25,0.0,0.1875,0.0,0.0,0.0625,-1.457167719820518e-16,0.2358013536726414,0.125,0.0,1.5,0.3125,0.0,0.0625,0.0625,0.0625,0.0625,0.2167507694746167,0.0,0.1875,0.8125,0.0,4.50375,0.0,0.0,0.0,0.0,0.0625,0.0625,0.0,0.0625,0.0625,0.0,0.0,0.3125,0.0,0.0,0.0625,0.4375,0.1875,0.0,0.0625,0.0,0.0,0.1467633928571428,0.4375,0.0,2.268179166666666,0.0,10.405875000000002,0.0,1.0,0.616087806222774,0.1988033374072983,0.125,0.0,0.1875,20.625,0.125,0.4375,0.0,0.0625,0.0,0.0,0.3125,0.0625,0.4950463948771357,0.1875,0.0,0.0,0.0,0.125,0.0,0.0178571428571428,67.0,0.1017528866578567,0.660855850436895,0.001888779145174,0.0196472180203402,1.7510799888744364
G7MK9MeuEdEmnrf8g,13,14,12,1.0,0.9848214285714284,True,16,14,True,7.3,0.45625,False,1,True,4,6.0,True,4,5.0,False,True,True,True,True,0.98,0.341710758377425,0.3251633986928104,0.1606684107672935,6.748414463407814e-17,0.0,0.0392156862745098,0.0,0.0,0.4901960784313725,0.2745098039215686,0.1568627450980392,0.0,0.0588235294117647,0.0,0.2156862745098039,0.1372549019607843,0.0,0.0392156862745098,0.0980392156862745,0.1372549019607843,0.0,0.0,0.0784313725490196,0.0,0.0392156862745098,0.0,0.0,0.0,0.4726253297871365,0.0196078431372549,4.137254901960785,0.0588235294117647,0.0003770007184663,0.1764705882352941,0.0744949494949494,0.0,0.0392156862745098,0.0186274509803921,0.0,0.1568627450980392,0.0,0.0,0.1176470588235294,0.196078431372549,0.0,0.0,0.1764705882352941,0.0196078431372549,0.0,0.0784313725490196,0.0980392156862745,0.0588235294117647,0.0392156862745098,0.0,0.0,0.1372549019607843,0.0196078431372549,0.0980392156862745,0.0,0.0,0.0,6.530723674265627e-17,0.4719333070561185,0.1764705882352941,0.0,1.568627450980392,0.2352941176470588,0.0,0.0588235294117647,0.0,0.0,0.0980392156862745,0.3125891219464103,0.0,0.0980392156862745,0.6078431372549019,0.0,4.675882352941176,0.0392156862745098,0.0588235294117647,0.0,0.0,0.1764705882352941,0.0588235294117647,0.0,0.196078431372549,0.0588235294117647,0.1176470588235294,0.0,0.0588235294117647,0.0,0.0,0.0588235294117647,0.1568627450980392,0.0196078431372549,0.0,0.1568627450980392,0.0,0.0,0.2005446623093681,0.4117647058823529,0.0,0.8764766417678181,0.0588235294117647,11.793784313725489,0.0,0.9765795206971678,0.5888752092762182,0.0775750472539049,0.2156862745098039,0.0,0.2352941176470588,16.352941176470587,0.2549019607843137,0.4117647058823529,0.0588235294117647,0.0196078431372549,0.0,0.0,0.1764705882352941,0.0,0.491431699663985,0.1372549019607843,0.0196078431372549,0.0,0.0,0.0588235294117647,0.0,0.1022875816993464,189.0,0.1140567420523804,0.5273941758954768,0.0130338883168259,0.0512399075177643,1.5505334482576512
GCnCvjXC59gJ6uqDL,23,24,22,1.0,0.9393063583815028,True,19,24,False,11.7,0.6157894736842104,True,0,True,4,9.0,True,4,2.0,False,True,True,True,True,0.9140811455847256,0.6268491365265558,0.5704761904761905,0.0040936766955041,6.344131569286607e-17,0.0357142857142857,0.1571428571428571,0.0095238095238095,0.0095238095238095,0.7857142857142857,0.5214285714285715,0.1595238095238095,0.0,0.1571428571428571,0.0,0.2071428571428571,0.1119047619047619,0.0238095238095238,0.1,0.0357142857142857,0.1904761904761904,0.0119047619047619,0.0142857142857142,0.0666666666666666,0.0142857142857142,0.0571428571428571,0.0047619047619047,0.019047619047619,0.0476190476190476,-0.204047843271734,0.0023809523809523,5.516666666666667,0.1238095238095238,0.0048346190594181,0.2238095238095238,0.0523577894536541,0.0809523809523809,0.0523809523809523,0.0155966047473983,0.0047619047619047,0.0095238095238095,0.0095238095238095,0.0,0.0904761904761904,0.0809523809523809,0.0261904761904761,0.0238095238095238,0.15,0.1214285714285714,0.0119047619047619,0.1452380952380952,0.1166666666666666,0.0547619047619047,0.0928571428571428,0.0119047619047619,0.0,0.15,0.0071428571428571,0.0904761904761904,0.0166666666666666,0.0047619047619047,0.0095238095238095,-1.4380031557049647e-16,0.2159577729532019,0.1071428571428571,0.0023809523809523,1.9142857142857144,0.4714285714285714,0.0095238095238095,0.1714285714285714,0.0119047619047619,0.0547619047619047,0.1761904761904762,0.1940791266293888,0.0023809523809523,0.0857142857142857,0.6714285714285714,0.0238095238095238,4.7696547619047625,0.0642857142857142,0.0214285714285714,0.0023809523809523,0.0047619047619047,0.1357142857142857,0.0428571428571428,0.0023809523809523,0.1309523809523809,0.0619047619047619,0.119047619047619,0.0,0.0880952380952381,0.0,0.0119047619047619,0.0976190476190476,0.4476190476190476,0.0476190476190476,0.0047619047619047,0.2619047619047619,0.0,0.0023809523809523,0.2280498866213152,0.4809523809523809,0.0095238095238095,1.7971868270506992,0.0404761904761904,6.207992857142857,0.0023809523809523,0.985438823220778,0.631632473836818,0.227672814610525,0.1023809523809523,0.0023809523809523,0.1571428571428571,22.914285714285715,0.1761904761904762,0.4738095238095238,0.0714285714285714,0.019047619047619,0.0047619047619047,0.0214285714285714,0.1761904761904762,0.0095238095238095,0.5321028971135439,0.1666666666666666,0.0,0.0,0.0,0.0357142857142857,0.0,0.073093820861678,2046.0,0.3828140783559006,0.4662102093118562,0.0047742027396304,0.1460951600730508,1.0113624857220636
GEg4HoG4betWJeQrA,23,24,22,0.6,0.7111111111111111,False,16,24,True,8.3,0.51875,True,1,False,3,9.0,False,3,2.0,True,False,False,False,False,,,,,,,,,,,,,,,,,,,,,,,,,,,,,,,,,,,,,,,,,,,,,,,,,,,,,,,,,,,,,,,,,,,,,,,,,,,,,,,,,,,,,,,,,,,,,,,,,,,,,,,,,,,,,,,,,,,,,,,,,,,,,,,,,,,,,,,,
GX7zLsMwHfJaT4w4m,8,9,7,0.3571428571428571,0.53125,False,16,9,False,2.6,0.1625,True,0,False,3,10.0,False,3,4.0,False,True,True,False,False,,,,,,,,,,,,,,,,,,,,,,,,,,,,,,,,,,,,,,,,,,,,,,,,,,,,,,,,,,,,,,,,,,,,,,,,,,,,,,,,,,,,,,,,,,,,,,,,,,,,,,,,,,,,,,,,,,,,,,,,,,,,,,,,,,,,,,,,
GbjwyJcfLQpH5cCu3,14,15,13,0.8,0.75,False,7,15,True,2.5,0.3571428571428571,True,1,True,2,7.0,True,2,2.0,False,True,True,False,False,,,,,,,,,,,,,,,,,,,,,,,,,,,,,,,,,,,,,,,,,,,,,,,,,,,,,,,,,,,,,,,,,,,,,,,,,,,,,,,,,,,,,,,,,,,,,,,,,,,,,,,,,,,,,,,,,,,,,,,,,,,,,,,,,,,,,,,,
Gp8geFeTE57EuwX8L,7,8,6,0.2857142857142857,0.5535714285714286,False,7,8,True,1.3,0.1857142857142857,True,0,False,3,6.0,True,3,2.0,False,False,False,False,False,,,,,,,,,,,,,,,,,,,,,,,,,,,,,,,,,,,,,,,,,,,,,,,,,,,,,,,,,,,,,,,,,,,,,,,,,,,,,,,,,,,,,,,,,,,,,,,,,,,,,,,,,,,,,,,,,,,,,,,,,,,,,,,,,,,,,,,,
GtzSjujsFLASFExF2,18,19,17,1.0,0.9736842105263158,True,2,19,True,1.3,0.65,True,0,False,2,4.0,True,2,3.0,True,True,True,True,True,0.8571428571428571,0.2894736842105263,0.125,-0.5561268116588615,0.0,0.0,0.25,0.0,0.0,0.875,0.375,0.25,0.0,0.25,0.0,0.375,0.125,0.0,0.0,0.125,0.75,0.0,0.0,0.25,0.0,0.125,0.0,0.0,0.0,0.4177633128542247,0.0,5.75,0.125,0.0,0.875,0.0,0.0,0.0,0.0,0.0,0.0,0.0,0.0,0.375,0.125,0.0,0.0,0.125,0.125,0.0,0.25,0.375,0.0,0.0,0.0,0.0,0.375,0.0,0.0,0.0,0.0,0.0,5.551115123125783e-17,0.2518098628144563,0.25,0.0,2.125,0.5,0.0,0.125,0.0,0.0,0.125,0.2361752749553062,0.0,0.0,1.125,0.0,4.5962499999999995,0.25,0.0,0.0,0.0,0.0,0.0,0.0,0.0,0.25,0.125,0.0,0.125,0.0,0.0,0.0,0.375,0.0,0.0,0.0,0.0,0.0,0.4034722222222222,0.25,0.0,0.93688125,0.125,30.810875000000003,0.0,0.975,0.6148025643435941,0.1525497584661934,0.125,0.0,0.375,21.125,0.375,0.625,0.25,0.0,0.0,0.0,0.75,0.0,0.4319237892050296,0.0,0.0,0.0,0.0,0.125,0.0,0.0777777777777777,38.0,0.0177257019756744,0.5468451672057106,0.0188607274278574,0.0029865481568416,1.58140251621623
H3yngXww4Fk2g9Ara,22,23,21,0.2727272727272727,0.3372549019607843,False,12,23,True,1.5,0.125,True,1,False,1,1.0,False,1,1.0,False,True,True,False,False,,,,,,,,,,,,,,,,,,,,,,,,,,,,,,,,,,,,,,,,,,,,,,,,,,,,,,,,,,,,,,,,,,,,,,,,,,,,,,,,,,,,,,,,,,,,,,,,,,,,,,,,,,,,,,,,,,,,,,,,,,,,,,,,,,,,,,,,
HBxzHrnfDWC4phmdw,11,12,10,0.375,0.6958333333333333,True,4,12,False,2.0,0.5,False,1,False,2,8.0,True,2,2.0,True,True,True,True,True,0.0,0.0,0.0,0.0,,0.0,0.0,0.0,0.0,1.0,1.0,0.0,0.0,0.0,0.0,1.0,0.0,0.0,0.0,0.0,0.0,0.0,0.0,0.0,0.0,0.0,0.0,0.0,0.0,0.495856367358092,0.0,4.0,0.0,0.0,0.0,0.25,0.0,0.0,0.0,0.0,0.0,0.0,0.0,0.0,0.0,0.0,0.0,0.0,0.0,0.0,0.0,0.0,0.0,0.0,0.0,0.0,0.0,0.0,0.0,0.0,0.0,0.0,,0.0,0.0,0.0,1.0,0.0,0.0,0.0,0.0,0.0,0.0,0.0,0.0,1.0,2.0,0.0,4.5,0.0,0.0,0.0,0.0,1.0,0.0,0.0,0.0,0.0,2.0,0.0,0.0,0.0,0.0,0.0,0.0,0.0,0.0,0.0,0.0,0.0,0.0,2.0,0.0,7.7824,0.0,0.0,0.0,1.0,0.0,0.027167497202754,0.0,0.0,0.0,30.0,0.0,0.0,0.0,0.0,0.0,0.0,0.0,0.0,0.5352899432182312,0.0,0.0,0.0,0.0,0.0,0.0,0.0,4.0,0.0,0.0,0.0,0.0,0.0
HohcuivFAp5Q6BGuP,22,23,21,0.7777777777777778,0.8317307692307693,True,10,23,True,6.3,0.63,True,0,False,4,15.0,False,4,4.0,False,False,False,True,True,0.9193548387096774,0.3184281842818428,0.2724867724867725,0.2664301397154227,2.9958399077186756e-17,0.0158730158730158,0.0317460317460317,0.0,0.0,0.6984126984126984,0.5396825396825397,0.1428571428571428,0.0,0.0476190476190476,0.0158730158730158,0.2222222222222222,0.1111111111111111,0.0158730158730158,0.0317460317460317,0.0,0.1428571428571428,0.0476190476190476,0.0,0.0158730158730158,0.0,0.0,0.0,0.0158730158730158,0.0158730158730158,0.1789278271923743,0.0,4.650793650793651,0.1111111111111111,0.0015871094051094,0.238095238095238,0.0452260702260702,0.0952380952380952,0.0317460317460317,0.0270408163265306,0.0,0.0317460317460317,0.0,0.0158730158730158,0.0793650793650793,0.0634920634920634,0.0317460317460317,0.0476190476190476,0.0317460317460317,0.0476190476190476,0.0,0.1269841269841269,0.0634920634920634,0.0317460317460317,0.0793650793650793,0.0158730158730158,0.0,0.1587301587301587,0.0634920634920634,0.1587301587301587,0.0317460317460317,0.0,0.0158730158730158,-4.7580986769649563e-17,0.2713763543976977,0.0793650793650793,0.0,1.5396825396825398,0.3968253968253968,0.0,0.1746031746031746,0.0,0.0158730158730158,0.2222222222222222,0.2298617597471394,0.0,0.1587301587301587,0.5396825396825397,0.0,4.7260317460317465,0.0,0.0158730158730158,0.0,0.0,0.1428571428571428,0.0158730158730158,0.0,0.0476190476190476,0.0634920634920634,0.1111111111111111,0.0,0.0634920634920634,0.0,0.0476190476190476,0.0634920634920634,0.3015873015873015,0.0952380952380952,0.0,0.1428571428571428,0.0,0.0,0.2484504913076341,0.3333333333333333,0.0,1.732588922235561,0.0158730158730158,19.23777777777778,0.0,0.9407407407407408,0.5937431972152304,0.2217072489272271,0.0952380952380952,0.0,0.1111111111111111,17.77777777777778,0.1587301587301587,0.365079365079365,0.0317460317460317,0.0158730158730158,0.0158730158730158,0.0,0.1587301587301587,0.0158730158730158,0.4300992464025815,0.1111111111111111,0.0,0.0,0.0,0.1111111111111111,0.0,0.0689531368102796,246.0,0.1494208321245463,0.3594781192043241,0.0044343958723867,0.0271145585010011,1.1496550416621618
HrczRL6YXMbvaEsqf,2,3,1,0.44,0.5466666666666666,True,5,3,False,2.1,0.42,False,0,False,3,6.0,False,3,3.0,True,False,False,True,False,,,,,,,,,,,,,,,,,,,,,,,,,,,,,,,,,,,,,,,,,,,,,,,,,,,,,,,,,,,,,,,,,,,,,,,,,,,,,,,,,,,,,,,,,,,,,,,,,,,,,,,,,,,,,,,,,,,,,,,,,,,,,,,,,,,,,,,,
JFERtdbEhHGdPKL5G,11,12,10,0.8823529411764706,0.9058823529411764,True,17,12,True,1.1,0.0647058823529411,False,1,True,4,13.0,False,4,6.0,False,True,True,True,True,0.9554655870445344,0.5157776108189331,0.4049539170506912,0.0598580430762998,-5.3720468933475315e-18,0.0,0.0362903225806451,0.0967741935483871,0.0120967741935483,0.9314516129032258,0.6733870967741935,0.1491935483870967,0.0,0.1612903225806451,0.0,0.2741935483870967,0.2379032258064516,0.0201612903225806,0.0846774193548387,0.0564516129032258,0.2016129032258064,0.0483870967741935,0.0,0.0564516129032258,0.0161290322580645,0.0846774193548387,0.0080645161290322,0.0403225806451612,0.0241935483870967,-0.0482455009685935,0.0080645161290322,6.221774193548387,0.2298387096774193,0.0041364207494631,0.2459677419354838,0.0519004398511039,0.0241935483870967,0.0161290322580645,0.0218011281888324,0.0040322580645161,0.0362903225806451,0.0080645161290322,0.0,0.2016129032258064,0.0887096774193548,0.0685483870967741,0.064516129032258,0.0887096774193548,0.1209677419354838,0.0120967741935483,0.1370967741935483,0.1491935483870967,0.064516129032258,0.0282258064516129,0.0040322580645161,0.0040322580645161,0.1451612903225806,0.0282258064516129,0.1451612903225806,0.0483870967741935,0.0080645161290322,0.0080645161290322,-5.730183352904034e-17,0.2805792616249978,0.157258064516129,0.0,2.306451612903226,0.6693548387096774,0.0161290322580645,0.1048387096774193,0.0483870967741935,0.0443548387096774,0.25,0.2315171868789972,0.0,0.1612903225806451,1.0,0.0564516129032258,4.581767473118279,0.0241935483870967,0.0483870967741935,0.0080645161290322,0.0,0.3225806451612903,0.0282258064516129,0.0,0.2056451612903226,0.1169354838709677,0.0887096774193548,0.0,0.1653225806451612,0.0,0.0443548387096774,0.0887096774193548,0.4314516129032258,0.1088709677419354,0.0,0.2419354838709677,0.0,0.0040322580645161,0.2293211856467904,0.4717741935483871,0.0,1.7231029627218188,0.0201612903225806,4.041576612903226,0.0120967741935483,0.987338196559646,0.6252112293866015,0.1897607648748934,0.1693548387096774,0.0040322580645161,0.2661290322580645,25.120967741935484,0.2701612903225806,0.5443548387096774,0.125,0.0080645161290322,0.0080645161290322,0.0282258064516129,0.2096774193548387,0.0,0.5260908608775465,0.157258064516129,0.0,0.0,0.0040322580645161,0.1088709677419354,0.0040322580645161,0.0651200804124191,1331.0,0.3247833727665572,0.3845143636117954,0.0084630395011824,0.0847275032412382,1.0946058172002076
JLFHg4eNsf6DvtZwo,14,15,13,0.6470588235294118,0.6862745098039216,False,17,15,False,9.3,0.5470588235294118,True,1,True,2,5.0,True,2,1.0,False,False,False,False,False,,,,,,,,,,,,,,,,,,,,,,,,,,,,,,,,,,,,,,,,,,,,,,,,,,,,,,,,,,,,,,,,,,,,,,,,,,,,,,,,,,,,,,,,,,,,,,,,,,,,,,,,,,,,,,,,,,,,,,,,,,,,,,,,,,,,,,,,
JNimkKTMhv7RR3bxr,23,24,22,1.0,0.946969696969697,True,19,24,False,11.7,0.6157894736842104,True,0,False,4,9.0,True,4,2.0,False,True,True,True,True,0.9377289377289376,0.431390977443609,0.4292883211678832,0.0247120748521064,-9.724581237592612e-18,0.0291970802919708,0.0985401459854014,0.0145985401459854,0.0036496350364963,0.635036496350365,0.4781021897810219,0.2043795620437956,0.0,0.0401459854014598,0.0072992700729927,0.2481751824817518,0.1167883211678832,0.0255474452554744,0.0437956204379562,0.0255474452554744,0.2846715328467153,0.0255474452554744,0.0,0.0401459854014598,0.010948905109489,0.0218978102189781,0.0072992700729927,0.0145985401459854,0.0291970802919708,0.1169371947025663,0.0072992700729927,4.416058394160584,0.0766423357664233,0.0047212226391982,0.2591240875912409,0.0408232767444128,0.0474452554744525,0.0328467153284671,0.0209578117298983,0.010948905109489,0.0547445255474452,0.0036496350364963,0.0072992700729927,0.1094890510948905,0.1094890510948905,0.0510948905109489,0.0364963503649635,0.0474452554744525,0.0948905109489051,0.0182481751824817,0.083941605839416,0.1058394160583941,0.0437956204379562,0.0401459854014598,0.0072992700729927,0.0,0.1861313868613138,0.0182481751824817,0.0583941605839416,0.0072992700729927,0.0036496350364963,0.0145985401459854,-1.0372886653432119e-16,0.3104358604146288,0.0802919708029197,0.010948905109489,1.594890510948905,0.4160583941605839,0.0072992700729927,0.1094890510948905,0.0072992700729927,0.0218978102189781,0.1824817518248175,0.2480901454097956,0.0036496350364963,0.0620437956204379,0.5401459854014599,0.0145985401459854,4.684872262773722,0.0255474452554744,0.0437956204379562,0.0,0.0036496350364963,0.1423357664233576,0.0510948905109489,0.0,0.1204379562043795,0.0620437956204379,0.0912408759124087,0.010948905109489,0.0802919708029197,0.0,0.0401459854014598,0.0985401459854014,0.2883211678832116,0.0912408759124087,0.0,0.1496350364963503,0.0,0.0,0.2490238674545243,0.4306569343065693,0.0072992700729927,1.3698714326013914,0.0182481751824817,8.059700729927007,0.0036496350364963,0.9868523609399524,0.6044783804312104,0.1974322110466339,0.1021897810218978,0.0036496350364963,0.1313868613138686,17.817518248175183,0.2262773722627737,0.3832116788321167,0.0656934306569343,0.0364963503649635,0.0036496350364963,0.0218978102189781,0.2153284671532846,0.0036496350364963,0.4718508001172194,0.1131386861313868,0.0,0.0,0.0,0.0583941605839416,0.0036496350364963,0.1571743569690649,1064.0,0.2870361968355426,0.3822276445859174,0.0033070280637895,0.0877809750955041,1.0792756265891732
JcdTBoHFHKhHjTPrr,9,10,8,1.0,0.9513071895424836,True,16,10,True,10.3,0.64375,False,0,False,2,6.0,True,2,2.0,False,False,False,True,True,0.9210526315789472,0.4471215351812366,0.3701298701298701,0.1188042647038079,8.074349270001139e-17,0.0,0.0649350649350649,0.0,0.0,0.5584415584415584,0.4805194805194805,0.2727272727272727,0.0,0.0259740259740259,0.0,0.2207792207792207,0.1428571428571428,0.0,0.0389610389610389,0.0389610389610389,0.3116883116883117,0.0259740259740259,0.0,0.1818181818181818,0.0,0.0129870129870129,0.0,0.0,0.0,0.2087649800219844,0.0129870129870129,5.077922077922078,0.0649350649350649,0.0008595463880163,0.2987012987012987,0.0456203969190982,0.0519480519480519,0.0129870129870129,0.025664811379097,0.0,0.0,0.0,0.0259740259740259,0.0909090909090909,0.0649350649350649,0.0519480519480519,0.0389610389610389,0.1558441558441558,0.1688311688311688,0.0129870129870129,0.0389610389610389,0.1558441558441558,0.0259740259740259,0.0389610389610389,0.0,0.0,0.2727272727272727,0.0519480519480519,0.1168831168831168,0.0129870129870129,0.0259740259740259,0.0259740259740259,-1.2976632755358972e-17,0.280342290687702,0.0909090909090909,0.0,2.0259740259740258,0.5454545454545454,0.0,0.0909090909090909,0.0259740259740259,0.0389610389610389,0.1558441558441558,0.2511720470246674,0.0,0.1038961038961039,0.7402597402597403,0.0,4.717662337662338,0.0259740259740259,0.0389610389610389,0.0,0.0,0.1168831168831168,0.0,0.0129870129870129,0.0519480519480519,0.1038961038961039,0.2207792207792207,0.0,0.1948051948051948,0.0259740259740259,0.0389610389610389,0.0259740259740259,0.5454545454545454,0.0779220779220779,0.0129870129870129,0.1038961038961039,0.0,0.0,0.3037863327149041,0.3636363636363636,0.0,1.531735509295899,0.0519480519480519,8.655103896103896,0.0,0.9854978354978354,0.6298308817435884,0.1547601764610448,0.1948051948051948,0.0,0.1948051948051948,19.51948051948052,0.2467532467532467,0.4155844155844156,0.0259740259740259,0.0519480519480519,0.0,0.0259740259740259,0.2987012987012987,0.0,0.488634579258596,0.1038961038961039,0.0,0.0,0.0,0.1948051948051948,0.0,0.1753339517625232,335.0,0.1734548141169936,0.5339326341981382,0.0002817212344884,0.0262927101949984,1.5567730483931244
JhMYTnbwHvyhTu8Ls,28,29,27,1.0,1.0,False,2,29,False,1.1,0.55,True,0,True,4,6.0,True,4,3.0,False,True,True,False,False,,,,,,,,,,,,,,,,,,,,,,,,,,,,,,,,,,,,,,,,,,,,,,,,,,,,,,,,,,,,,,,,,,,,,,,,,,,,,,,,,,,,,,,,,,,,,,,,,,,,,,,,,,,,,,,,,,,,,,,,,,,,,,,,,,,,,,,,
Jk2TeDi3nXCYfBfYp,23,24,22,0.875,0.7994791666666666,False,16,24,True,8.3,0.51875,True,1,True,3,9.0,False,3,2.0,True,False,False,False,False,,,,,,,,,,,,,,,,,,,,,,,,,,,,,,,,,,,,,,,,,,,,,,,,,,,,,,,,,,,,,,,,,,,,,,,,,,,,,,,,,,,,,,,,,,,,,,,,,,,,,,,,,,,,,,,,,,,,,,,,,,,,,,,,,,,,,,,,
JmYG5zXxdsfdzSnMx,26,27,25,1.0,0.7415343915343916,True,7,27,True,1.7,0.2428571428571428,False,0,False,3,11.0,False,3,4.0,True,True,True,True,True,0.8823529411764706,0.4111111111111111,0.3518518518518518,0.1689754835122985,8.635067969306772e-17,0.0,0.0,0.0,0.0555555555555555,0.3888888888888889,0.3333333333333333,0.1111111111111111,0.0,0.0,0.0,0.1666666666666666,0.1666666666666666,0.0,0.0,0.0,0.3888888888888889,0.0,0.0,0.0,0.0,0.0,0.0,0.0,0.0555555555555555,0.3800386857492451,0.0,2.5555555555555554,0.0555555555555555,0.0008481764206955,0.2222222222222222,0.0537037037037037,0.0555555555555555,0.0,0.037037037037037,0.0,0.1111111111111111,0.0,0.0,0.1111111111111111,0.0,0.0,0.0555555555555555,0.0,0.0,0.0,0.0555555555555555,0.0,0.0,0.0555555555555555,0.0,0.0,0.2222222222222222,0.1666666666666666,0.1111111111111111,0.0,0.0,0.0,-2.4671622769447922e-17,0.2518097201650793,0.0555555555555555,0.0,0.8888888888888888,0.1666666666666666,0.0,0.0555555555555555,0.0,0.0,0.1111111111111111,0.3322916849466157,0.0,0.1666666666666666,0.5,0.0,4.732222222222223,0.0,0.0,0.0,0.0,0.1666666666666666,0.0,0.0,0.0555555555555555,0.0555555555555555,0.1666666666666666,0.0,0.0,0.0,0.0,0.0,0.1111111111111111,0.0555555555555555,0.0,0.0555555555555555,0.0,0.0,0.3081275720164609,0.2222222222222222,0.0,1.6976851851851855,0.0,31.57438888888889,0.0,1.0,0.5647965413947058,0.0849219468525714,0.1111111111111111,0.0,0.0,10.444444444444445,0.1666666666666666,0.2222222222222222,0.0,0.0,0.0555555555555555,0.0,0.2222222222222222,0.0,0.5101870016919242,0.1111111111111111,0.0,0.0,0.0,0.2777777777777778,0.0,0.1509259259259259,45.0,0.0564766488830449,0.5488771549367601,0.0006861140652844,0.0315656649594659,1.55490624311342
JyRS9pfe7NBuBTPwP,26,27,25,1.0,0.9617056856187292,True,12,27,False,5.8,0.4833333333333333,False,0,True,2,8.0,True,2,2.0,False,True,True,True,True,0.8983050847457628,0.5440229062276306,0.4787878787878787,0.2729903730744562,2.7755575615628914e-17,0.0,0.05,0.0,0.0,0.4166666666666667,0.3333333333333333,0.1166666666666666,0.0,0.15,0.0,0.25,0.0833333333333333,0.0333333333333333,0.0333333333333333,0.0166666666666666,0.2833333333333333,0.0166666666666666,0.0666666666666666,0.0333333333333333,0.0,0.0166666666666666,0.0,0.0,0.0166666666666666,0.0384074119223473,0.0,4.466666666666667,0.1333333333333333,0.0040234810179797,0.2,0.0341193528693528,0.1333333333333333,0.0,0.0347222222222222,0.0666666666666666,0.0,0.0333333333333333,0.0,0.0833333333333333,0.0166666666666666,0.0166666666666666,0.0166666666666666,0.05,0.1166666666666666,0.0166666666666666,0.05,0.05,0.0666666666666666,0.0333333333333333,0.0166666666666666,0.0,0.1333333333333333,0.0,0.1,0.0,0.0,0.0333333333333333,-9.078386190945292e-17,0.2071558210985665,0.1,0.0,1.65,0.7666666666666667,0.0166666666666666,0.0666666666666666,0.0,0.0166666666666666,0.1166666666666666,0.210772242337347,0.0,0.1,0.75,0.0666666666666666,4.711833333333334,0.0333333333333333,0.0,0.0333333333333333,0.0,0.1833333333333333,0.0666666666666666,0.0,0.15,0.0166666666666666,0.2333333333333333,0.0,0.1,0.0,0.0,0.1166666666666666,0.3833333333333333,0.0333333333333333,0.0,0.1333333333333333,0.0,0.0,0.2985277777777778,0.45,0.0,1.0622789113810167,0.0166666666666666,19.571516666666664,0.0166666666666666,0.9879922708870078,0.5905253709169279,0.199844400899019,0.0833333333333333,0.0,0.0833333333333333,18.583333333333332,0.2666666666666666,0.25,0.0166666666666666,0.0333333333333333,0.0,0.0833333333333333,0.15,0.0,0.4915778759246071,0.1,0.0,0.0,0.0,0.0833333333333333,0.0166666666666666,0.1606388888888888,254.0,0.1516559053622735,0.6235400952703882,0.0044335490812698,0.0604142051497265,1.432330677161251
JzBnLNCjZmuywFp5a,24,25,23,0.4944444444444444,0.4828888888888889,False,9,25,False,4.9,0.5444444444444445,False,0,False,2,4.0,False,2,2.0,False,True,True,False,False,,,,,,,,,,,,,,,,,,,,,,,,,,,,,,,,,,,,,,,,,,,,,,,,,,,,,,,,,,,,,,,,,,,,,,,,,,,,,,,,,,,,,,,,,,,,,,,,,,,,,,,,,,,,,,,,,,,,,,,,,,,,,,,,,,,,,,,,
K773SGk45bYd9k8j8,14,15,13,0.5625,0.6804979253112033,False,17,15,False,9.3,0.5470588235294118,True,1,False,2,5.0,True,2,1.0,False,False,False,False,False,,,,,,,,,,,,,,,,,,,,,,,,,,,,,,,,,,,,,,,,,,,,,,,,,,,,,,,,,,,,,,,,,,,,,,,,,,,,,,,,,,,,,,,,,,,,,,,,,,,,,,,,,,,,,,,,,,,,,,,,,,,,,,,,,,,,,,,,
KAwWsZ7sAi5tvbvaP,25,26,24,0.8428571428571429,0.8316,False,15,26,True,7.8,0.52,False,0,True,4,11.0,False,4,5.0,True,True,True,False,False,,,,,,,,,,,,,,,,,,,,,,,,,,,,,,,,,,,,,,,,,,,,,,,,,,,,,,,,,,,,,,,,,,,,,,,,,,,,,,,,,,,,,,,,,,,,,,,,,,,,,,,,,,,,,,,,,,,,,,,,,,,,,,,,,,,,,,,,
KSbkpoF7LDj2u2BBi,25,26,24,0.8875,0.8611778846153846,True,17,26,False,10.7,0.6294117647058823,False,1,True,1,1.0,False,1,1.0,True,True,True,True,True,0.8846153846153846,0.5497995357670394,0.4333333333333333,0.2594341390352245,9.198990775465583e-17,0.0095238095238095,0.0666666666666666,0.0285714285714285,0.0,1.0666666666666669,0.638095238095238,0.2857142857142857,0.0,0.1333333333333333,0.0,0.4857142857142857,0.1523809523809524,0.0476190476190476,0.1238095238095238,0.0666666666666666,0.4476190476190476,0.0952380952380952,0.0,0.0571428571428571,0.0095238095238095,0.0476190476190476,0.0095238095238095,0.0,0.0571428571428571,0.234472866265051,0.0095238095238095,7.571428571428571,0.2285714285714285,0.0026911692059119,0.3619047619047619,0.046719909408985,0.0571428571428571,0.0476190476190476,0.0207715934858792,0.0,0.0857142857142857,0.0095238095238095,0.0,0.2285714285714285,0.0476190476190476,0.0666666666666666,0.1238095238095238,0.1047619047619047,0.1714285714285714,0.0095238095238095,0.2666666666666666,0.1333333333333333,0.1047619047619047,0.1047619047619047,0.0095238095238095,0.0,0.2285714285714285,0.0095238095238095,0.0857142857142857,0.019047619047619,0.0285714285714285,0.0380952380952381,-1.0963452368173419e-16,0.2757474868727572,0.1142857142857142,0.0,2.7333333333333334,0.5333333333333333,0.0095238095238095,0.2,0.0,0.019047619047619,0.3904761904761905,0.2246001758289078,0.0,0.0761904761904762,1.2285714285714286,0.0,4.726079365079365,0.0380952380952381,0.019047619047619,0.0,0.0095238095238095,0.1714285714285714,0.0952380952380952,0.0,0.1238095238095238,0.0761904761904762,0.2476190476190476,0.0,0.2476190476190476,0.0,0.0285714285714285,0.1809523809523809,0.5619047619047619,0.1619047619047619,0.0,0.2857142857142857,0.0,0.0,0.2961640211640211,0.4666666666666667,0.019047619047619,2.3485017504303483,0.0571428571428571,21.260152380952384,0.0,0.9792773830588956,0.6668035889081159,0.2113729553585428,0.3238095238095238,0.019047619047619,0.238095238095238,31.83809523809524,0.3428571428571428,0.6761904761904762,0.1047619047619047,0.0476190476190476,0.0285714285714285,0.0095238095238095,0.2857142857142857,0.0095238095238095,0.4247741805123431,0.1428571428571428,0.0,0.0,0.0,0.0761904761904762,0.0,0.0384920634920635,677.0,0.2785177568876669,0.5682017790648283,0.0008453823077343,0.0403726040483936,1.5104120002257853
KuH5GTYQGFgwSdN9M,11,12,10,0.6875,0.6822916666666666,False,4,12,True,2.7,0.675,False,0,False,1,2.0,False,1,1.0,False,False,False,False,False,,,,,,,,,,,,,,,,,,,,,,,,,,,,,,,,,,,,,,,,,,,,,,,,,,,,,,,,,,,,,,,,,,,,,,,,,,,,,,,,,,,,,,,,,,,,,,,,,,,,,,,,,,,,,,,,,,,,,,,,,,,,,,,,,,,,,,,,
L7eYzg2EeAZ7rHNen,15,16,14,1.0,0.9758373205741626,True,14,16,False,8.5,0.6071428571428571,False,1,True,3,9.0,True,3,3.0,False,False,False,True,True,0.9316239316239316,0.4763958782650371,0.4028683181225554,0.1270366573250979,1.0914056852247301e-16,0.0169491525423728,0.0677966101694915,0.0,0.0169491525423728,0.8305084745762712,0.4830508474576271,0.1271186440677966,0.0,0.0508474576271186,0.0,0.2796610169491525,0.135593220338983,0.0508474576271186,0.1101694915254237,0.0,0.2288135593220339,0.0338983050847457,0.0,0.0762711864406779,0.0084745762711864,0.0932203389830508,0.0,0.0,0.0169491525423728,-0.070836780036584,0.0,6.161016949152542,0.0677966101694915,0.0014621034083161,0.2711864406779661,0.0427778553837875,0.0169491525423728,0.0254237288135593,0.03748370273794,0.0084745762711864,0.0762711864406779,0.0,0.0,0.2457627118644068,0.1016949152542373,0.0677966101694915,0.0338983050847457,0.1525423728813559,0.135593220338983,0.0,0.1949152542372881,0.1016949152542373,0.1016949152542373,0.0254237288135593,0.0,0.0,0.2288135593220339,0.0084745762711864,0.0508474576271186,0.0084745762711864,0.0,0.0169491525423728,-1.7876472430405062e-16,0.3788872973419877,0.1525423728813559,0.0,2.2033898305084745,0.6440677966101694,0.0,0.0677966101694915,0.0169491525423728,0.0,0.1271186440677966,0.2578057425587921,0.0,0.0677966101694915,0.9491525423728814,0.0,4.839745762711865,0.0338983050847457,0.0677966101694915,0.0,0.0,0.2711864406779661,0.0677966101694915,0.0,0.2627118644067797,0.059322033898305,0.1525423728813559,0.0,0.1864406779661017,0.0,0.0169491525423728,0.1610169491525423,0.4067796610169492,0.1016949152542373,0.0084745762711864,0.288135593220339,0.0,0.0,0.2643720294144023,0.5677966101694916,0.0,1.2277074253430182,0.0254237288135593,8.969525423728815,0.0,0.9930946525226186,0.6232624314341274,0.1743921080181943,0.1694915254237288,0.0,0.2627118644067797,24.23728813559322,0.3305084745762712,0.559322033898305,0.1694915254237288,0.0847457627118644,0.0084745762711864,0.0084745762711864,0.2542372881355932,0.0084745762711864,0.5478284937345376,0.2372881355932203,0.0,0.0,0.0,0.0677966101694915,0.0,0.1076826069410815,642.0,0.2407334576781427,0.4595615854960398,0.0125669854682639,0.0417939840448153,1.3765339822400842
L8WY4CNnoZWXGj9t9,11,12,10,0.4409090909090908,0.5014598540145986,True,12,12,True,2.9,0.2416666666666666,False,0,False,3,4.0,True,3,3.0,True,True,True,True,True,1.0,0.3793103448275862,0.28,-0.0536234933969118,1.1102230246251566e-17,0.0,0.0,0.0,0.0,0.9,0.4,0.0,0.0,0.1,0.1,0.2,0.1,0.1,0.0,0.0,0.6,0.0,0.0,0.0,0.0,0.1,0.0,0.0,0.1,-0.0265451020729477,0.0,6.1,0.0,0.0,0.6,0.0278846153846153,0.0,0.0,0.0,0.0,0.0,0.0,0.1,0.3,0.1,0.0,0.0,0.1,0.2,0.0,0.2,0.0,0.1,0.0,0.0,0.0,0.4,0.0,0.2,0.0,0.0,0.0,-4.996003610813205e-17,0.0866737804376032,0.3,0.0,1.8,0.8,0.1,0.2,0.1,0.0,0.2,0.1053024228985949,0.0,0.2,1.1,0.0,4.804,0.0,0.0,0.0,0.0,0.3,0.0,0.0,0.2,0.0,0.1,0.0,0.2,0.0,0.0,0.2,0.4,0.0,0.0,0.2,0.0,0.0,0.2825,0.4,0.0,2.201869316239316,0.0,38.0281,0.0,1.0,0.7273160337503922,0.1589921686798334,0.0,0.0,0.1,28.5,0.1,0.6,0.4,0.0,0.0,0.0,0.5,0.0,0.5507416352629662,0.2,0.0,0.0,0.0,0.1,0.0,0.1341666666666666,58.0,0.0900822233498731,0.8225893807130451,0.0001488014865177,0.0116823477857841,1.7265319237907892
LHE7C8Wv7mXiat35S,4,5,3,0.1666666666666666,0.3666666666666666,False,6,5,True,2.2,0.3666666666666667,True,1,False,3,5.0,False,3,4.0,True,False,False,False,False,,,,,,,,,,,,,,,,,,,,,,,,,,,,,,,,,,,,,,,,,,,,,,,,,,,,,,,,,,,,,,,,,,,,,,,,,,,,,,,,,,,,,,,,,,,,,,,,,,,,,,,,,,,,,,,,,,,,,,,,,,,,,,,,,,,,,,,,
LTpAzDYyaNvK6Z9Bp,20,21,19,0.5,0.6941176470588235,False,5,21,False,1.8,0.36,True,0,False,3,11.0,True,3,3.0,False,True,True,False,False,,,,,,,,,,,,,,,,,,,,,,,,,,,,,,,,,,,,,,,,,,,,,,,,,,,,,,,,,,,,,,,,,,,,,,,,,,,,,,,,,,,,,,,,,,,,,,,,,,,,,,,,,,,,,,,,,,,,,,,,,,,,,,,,,,,,,,,,
Ln9Kqj8uXAbkFSouT,22,23,21,0.7,0.7347826086956522,True,10,23,True,6.3,0.63,True,0,False,4,15.0,False,4,4.0,False,False,False,True,True,0.9767441860465116,0.6078431372549019,0.4444444444444443,0.0713862532252733,-1.0092936587501425e-17,0.0,0.0454545454545454,0.0,0.0,0.8181818181818182,0.5227272727272727,0.2727272727272727,0.0,0.0909090909090909,0.0,0.2272727272727272,0.2727272727272727,0.0,0.0909090909090909,0.0681818181818181,0.3409090909090909,0.0227272727272727,0.0,0.2045454545454545,0.0227272727272727,0.0227272727272727,0.0227272727272727,0.0227272727272727,0.0454545454545454,0.0843352287986732,0.0,6.045454545454546,0.1136363636363636,0.0018924392255871,0.3409090909090909,0.0234044995408631,0.0,0.0227272727272727,0.0303030303030303,0.0,0.0,0.0,0.0,0.2727272727272727,0.1590909090909091,0.0681818181818181,0.0227272727272727,0.0909090909090909,0.0909090909090909,0.0,0.1136363636363636,0.0909090909090909,0.0909090909090909,0.0,0.0,0.0,0.1818181818181818,0.0227272727272727,0.2045454545454545,0.0,0.0227272727272727,0.0227272727272727,-1.2237685612345476e-16,0.2958326831738997,0.2045454545454545,0.0,2.272727272727273,0.3636363636363636,0.0,0.1590909090909091,0.0227272727272727,0.0681818181818181,0.25,0.245486782627404,0.0,0.2045454545454545,0.9772727272727272,0.0,4.853712121212121,0.0454545454545454,0.0227272727272727,0.0,0.0,0.2045454545454545,0.0454545454545454,0.0,0.0227272727272727,0.0454545454545454,0.0681818181818181,0.0,0.1363636363636363,0.0,0.0681818181818181,0.1136363636363636,0.4772727272727273,0.1136363636363636,0.0227272727272727,0.0909090909090909,0.0,0.0,0.4144570707070707,0.5454545454545454,0.0,2.3110077544929815,0.0454545454545454,30.50806818181818,0.0,0.9870867768595044,0.6167457517692474,0.180866345794956,0.0909090909090909,0.0,0.3409090909090909,27.477272727272727,0.2954545454545454,0.6363636363636364,0.1136363636363636,0.0909090909090909,0.0,0.0681818181818181,0.2272727272727272,0.0227272727272727,0.4976078855635767,0.0227272727272727,0.0,0.0,0.0,0.0909090909090909,0.0,0.1425820707070707,238.0,0.1484983539357875,0.5879752542589736,0.0034019497161859,0.1052194652200043,1.358077052884046
LsGsx7FwgiRCtsDuF,20,21,19,0.625,0.7232142857142857,False,4,21,False,2.7,0.675,False,1,False,2,4.0,True,2,2.0,True,True,True,False,False,,,,,,,,,,,,,,,,,,,,,,,,,,,,,,,,,,,,,,,,,,,,,,,,,,,,,,,,,,,,,,,,,,,,,,,,,,,,,,,,,,,,,,,,,,,,,,,,,,,,,,,,,,,,,,,,,,,,,,,,,,,,,,,,,,,,,,,,
MLmHDwTJ3RPSmynJq,9,10,8,0.9285714285714286,0.9214285714285714,True,14,10,True,5.3,0.3785714285714285,True,1,True,2,4.0,False,2,2.0,False,True,True,True,True,0.9615384615384616,0.4348595443485954,0.2922899884925201,0.1177041116623334,-5.0592441628488145e-17,0.0,0.0759493670886076,0.0,0.0126582278481012,0.7974683544303798,0.4683544303797468,0.2151898734177215,0.0,0.0759493670886076,0.0,0.2658227848101265,0.1772151898734177,0.0126582278481012,0.0379746835443038,0.0126582278481012,0.2531645569620253,0.0,0.0,0.050632911392405,0.0,0.0886075949367088,0.0,0.050632911392405,0.0,-0.2799109851233728,0.0,5.594936708860759,0.0759493670886076,0.0075468593499053,0.2531645569620253,0.0350115074798619,0.0253164556962025,0.0379746835443038,0.0397238837112254,0.0126582278481012,0.0126582278481012,0.0,0.0,0.1392405063291139,0.0632911392405063,0.0253164556962025,0.0126582278481012,0.1265822784810126,0.189873417721519,0.0,0.050632911392405,0.0886075949367088,0.1139240506329113,0.240506329113924,0.0126582278481012,0.0126582278481012,0.2151898734177215,0.0,0.0379746835443038,0.0379746835443038,0.0,0.0253164556962025,-1.9955907531236991e-16,0.3616458670583932,0.189873417721519,0.0,2.1772151898734178,0.5822784810126582,0.0,0.1645569620253164,0.0379746835443038,0.0379746835443038,0.1518987341772152,0.2689368616957601,0.0253164556962025,0.0379746835443038,0.8734177215189873,0.1012658227848101,4.927025316455697,0.0379746835443038,0.0,0.0,0.0126582278481012,0.0759493670886076,0.0759493670886076,0.0,0.050632911392405,0.0379746835443038,0.1392405063291139,0.0,0.2911392405063291,0.0,0.0,0.1265822784810126,0.430379746835443,0.0379746835443038,0.0,0.1518987341772152,0.0,0.0,0.2269971870604781,0.4556962025316455,0.0,1.1009721518987343,0.0379746835443038,8.67254430379747,0.0,0.99198650691577,0.6073833018846206,0.2634950618294975,0.1518987341772152,0.0,0.1772151898734177,24.72151898734177,0.2911392405063291,0.6582278481012658,0.1139240506329113,0.0759493670886076,0.0,0.0886075949367088,0.240506329113924,0.0126582278481012,0.5176681376333478,0.1392405063291139,0.0126582278481012,0.0126582278481012,0.0,0.1518987341772152,0.0,0.1138396624472573,411.0,0.2036969548288455,0.4495247210227385,0.002002940959486,0.0389602275140831,1.3882676081871663
MMG6B6aWY2hw7Hf52,7,8,6,0.875,0.815625,False,8,8,True,4.7,0.5875,False,0,True,4,11.0,True,4,3.0,True,True,True,False,False,,,,,,,,,,,,,,,,,,,,,,,,,,,,,,,,,,,,,,,,,,,,,,,,,,,,,,,,,,,,,,,,,,,,,,,,,,,,,,,,,,,,,,,,,,,,,,,,,,,,,,,,,,,,,,,,,,,,,,,,,,,,,,,,,,,,,,,,
MMjtNevGGub53cyqS,19,20,18,1.0,0.925,False,18,20,True,10.0,0.5555555555555556,True,0,True,1,4.0,False,1,1.0,True,True,True,False,False,,,,,,,,,,,,,,,,,,,,,,,,,,,,,,,,,,,,,,,,,,,,,,,,,,,,,,,,,,,,,,,,,,,,,,,,,,,,,,,,,,,,,,,,,,,,,,,,,,,,,,,,,,,,,,,,,,,,,,,,,,,,,,,,,,,,,,,,
McPNJRtjH4cL2Qic2,18,19,17,0.7,0.7789473684210526,False,10,19,False,6.9,0.6900000000000001,True,0,False,1,2.0,True,1,1.0,True,False,False,False,False,,,,,,,,,,,,,,,,,,,,,,,,,,,,,,,,,,,,,,,,,,,,,,,,,,,,,,,,,,,,,,,,,,,,,,,,,,,,,,,,,,,,,,,,,,,,,,,,,,,,,,,,,,,,,,,,,,,,,,,,,,,,,,,,,,,,,,,,
MfwXsdpam9gYYghKo,8,9,7,0.5625,0.6620689655172414,False,17,9,False,8.7,0.5117647058823529,True,0,False,3,5.0,True,3,3.0,False,True,True,False,False,,,,,,,,,,,,,,,,,,,,,,,,,,,,,,,,,,,,,,,,,,,,,,,,,,,,,,,,,,,,,,,,,,,,,,,,,,,,,,,,,,,,,,,,,,,,,,,,,,,,,,,,,,,,,,,,,,,,,,,,,,,,,,,,,,,,,,,,
MpZECmkJ2ZQNxFGjK,29,30,28,0.8,0.7349397590361446,True,18,30,False,3.4,0.1888888888888888,True,1,False,2,3.0,False,2,2.0,False,False,False,True,True,0.9545454545454546,0.4335022398472498,0.3990100894726823,0.0762440343648921,-1.149745527119903e-16,0.0226537216828478,0.116504854368932,0.0,0.0226537216828478,0.8770226537216829,0.5339805825242718,0.145631067961165,0.0032362459546925,0.0647249190938511,0.0,0.255663430420712,0.1715210355987055,0.0420711974110032,0.0841423948220064,0.0258899676375404,0.1618122977346278,0.029126213592233,0.0032362459546925,0.0647249190938511,0.0032362459546925,0.087378640776699,0.0064724919093851,0.0032362459546925,0.0129449838187702,-0.112813285546768,0.0097087378640776,5.922330097087379,0.087378640776699,0.0027613654437354,0.1844660194174757,0.0545645081910073,0.0485436893203883,0.0097087378640776,0.0191622474253003,0.0032362459546925,0.029126213592233,0.0,0.0,0.2006472491909385,0.0647249190938511,0.0517799352750809,0.0323624595469255,0.0517799352750809,0.116504854368932,0.0064724919093851,0.1909385113268608,0.1359223300970873,0.0938511326860841,0.0,0.0097087378640776,0.0,0.1197411003236245,0.0129449838187702,0.1197411003236245,0.0226537216828478,0.029126213592233,0.0161812297734627,-4.5989821084796125e-17,0.2705427947040866,0.1585760517799352,0.0032362459546925,2.1877022653721685,0.6407766990291263,0.0064724919093851,0.058252427184466,0.0226537216828478,0.0226537216828478,0.2265372168284789,0.2220820681667013,0.0032362459546925,0.1067961165048543,0.8058252427184466,0.0097087378640776,4.872907227615966,0.0550161812297734,0.0453074433656957,0.0,0.0064724919093851,0.1812297734627831,0.0614886731391585,0.0032362459546925,0.1294498381877022,0.0711974110032362,0.1359223300970873,0.0032362459546925,0.145631067961165,0.0,0.0258899676375404,0.145631067961165,0.459546925566343,0.0841423948220064,0.0,0.1941747572815534,0.0,0.0064724919093851,0.2670872502183181,0.4627831715210356,0.0,1.7036116244214174,0.0388349514563106,8.095673139158576,0.0,0.975581747880186,0.6328072790135285,0.1643683396665602,0.1812297734627831,0.0032362459546925,0.2135922330097087,23.692556634304207,0.2653721682847896,0.5372168284789643,0.1067961165048543,0.058252427184466,0.0064724919093851,0.0161812297734627,0.1391585760517799,0.0,0.5696863550300978,0.1197411003236245,0.0064724919093851,0.0032362459546925,0.0,0.0614886731391585,0.0,0.0814442389685108,1602.0,0.3253048278684131,0.3895342698416911,0.0021898276600566,0.077024694688125,1.1446071026279614
N7QdFngfGaxNixLGp,24,25,23,0.1705882352941176,0.3304740406320542,False,20,25,True,2.6,0.13,False,0,True,2,3.0,False,2,3.0,False,False,False,False,False,,,,,,,,,,,,,,,,,,,,,,,,,,,,,,,,,,,,,,,,,,,,,,,,,,,,,,,,,,,,,,,,,,,,,,,,,,,,,,,,,,,,,,,,,,,,,,,,,,,,,,,,,,,,,,,,,,,,,,,,,,,,,,,,,,,,,,,,
NC8foHQ7K3mkGhhgN,13,14,12,0.940625,0.9138392857142856,True,16,14,True,7.3,0.45625,False,1,False,4,6.0,True,4,5.0,False,True,True,True,True,0.8488372093023255,0.6316931982633864,0.5990916597853014,0.2036831639389199,4.107183443700001e-17,0.0231213872832369,0.0982658959537572,0.0635838150289017,0.0115606936416184,0.653179190751445,0.4046242774566474,0.0867052023121387,0.0,0.0115606936416184,0.0057803468208092,0.2023121387283237,0.0867052023121387,0.0231213872832369,0.0867052023121387,0.0173410404624277,0.2312138728323699,0.0289017341040462,0.0,0.0578034682080924,0.0462427745664739,0.0231213872832369,0.0,0.0231213872832369,0.0173410404624277,-0.0742086769403684,0.0,4.468208092485549,0.0462427745664739,0.0080179288188049,0.1734104046242774,0.0610038697026633,0.0635838150289017,0.0231213872832369,0.0287882099765812,0.0,0.0057803468208092,0.0057803468208092,0.0057803468208092,0.0982658959537572,0.0867052023121387,0.0173410404624277,0.0346820809248554,0.0693641618497109,0.0635838150289017,0.0173410404624277,0.1791907514450867,0.1213872832369942,0.0751445086705202,0.1098265895953757,0.0057803468208092,0.0,0.0982658959537572,0.0057803468208092,0.0173410404624277,0.0057803468208092,0.0,0.0115606936416184,-1.4888539983412504e-16,0.3296252668581699,0.1156069364161849,0.0,1.2080924855491328,0.3294797687861271,0.0,0.1676300578034682,0.0057803468208092,0.0057803468208092,0.1213872832369942,0.2955694032315738,0.0115606936416184,0.0115606936416184,0.3988439306358382,0.0115606936416184,4.740857418111753,0.0404624277456647,0.0751445086705202,0.0,0.0057803468208092,0.1676300578034682,0.0578034682080924,0.0057803468208092,0.2138728323699422,0.0751445086705202,0.0693641618497109,0.0,0.0693641618497109,0.0,0.0115606936416184,0.1098265895953757,0.1849710982658959,0.0462427745664739,0.0,0.1907514450867052,0.0,0.0,0.2251324662813102,0.3410404624277456,0.0,0.6151150742788529,0.0289017341040462,7.396537572254336,0.0,0.9938467040345652,0.5753316217919686,0.1805406424157709,0.0982658959537572,0.0057803468208092,0.0924855491329479,18.3121387283237,0.1098265895953757,0.3236994219653179,0.0520231213872832,0.0115606936416184,0.0173410404624277,0.0173410404624277,0.1213872832369942,0.0,0.5426305759202883,0.1329479768786127,0.0,0.0,0.0,0.0751445086705202,0.0,0.0378733140655105,691.0,0.2728301257416367,0.4025951858027592,0.0047708425195536,0.0941998637117461,1.241959220725972
NphNT2n89dprJcpgA,25,26,24,0.1699999999999999,0.3319787985865724,False,11,26,False,1.9,0.1727272727272727,False,0,False,2,6.0,True,2,2.0,False,True,True,False,False,,,,,,,,,,,,,,,,,,,,,,,,,,,,,,,,,,,,,,,,,,,,,,,,,,,,,,,,,,,,,,,,,,,,,,,,,,,,,,,,,,,,,,,,,,,,,,,,,,,,,,,,,,,,,,,,,,,,,,,,,,,,,,,,,,,,,,,,
P4o2hu2wNEiWY2f4c,28,29,27,0.5,0.7296137339055794,True,9,29,True,1.2,0.1333333333333333,True,1,False,2,6.0,True,2,1.0,False,True,True,True,True,0.5833333333333334,0.4713114754098361,0.4423076923076923,0.1839678112697258,-1.4518301091252047e-16,0.0,0.0,0.0,0.0,0.7692307692307693,0.3846153846153846,0.0769230769230769,0.0,0.0,0.0,0.3846153846153846,0.0769230769230769,0.0,0.1538461538461538,0.0769230769230769,0.2307692307692307,0.0,0.0,0.0,0.0,0.0769230769230769,0.0,0.0,0.0,0.1779607815341571,0.0,5.461538461538462,0.0,0.0008741258741258,0.1538461538461538,0.0494505494505494,0.0,0.0,0.0384615384615384,0.0,0.0,0.0769230769230769,0.0,0.0769230769230769,0.0769230769230769,0.0,0.0,0.0769230769230769,0.1538461538461538,0.0,0.0769230769230769,0.0769230769230769,0.3076923076923077,0.0,0.0769230769230769,0.0,0.1538461538461538,0.0,0.0,0.0769230769230769,0.0,0.0,-4.270088556250603e-17,0.1227608012617745,0.4615384615384615,0.0,1.8461538461538465,0.6923076923076923,0.0,0.0769230769230769,0.0,0.0,0.1538461538461538,0.1627655509371226,0.0,0.0769230769230769,0.6153846153846154,0.0,4.605384615384616,0.0,0.1538461538461538,0.0,0.0,0.1538461538461538,0.1538461538461538,0.0,0.1538461538461538,0.0,0.3076923076923077,0.0,0.0769230769230769,0.0,0.0,0.3076923076923077,0.2307692307692307,0.0,0.0,0.3076923076923077,0.0,0.0,0.3413461538461538,0.4615384615384615,0.0,1.0805923076923074,0.0,90.86438461538462,0.0,0.9230769230769232,0.673891773943139,0.2000404144995487,0.0,0.0,0.1538461538461538,22.46153846153846,0.2307692307692307,0.6923076923076923,0.0769230769230769,0.0,0.0,0.0,0.1538461538461538,0.0,0.4520387231157376,0.0769230769230769,0.0,0.0,0.0,0.0769230769230769,0.0,0.0596153846153846,61.0,0.0675419938922121,0.7537680189362576,1.7987723312786747e-05,0.0233350260016454,1.656944909176855
PA8cKvjyAJyuH4C36,26,27,25,0.8571428571428571,0.780484693877551,False,18,27,True,12.1,0.6722222222222222,False,1,False,3,7.0,True,3,2.0,False,True,True,False,False,,,,,,,,,,,,,,,,,,,,,,,,,,,,,,,,,,,,,,,,,,,,,,,,,,,,,,,,,,,,,,,,,,,,,,,,,,,,,,,,,,,,,,,,,,,,,,,,,,,,,,,,,,,,,,,,,,,,,,,,,,,,,,,,,,,,,,,,
PHxHJu5s7CogZREzt,9,10,8,0.75,0.744,True,14,10,True,5.3,0.3785714285714285,True,1,False,2,4.0,False,2,2.0,False,True,True,True,True,0.9393939393939394,0.3775862068965517,0.488235294117647,0.091200391068322,-3.9184342045593757e-17,0.0294117647058823,0.088235294117647,0.0,0.0,0.5882352941176471,0.3823529411764705,0.2058823529411764,0.0,0.0588235294117647,0.0,0.0588235294117647,0.1470588235294117,0.0294117647058823,0.0294117647058823,0.0,0.1176470588235294,0.0,0.0,0.088235294117647,0.0,0.0294117647058823,0.0,0.0,0.0,-0.2931253709515585,0.0,3.911764705882353,0.0294117647058823,0.0006596841635204,0.088235294117647,0.0079831932773109,0.1176470588235294,0.0,0.0259287925696594,0.0,0.0,0.0,0.0294117647058823,0.0294117647058823,0.0294117647058823,0.0,0.0,0.1764705882352941,0.0294117647058823,0.0,0.1176470588235294,0.0588235294117647,0.0294117647058823,0.0588235294117647,0.0,0.0,0.0588235294117647,0.0,0.0294117647058823,0.0294117647058823,0.0,0.0,-2.6122894697062513e-16,0.480098060646857,0.0588235294117647,0.0,1.088235294117647,0.2352941176470588,0.0,0.1764705882352941,0.088235294117647,0.0588235294117647,0.0294117647058823,0.2983302785552888,0.0,0.0,0.5882352941176471,0.0,4.82,0.0588235294117647,0.0294117647058823,0.0,0.0,0.0294117647058823,0.0294117647058823,0.0,0.1470588235294117,0.0,0.1176470588235294,0.0,0.088235294117647,0.0294117647058823,0.0,0.088235294117647,0.1176470588235294,0.0294117647058823,0.0,0.1470588235294117,0.0,0.0,0.1999999999999999,0.3823529411764705,0.0,0.988773873185638,0.0294117647058823,14.40270588235294,0.0,0.995798319327731,0.4685099461414173,0.2042052816626999,0.0,0.0,0.1764705882352941,15.411764705882351,0.1176470588235294,0.3529411764705882,0.0294117647058823,0.088235294117647,0.0,0.0294117647058823,0.0588235294117647,0.0,0.5806833588901688,0.0588235294117647,0.0,0.0,0.0,0.0,0.0,0.0683823529411764,116.0,0.0891865845697566,0.6661179802950127,0.0110777393463809,0.1811649518791689,1.3373172779022675
PLua4TqY8ncReacAe,26,27,25,1.0,0.9661237785016288,True,12,27,False,5.8,0.4833333333333333,False,0,False,2,8.0,True,2,2.0,False,True,True,True,True,0.9545454545454546,0.4552845528455284,0.3091787439613527,0.1152223088712472,-3.8616453030440226e-17,0.0,0.1739130434782608,0.0,0.0434782608695652,0.7391304347826086,0.5652173913043478,0.1304347826086956,0.0,0.0434782608695652,0.0,0.0869565217391304,0.1739130434782608,0.0,0.0,0.0,0.1304347826086956,0.0434782608695652,0.0434782608695652,0.1304347826086956,0.0,0.0434782608695652,0.0,0.0869565217391304,0.0,0.2227273291696243,0.0434782608695652,4.260869565217392,0.0434782608695652,0.0001672240802675,0.1304347826086956,0.0619235836627141,0.1739130434782608,0.0,0.0144927536231884,0.0434782608695652,0.0,0.0,0.0,0.0869565217391304,0.217391304347826,0.0,0.0434782608695652,0.0,0.0869565217391304,0.0,0.0869565217391304,0.1304347826086956,0.0,0.0869565217391304,0.0,0.0,0.217391304347826,0.1304347826086956,0.1739130434782608,0.0,0.0,0.0,-1.544658121217609e-16,0.1852938819911075,0.0,0.0,1.1304347826086956,0.4347826086956521,0.0,0.2608695652173913,0.0,0.0869565217391304,0.0,0.1971738863718318,0.0,0.1739130434782608,0.391304347826087,0.0,4.662608695652174,0.0,0.0434782608695652,0.0,0.0,0.1304347826086956,0.0,0.0,0.0,0.0869565217391304,0.0434782608695652,0.0,0.0869565217391304,0.0,0.0434782608695652,0.0,0.1739130434782608,0.0434782608695652,0.0,0.0869565217391304,0.0,0.0,0.414855072463768,0.5217391304347826,0.0,2.3710975845410633,0.0,27.729739130434783,0.0,1.0,0.6219775655583107,0.1985783692773269,0.0,0.0,0.1739130434782608,17.08695652173913,0.217391304347826,0.3043478260869565,0.0869565217391304,0.0434782608695652,0.0,0.0,0.2608695652173913,0.0,0.4408800776885903,0.0869565217391304,0.0,0.0,0.0,0.1739130434782608,0.0,0.0942028985507246,82.0,0.0789413696987256,0.6745427513002846,0.0100746650150196,0.0155647957317508,1.6108483236414868
PbnbbT8MCiaZRzwgM,13,14,12,0.4545454545454545,0.5576923076923077,False,13,14,False,4.4,0.3384615384615385,True,1,False,4,7.0,True,4,3.0,True,True,True,False,False,,,,,,,,,,,,,,,,,,,,,,,,,,,,,,,,,,,,,,,,,,,,,,,,,,,,,,,,,,,,,,,,,,,,,,,,,,,,,,,,,,,,,,,,,,,,,,,,,,,,,,,,,,,,,,,,,,,,,,,,,,,,,,,,,,,,,,,,
PjCXEN3TBc8qFJa5L,9,10,8,0.75,0.7106666666666667,True,8,10,False,2.3,0.2875,False,0,True,1,4.0,True,1,1.0,False,True,True,True,False,,,,,,,,,,,,,,,,,,,,,,,,,,,,,,,,,,,,,,,,,,,,,,,,,,,,,,,,,,,,,,,,,,,,,,,,,,,,,,,,,,,,,,,,,,,,,,,,,,,,,,,,,,,,,,,,,,,,,,,,,,,,,,,,,,,,,,,,
PjD5F5icMqLaaRiqu,7,8,6,0.5333333333333333,0.45,False,3,8,True,2.1,0.7000000000000001,False,0,False,2,7.0,False,2,1.0,False,False,False,False,False,,,,,,,,,,,,,,,,,,,,,,,,,,,,,,,,,,,,,,,,,,,,,,,,,,,,,,,,,,,,,,,,,,,,,,,,,,,,,,,,,,,,,,,,,,,,,,,,,,,,,,,,,,,,,,,,,,,,,,,,,,,,,,,,,,,,,,,,
PmQ3hZgkB8nKp5ZYE,3,4,2,0.6666666666666666,0.7083333333333334,False,6,4,True,1.5,0.25,True,0,True,2,8.0,False,2,2.0,True,True,True,False,False,,,,,,,,,,,,,,,,,,,,,,,,,,,,,,,,,,,,,,,,,,,,,,,,,,,,,,,,,,,,,,,,,,,,,,,,,,,,,,,,,,,,,,,,,,,,,,,,,,,,,,,,,,,,,,,,,,,,,,,,,,,,,,,,,,,,,,,,
PpHzZC4Xx3gzgWCEE,9,10,8,1.0,0.95,False,2,10,True,1.3,0.65,True,0,False,1,4.0,True,1,1.0,True,True,True,False,False,,,,,,,,,,,,,,,,,,,,,,,,,,,,,,,,,,,,,,,,,,,,,,,,,,,,,,,,,,,,,,,,,,,,,,,,,,,,,,,,,,,,,,,,,,,,,,,,,,,,,,,,,,,,,,,,,,,,,,,,,,,,,,,,,,,,,,,,
PsMJzGW45eYzHhmrn,22,23,21,0.8823529411764706,0.7817745803357314,True,19,23,False,4.3,0.2263157894736842,True,0,True,4,10.0,False,4,3.0,False,True,True,True,True,0.9385474860335196,0.535451794206658,0.4993827160493827,0.2037004736840343,2.960594732333751e-17,0.0111111111111111,0.0722222222222222,0.0833333333333333,0.0111111111111111,0.6444444444444445,0.4666666666666667,0.1944444444444444,0.0,0.0944444444444444,0.0,0.2722222222222222,0.15,0.0166666666666666,0.1333333333333333,0.0222222222222222,0.1888888888888888,0.0277777777777777,0.0111111111111111,0.0611111111111111,0.0,0.0555555555555555,0.0055555555555555,0.0111111111111111,0.0833333333333333,-0.0857604269790012,0.0055555555555555,5.055555555555555,0.0888888888888888,0.0008677316004179,0.2,0.046131815715149,0.0277777777777777,0.0111111111111111,0.0186307262696151,0.0166666666666666,0.0222222222222222,0.0111111111111111,0.0055555555555555,0.1555555555555555,0.05,0.0388888888888888,0.0333333333333333,0.0666666666666666,0.1555555555555555,0.0055555555555555,0.1,0.0944444444444444,0.1111111111111111,0.1,0.0055555555555555,0.0,0.1277777777777777,0.0055555555555555,0.0944444444444444,0.0166666666666666,0.0555555555555555,0.0111111111111111,-9.868649107779167e-17,0.2499851744546471,0.0833333333333333,0.0,1.7666666666666666,0.3777777777777777,0.0333333333333333,0.0722222222222222,0.0222222222222222,0.0166666666666666,0.1777777777777777,0.207319753748601,0.0,0.0888888888888888,0.7666666666666667,0.0,4.732111111111111,0.0444444444444444,0.0444444444444444,0.0111111111111111,0.0,0.1666666666666666,0.0611111111111111,0.0,0.1388888888888889,0.0611111111111111,0.1166666666666666,0.0,0.1722222222222222,0.0055555555555555,0.0444444444444444,0.1333333333333333,0.2888888888888888,0.0722222222222222,0.0,0.2166666666666666,0.0,0.0,0.2275462962962962,0.3888888888888889,0.0222222222222222,1.8530870375303707,0.0333333333333333,7.878927777777777,0.0055555555555555,0.9670496632996632,0.6174888684373511,0.25152393386751,0.0722222222222222,0.0055555555555555,0.1777777777777777,20.716666666666665,0.1833333333333333,0.3944444444444444,0.0833333333333333,0.0611111111111111,0.0111111111111111,0.0388888888888888,0.1388888888888889,0.0055555555555555,0.4749039699840877,0.0888888888888888,0.0,0.0,0.0,0.0611111111111111,0.0,0.0692515432098765,771.0,0.261097948829612,0.5347959941400404,0.000393633434052,0.0732182946064073,1.3248989558557849
PsqZhCu3YwXicjGGa,11,12,10,1.0,0.8947916666666668,False,4,12,True,2.7,0.675,False,0,True,1,2.0,False,1,1.0,False,False,False,False,False,,,,,,,,,,,,,,,,,,,,,,,,,,,,,,,,,,,,,,,,,,,,,,,,,,,,,,,,,,,,,,,,,,,,,,,,,,,,,,,,,,,,,,,,,,,,,,,,,,,,,,,,,,,,,,,,,,,,,,,,,,,,,,,,,,,,,,,,
Q7Lpuz4jZZ9WCd5JG,27,28,26,0.5535714285714286,0.6512755102040817,False,14,28,True,4.2,0.3,False,1,False,1,3.0,True,1,1.0,True,False,False,False,False,,,,,,,,,,,,,,,,,,,,,,,,,,,,,,,,,,,,,,,,,,,,,,,,,,,,,,,,,,,,,,,,,,,,,,,,,,,,,,,,,,,,,,,,,,,,,,,,,,,,,,,,,,,,,,,,,,,,,,,,,,,,,,,,,,,,,,,,
QDodERxmDfeJhH38w,16,17,15,0.65,0.7036764705882353,False,4,17,False,1.9,0.475,False,0,True,3,11.0,True,3,2.0,True,False,False,False,False,,,,,,,,,,,,,,,,,,,,,,,,,,,,,,,,,,,,,,,,,,,,,,,,,,,,,,,,,,,,,,,,,,,,,,,,,,,,,,,,,,,,,,,,,,,,,,,,,,,,,,,,,,,,,,,,,,,,,,,,,,,,,,,,,,,,,,,,
QHPKqFuSzy2W4kMoC,29,30,28,1.0,0.9743589743589745,True,18,30,False,3.4,0.1888888888888888,True,1,True,2,3.0,False,2,2.0,False,False,False,True,True,0.7906976744186046,0.6050824175824175,0.5911680911680911,0.1724874983915555,-3.2895497025930556e-17,0.037037037037037,0.0925925925925925,0.0138888888888888,0.0,0.6435185185185185,0.4351851851851852,0.1898148148148148,0.0,0.1064814814814814,0.0,0.2222222222222222,0.0972222222222222,0.0231481481481481,0.0694444444444444,0.0185185185185185,0.1435185185185185,0.0231481481481481,0.0,0.0833333333333333,0.0,0.0555555555555555,0.0092592592592592,0.0046296296296296,0.0138888888888888,-0.3451343307161846,0.0,4.921296296296297,0.1296296296296296,0.0088622133604404,0.2083333333333333,0.0429147793322629,0.0416666666666666,0.0416666666666666,0.0234319568610756,0.0231481481481481,0.0,0.0138888888888888,0.0,0.162037037037037,0.0925925925925925,0.0601851851851851,0.0462962962962962,0.1064814814814814,0.1481481481481481,0.0,0.1296296296296296,0.1388888888888889,0.074074074074074,0.0324074074074074,0.0046296296296296,0.0,0.1759259259259259,0.0092592592592592,0.074074074074074,0.0046296296296296,0.0416666666666666,0.0138888888888888,-1.2541408241136027e-16,0.2067770770954923,0.1342592592592592,0.0,1.6435185185185186,0.4166666666666667,0.0046296296296296,0.0879629629629629,0.0231481481481481,0.0046296296296296,0.162037037037037,0.1931476001678576,0.0,0.0509259259259259,0.7083333333333334,0.0185185185185185,4.778564814814815,0.0462962962962962,0.0,0.0138888888888888,0.0046296296296296,0.162037037037037,0.0833333333333333,0.0,0.1342592592592592,0.0833333333333333,0.074074074074074,0.0,0.0925925925925925,0.0,0.0462962962962962,0.1388888888888889,0.3101851851851852,0.0925925925925925,0.0046296296296296,0.1851851851851851,0.0,0.0046296296296296,0.2429091343327454,0.2638888888888889,0.0,1.6976005594713928,0.0416666666666666,10.23113888888889,0.0,0.9925414889365052,0.6413275245747954,0.2256012514375874,0.0833333333333333,0.0,0.1481481481481481,19.51388888888889,0.2731481481481481,0.412037037037037,0.0555555555555555,0.0185185185185185,0.0046296296296296,0.0324074074074074,0.199074074074074,0.0,0.5739498268295493,0.1203703703703703,0.0,0.0,0.0,0.0416666666666666,0.0,0.06680398562343,896.0,0.2853408843749636,0.5533359941435959,0.0024437832143836,0.0821114019029948,1.2728685954664667
QHkAuMSQ3PnXPPZFy,23,24,22,1.0,0.9722222222222222,False,3,24,False,1.2,0.3999999999999999,True,1,False,1,3.0,True,1,1.0,False,False,False,False,False,,,,,,,,,,,,,,,,,,,,,,,,,,,,,,,,,,,,,,,,,,,,,,,,,,,,,,,,,,,,,,,,,,,,,,,,,,,,,,,,,,,,,,,,,,,,,,,,,,,,,,,,,,,,,,,,,,,,,,,,,,,,,,,,,,,,,,,,
QK4gCZ7BWrravTaAL,29,30,28,1.0,0.875,False,4,30,False,2.4,0.6,True,0,False,3,10.0,False,3,2.0,False,True,True,False,False,,,,,,,,,,,,,,,,,,,,,,,,,,,,,,,,,,,,,,,,,,,,,,,,,,,,,,,,,,,,,,,,,,,,,,,,,,,,,,,,,,,,,,,,,,,,,,,,,,,,,,,,,,,,,,,,,,,,,,,,,,,,,,,,,,,,,,,,
QK7Qydbg5D3GvBnz6,12,13,11,0.8541666666666666,0.8201923076923077,True,13,13,True,6.4,0.4923076923076923,False,1,True,2,5.0,False,2,3.0,True,False,False,True,True,0.6666666666666666,0.3333333333333333,0.1666666666666666,-0.0773098787619473,0.0,0.0,0.0,0.0,0.0,0.5,0.5,0.0,0.0,0.0,0.0,0.0,0.0,0.0,0.0,0.0,0.5,0.0,0.0,0.0,0.25,0.0,0.0,0.0,0.25,1.306813000022704,0.0,2.0,0.0,0.0,0.25,0.0,0.0,0.0,0.0,0.0,0.0,0.0,0.0,0.0,0.0,0.0,0.0,0.0,0.0,0.0,0.0,0.0,0.0,0.0,0.0,0.0,0.25,0.0,0.0,0.0,0.0,0.0,0.0,0.2219818441581839,0.0,0.0,0.75,0.25,0.0,0.0,0.0,0.0,0.0,0.1841693453770734,0.0,0.0,0.25,0.0,4.5,0.0,0.0,0.0,0.0,0.0,0.0,0.0,0.0,0.0,0.25,0.0,0.0,0.0,0.0,0.0,0.5,0.0,0.0,0.0,0.0,0.0,0.2,0.25,0.25,2.3241583333333327,0.0,210.56825,0.0,1.0,0.5442330823082558,0.04261089512147,0.25,0.0,0.0,8.25,0.0,0.0,0.0,0.0,0.0,0.0,0.25,0.0,0.2912200912833214,0.0,0.0,0.0,0.0,0.0,0.0,0.175,8.0,0.0006123869016974,0.698573703472425,0.0,0.0027675446606453,1.603970634226773
QZDADs6WknHQaW4sq,12,13,11,0.375,0.3785714285714286,False,15,13,False,4.0,0.2666666666666666,False,0,False,1,2.0,False,1,1.0,False,True,True,False,False,,,,,,,,,,,,,,,,,,,,,,,,,,,,,,,,,,,,,,,,,,,,,,,,,,,,,,,,,,,,,,,,,,,,,,,,,,,,,,,,,,,,,,,,,,,,,,,,,,,,,,,,,,,,,,,,,,,,,,,,,,,,,,,,,,,,,,,,
QkNKFYHokbndpGhph,29,30,28,0.0,0.1797468354430379,True,15,30,False,1.1,0.0733333333333333,True,1,False,3,7.0,True,3,4.0,True,True,True,True,True,0.8846153846153846,0.4763538963756591,0.4959816303099884,0.1164141133869621,7.57508247078998e-17,0.0106609808102345,0.068230277185501,0.0063965884861407,0.0063965884861407,0.5948827292110874,0.3795309168443497,0.1044776119402985,0.0042643923240938,0.0746268656716417,0.0,0.1577825159914712,0.115138592750533,0.0234541577825159,0.0597014925373134,0.0170575692963752,0.1812366737739872,0.0085287846481876,0.0021321961620469,0.0511727078891258,0.0085287846481876,0.0660980810234541,0.0,0.021321961620469,0.021321961620469,-0.0989685517065608,0.0,4.311300639658849,0.0234541577825159,0.0099556486608171,0.1727078891257995,0.0387179984194909,0.0703624733475479,0.0085287846481876,0.0202866506024278,0.0021321961620469,0.0085287846481876,0.0127931769722814,0.0021321961620469,0.0895522388059701,0.068230277185501,0.0127931769722814,0.0085287846481876,0.0618336886993603,0.0980810234541577,0.0127931769722814,0.1066098081023454,0.1663113006396588,0.1194029850746268,0.0170575692963752,0.0,0.0,0.1513859275053305,0.021321961620469,0.0618336886993603,0.0021321961620469,0.0042643923240938,0.0021321961620469,-1.9032394707859823e-16,0.2702203010482517,0.1321961620469083,0.0,1.4733475479744136,0.5010660980810234,0.0042643923240938,0.1066098081023454,0.0767590618336887,0.0341151385927505,0.0810234541577825,0.2483491851715485,0.0,0.0618336886993603,0.5756929637526652,0.0,4.714477611940298,0.0554371002132196,0.0021321961620469,0.0,0.0,0.1727078891257995,0.0639658848614072,0.0063965884861407,0.138592750533049,0.1023454157782516,0.091684434968017,0.0021321961620469,0.0874200426439232,0.0021321961620469,0.0063965884861407,0.1471215351812366,0.347547974413646,0.0234541577825159,0.0,0.1279317697228145,0.0,0.0,0.2141792454958766,0.2814498933901919,0.0,0.9245420683968208,0.0362473347547974,6.254262260127933,0.0,0.991413598153863,0.5749086697548698,0.1450928033792229,0.091684434968017,0.0,0.1748400852878464,17.67590618336887,0.1791044776119403,0.3539445628997867,0.0767590618336887,0.0127931769722814,0.0127931769722814,0.0255863539445629,0.1791044776119403,0.0042643923240938,0.5850587602553845,0.0831556503198294,0.0021321961620469,0.0,0.0,0.1087420042643923,0.0021321961620469,0.0849051934206518,1838.0,0.3185463223361942,0.3542710798495782,0.0005066669904877,0.1187374522701691,0.8530654997021843
R2WKHrcFgikqLvYHG,21,22,20,0.7642857142857142,0.8161111111111111,False,9,22,False,2.9,0.3222222222222222,False,1,False,3,11.0,True,3,3.0,False,False,False,False,False,,,,,,,,,,,,,,,,,,,,,,,,,,,,,,,,,,,,,,,,,,,,,,,,,,,,,,,,,,,,,,,,,,,,,,,,,,,,,,,,,,,,,,,,,,,,,,,,,,,,,,,,,,,,,,,,,,,,,,,,,,,,,,,,,,,,,,,,
R9mg6ddTdNjw6MLDC,12,13,11,0.7277777777777777,0.7076923076923076,False,9,13,True,2.9,0.3222222222222222,False,0,True,3,8.0,False,3,3.0,True,True,True,False,False,,,,,,,,,,,,,,,,,,,,,,,,,,,,,,,,,,,,,,,,,,,,,,,,,,,,,,,,,,,,,,,,,,,,,,,,,,,,,,,,,,,,,,,,,,,,,,,,,,,,,,,,,,,,,,,,,,,,,,,,,,,,,,,,,,,,,,,,
RJwRqcdu4bN6ivwb6,23,24,22,1.0,0.9916666666666668,True,15,24,False,5.4,0.36,True,0,False,2,7.0,True,2,1.0,True,False,False,True,True,0.9262295081967212,0.360967993754879,0.3089430894308943,0.2399251575817038,-5.3705910540810414e-17,0.0,0.016260162601626,0.0,0.024390243902439,0.5040650406504065,0.3252032520325203,0.1138211382113821,0.0,0.0,0.0,0.1626016260162601,0.0975609756097561,0.0,0.048780487804878,0.008130081300813,0.2764227642276423,0.024390243902439,0.0,0.048780487804878,0.008130081300813,0.048780487804878,0.008130081300813,0.0,0.008130081300813,0.2054695721145485,0.0,3.747967479674797,0.08130081300813,0.0003040172442822,0.3008130081300813,0.0565688827883949,0.016260162601626,0.0,0.0120993570639518,0.0,0.024390243902439,0.024390243902439,0.0,0.073170731707317,0.073170731707317,0.048780487804878,0.048780487804878,0.1056910569105691,0.0975609756097561,0.032520325203252,0.089430894308943,0.056910569105691,0.056910569105691,0.024390243902439,0.0,0.0,0.2439024390243902,0.08130081300813,0.08130081300813,0.008130081300813,0.0,0.008130081300813,-3.7910054499395586e-17,0.3428218060382716,0.089430894308943,0.0,1.4390243902439024,0.4390243902439024,0.0,0.073170731707317,0.008130081300813,0.024390243902439,0.040650406504065,0.2911757569000342,0.0,0.08130081300813,0.4715447154471545,0.008130081300813,4.590894308943089,0.0,0.065040650406504,0.008130081300813,0.0,0.2276422764227642,0.065040650406504,0.024390243902439,0.1544715447154471,0.048780487804878,0.1219512195121951,0.0,0.056910569105691,0.0,0.008130081300813,0.073170731707317,0.3333333333333333,0.089430894308943,0.0,0.1300813008130081,0.0,0.0,0.3053039101819589,0.2764227642276423,0.0,0.5742755452316427,0.0,9.292471544715449,0.0,0.9927471579910604,0.5597455401715629,0.1266009629953925,0.089430894308943,0.0,0.0975609756097561,14.788617886178862,0.2439024390243902,0.3333333333333333,0.040650406504065,0.040650406504065,0.008130081300813,0.0,0.2845528455284553,0.0,0.517722840579908,0.1056910569105691,0.008130081300813,0.0,0.0,0.1056910569105691,0.0,0.1392469996128532,427.0,0.1804299064964838,0.3821050214032817,0.0055510705270239,0.0611985415616069,1.2330840408741266
RSkgwZB2KQ6QLEwGR,18,19,17,0.9166666666666666,0.8157894736842105,True,12,19,False,1.3,0.1083333333333333,True,1,False,4,11.0,True,4,5.0,True,True,True,True,True,0.9629629629629628,0.5454545454545454,0.4286905754795663,-0.0069527382451413,8.657702485609019e-17,0.0275229357798165,0.128440366972477,0.0,0.0091743119266055,0.8715596330275229,0.5321100917431193,0.2477064220183486,0.0,0.073394495412844,0.0091743119266055,0.2752293577981651,0.1376146788990825,0.073394495412844,0.1192660550458715,0.036697247706422,0.2201834862385321,0.036697247706422,0.0,0.0091743119266055,0.036697247706422,0.0091743119266055,0.0091743119266055,0.0091743119266055,0.0275229357798165,0.0425911282490852,0.018348623853211,6.376146788990826,0.091743119266055,0.000889227894421,0.2018348623853211,0.0371412736091635,0.073394495412844,0.0091743119266055,0.0295107033639143,0.0,0.073394495412844,0.018348623853211,0.0091743119266055,0.1559633027522936,0.055045871559633,0.073394495412844,0.055045871559633,0.036697247706422,0.1376146788990825,0.055045871559633,0.2110091743119266,0.0642201834862385,0.0825688073394495,0.036697247706422,0.0,0.0,0.1651376146788991,0.018348623853211,0.073394495412844,0.0458715596330275,0.1651376146788991,0.0091743119266055,-5.50018746144573e-17,0.3433490752125382,0.1926605504587156,0.0,2.018348623853211,0.5045871559633027,0.0,0.1376146788990825,0.0275229357798165,0.0642201834862385,0.2110091743119266,0.2496103006494259,0.0,0.0642201834862385,0.8532110091743119,0.0,5.06743119266055,0.0275229357798165,0.055045871559633,0.0,0.0,0.0642201834862385,0.0825688073394495,0.018348623853211,0.091743119266055,0.0275229357798165,0.1192660550458715,0.0,0.2018348623853211,0.0,0.0458715596330275,0.1834862385321101,0.3577981651376147,0.110091743119266,0.0091743119266055,0.2293577981651376,0.0,0.0,0.252472574146886,0.4587155963302752,0.0,2.799703606994432,0.036697247706422,13.600412844036695,0.0,0.9796044531679492,0.6200591375338367,0.2192487291940445,0.1834862385321101,0.0,0.2018348623853211,24.834862385321102,0.3302752293577982,0.6146788990825688,0.110091743119266,0.055045871559633,0.0275229357798165,0.128440366972477,0.1926605504587156,0.018348623853211,0.4709940717957162,0.1009174311926605,0.0,0.0,0.0,0.0825688073394495,0.0,0.0425486020096111,551.0,0.2455000823866881,0.4910326544668647,0.0002212167443998,0.0651557981912097,1.2428565855429354
RYDvAYfJa4tRYaxoA,24,25,23,0.2342105263157894,0.3157407407407407,False,20,25,True,2.6,0.13,False,0,False,2,3.0,False,2,3.0,False,False,False,False,False,,,,,,,,,,,,,,,,,,,,,,,,,,,,,,,,,,,,,,,,,,,,,,,,,,,,,,,,,,,,,,,,,,,,,,,,,,,,,,,,,,,,,,,,,,,,,,,,,,,,,,,,,,,,,,,,,,,,,,,,,,,,,,,,,,,,,,,,
RdnAyEZrrHATsrgMq,17,18,16,0.25,0.375,False,4,18,False,1.3,0.325,True,1,False,2,4.0,True,2,3.0,False,False,False,False,False,,,,,,,,,,,,,,,,,,,,,,,,,,,,,,,,,,,,,,,,,,,,,,,,,,,,,,,,,,,,,,,,,,,,,,,,,,,,,,,,,,,,,,,,,,,,,,,,,,,,,,,,,,,,,,,,,,,,,,,,,,,,,,,,,,,,,,,,
RfPtPem8ZuZLCyAEF,17,18,16,1.0,0.8839779005524862,True,11,18,False,6.9,0.6272727272727273,True,0,False,1,3.0,False,1,1.0,True,False,False,True,True,0.9454545454545454,0.3795871559633027,0.2723214285714285,0.2673691619334845,-6.74063979236702e-17,0.0,0.0535714285714285,0.0178571428571428,0.0,0.4464285714285714,0.2857142857142857,0.0892857142857142,0.0,0.0892857142857142,0.0,0.2321428571428571,0.0714285714285714,0.0,0.1071428571428571,0.0,0.1964285714285714,0.0535714285714285,0.0,0.1607142857142857,0.0,0.0714285714285714,0.0178571428571428,0.0,0.0,0.1808446079654605,0.0178571428571428,4.392857142857143,0.1428571428571428,0.0028050613143635,0.2142857142857142,0.0322585309427414,0.0178571428571428,0.0,0.0544797464440321,0.0,0.0535714285714285,0.0,0.0,0.1964285714285714,0.1607142857142857,0.0,0.0714285714285714,0.0357142857142857,0.0535714285714285,0.0178571428571428,0.0892857142857142,0.1071428571428571,0.1071428571428571,0.0178571428571428,0.0,0.0,0.1428571428571428,0.0178571428571428,0.0357142857142857,0.0535714285714285,0.0,0.0178571428571428,-9.516197353929911e-17,0.3461052328210602,0.2142857142857142,0.0,1.6428571428571428,0.3035714285714285,0.0,0.0892857142857142,0.0,0.0178571428571428,0.25,0.2887472772803353,0.0,0.0357142857142857,0.7321428571428571,0.0,4.878303571428573,0.0714285714285714,0.0178571428571428,0.0,0.0,0.1964285714285714,0.0714285714285714,0.0,0.1607142857142857,0.0178571428571428,0.1607142857142857,0.0,0.1607142857142857,0.0,0.0178571428571428,0.1071428571428571,0.2321428571428571,0.0714285714285714,0.0,0.1785714285714285,0.0,0.0,0.2985579648526077,0.3035714285714285,0.0,1.6439183491581515,0.0714285714285714,10.022464285714287,0.0,0.9659304511278196,0.5963915609723011,0.1161719357520009,0.0178571428571428,0.0,0.1785714285714285,18.839285714285715,0.1428571428571428,0.2678571428571428,0.0714285714285714,0.0535714285714285,0.0,0.0178571428571428,0.1428571428571428,0.0,0.5350941784812936,0.1071428571428571,0.0,0.0,0.0,0.1607142857142857,0.0,0.1757653061224489,218.0,0.1568747938664374,0.4668913760079401,0.006928570780656,0.0447223133455014,1.2298705225737274
Rj95WGKuMYoqNNdqw,24,25,23,0.2583333333333333,0.5213333333333333,False,6,25,False,2.7,0.45,False,0,False,4,5.0,True,4,3.0,True,False,False,False,False,,,,,,,,,,,,,,,,,,,,,,,,,,,,,,,,,,,,,,,,,,,,,,,,,,,,,,,,,,,,,,,,,,,,,,,,,,,,,,,,,,,,,,,,,,,,,,,,,,,,,,,,,,,,,,,,,,,,,,,,,,,,,,,,,,,,,,,,
RttRcaDc9LL35QTSM,6,7,5,0.85,0.7860902255639097,True,19,7,True,8.2,0.431578947368421,False,1,False,3,11.0,True,3,3.0,False,True,True,True,True,0.935483870967742,0.5935150375939849,0.4319727891156462,0.0486395440060145,-1.2754347842419952e-16,0.0158730158730158,0.0952380952380952,0.0317460317460317,0.0,0.7142857142857143,0.5079365079365079,0.238095238095238,0.0,0.1111111111111111,0.0,0.3492063492063492,0.0793650793650793,0.0158730158730158,0.1269841269841269,0.0158730158730158,0.2063492063492063,0.0158730158730158,0.0317460317460317,0.0317460317460317,0.0158730158730158,0.0317460317460317,0.0,0.0,0.0158730158730158,-0.0031246138376455,0.0,5.714285714285714,0.1428571428571428,0.0023067023297924,0.2222222222222222,0.0220589352168299,0.0158730158730158,0.0158730158730158,0.0344671201814058,0.0,0.1587301587301587,0.0,0.0,0.238095238095238,0.0317460317460317,0.0952380952380952,0.0158730158730158,0.0793650793650793,0.0952380952380952,0.0,0.1111111111111111,0.1111111111111111,0.1111111111111111,0.0158730158730158,0.0,0.0,0.1746031746031746,0.0317460317460317,0.0317460317460317,0.0317460317460317,0.0476190476190476,0.0317460317460317,-1.2071472569337019e-16,0.4021962723839585,0.3174603174603174,0.0,2.2063492063492065,0.2222222222222222,0.0,0.0317460317460317,0.0,0.0,0.1587301587301587,0.2800173100831666,0.0158730158730158,0.0317460317460317,1.0158730158730158,0.0,4.8080952380952375,0.0476190476190476,0.0,0.0,0.0,0.0634920634920634,0.0634920634920634,0.0,0.0793650793650793,0.0793650793650793,0.1269841269841269,0.0,0.2063492063492063,0.0,0.0158730158730158,0.1428571428571428,0.4603174603174603,0.0952380952380952,0.0,0.238095238095238,0.0,0.0,0.2710175736961451,0.492063492063492,0.0,2.5377973003326386,0.0476190476190476,7.868571428571428,0.0,0.9887450755871808,0.6019886232798414,0.1782566357610953,0.1746031746031746,0.0,0.1111111111111111,23.61904761904762,0.2063492063492063,0.4761904761904761,0.0476190476190476,0.0158730158730158,0.0158730158730158,0.0952380952380952,0.2063492063492063,0.0,0.5248744193287123,0.0952380952380952,0.0,0.0,0.0,0.0952380952380952,0.0,0.1379157218442932,304.0,0.1581542631762469,0.5633213910107082,0.018002709123661,0.0271239510763457,1.528592430679491
RwK2BFvCRH5G29wNT,10,11,9,0.6041666666666666,0.6712121212121211,True,12,11,True,7.4,0.6166666666666667,False,0,False,3,10.0,False,3,2.0,True,True,True,True,True,0.9130434782608696,0.4315,0.418279569892473,0.1563155930916892,1.6713034779303432e-17,0.0,0.043010752688172,0.032258064516129,0.043010752688172,0.5591397849462365,0.3440860215053763,0.1075268817204301,0.0,0.0,0.0,0.2258064516129032,0.0967741935483871,0.0,0.053763440860215,0.021505376344086,0.1612903225806451,0.010752688172043,0.0,0.086021505376344,0.010752688172043,0.064516129032258,0.0,0.0,0.043010752688172,0.1051886146079455,0.0,5.21505376344086,0.086021505376344,0.0005611165117894,0.2473118279569892,0.0280487223086843,0.043010752688172,0.032258064516129,0.015710872162485,0.0,0.043010752688172,0.010752688172043,0.0,0.1397849462365591,0.053763440860215,0.075268817204301,0.021505376344086,0.043010752688172,0.053763440860215,0.043010752688172,0.075268817204301,0.1075268817204301,0.075268817204301,0.1182795698924731,0.010752688172043,0.0,0.1612903225806451,0.021505376344086,0.075268817204301,0.010752688172043,0.043010752688172,0.0,-9.07279030876472e-17,0.2989453005814723,0.0967741935483871,0.0,1.7096774193548387,0.3225806451612903,0.021505376344086,0.1397849462365591,0.021505376344086,0.064516129032258,0.2580645161290322,0.2083594467533493,0.021505376344086,0.075268817204301,0.4516129032258064,0.021505376344086,4.748566308243728,0.032258064516129,0.053763440860215,0.010752688172043,0.010752688172043,0.1290322580645161,0.043010752688172,0.0,0.1290322580645161,0.032258064516129,0.0967741935483871,0.0,0.053763440860215,0.0,0.032258064516129,0.086021505376344,0.3763440860215054,0.086021505376344,0.0,0.2150537634408602,0.0,0.0,0.239605734767025,0.4193548387096774,0.010752688172043,2.8298006689248623,0.032258064516129,9.019505376344089,0.010752688172043,0.9764302918951876,0.6271087178263164,0.210245637112968,0.1075268817204301,0.021505376344086,0.086021505376344,20.387096774193548,0.1505376344086021,0.4193548387096774,0.064516129032258,0.053763440860215,0.010752688172043,0.032258064516129,0.1720430107526881,0.0,0.4623495538228301,0.1182795698924731,0.0,0.0,0.0,0.032258064516129,0.0,0.1091805148256761,400.0,0.2137037824140084,0.503885669841606,0.0038159794344466,0.0367835569741199,1.3244693788738044
SYD94nQhuAJ5Ynbtj,3,4,2,1.0,0.90625,True,8,4,False,5.1,0.6375,True,1,True,3,8.0,True,3,3.0,True,True,True,True,False,,,,,,,,,,,,,,,,,,,,,,,,,,,,,,,,,,,,,,,,,,,,,,,,,,,,,,,,,,,,,,,,,,,,,,,,,,,,,,,,,,,,,,,,,,,,,,,,,,,,,,,,,,,,,,,,,,,,,,,,,,,,,,,,,,,,,,,,
T4xySnt4inRAorEmh,9,10,8,1.0,0.906338028169014,True,8,10,False,2.3,0.2875,False,0,True,1,4.0,True,1,1.0,False,True,True,True,True,0.8571428571428571,0.3953488372093023,0.3586206896551724,0.4163936862090855,6.316786174591408e-17,0.0,0.0344827586206896,0.0,0.0689655172413793,1.103448275862069,0.8620689655172413,0.4482758620689655,0.0344827586206896,0.1034482758620689,0.0,0.4137931034482758,0.3448275862068966,0.0,0.2413793103448276,0.0689655172413793,0.2413793103448276,0.2068965517241379,0.0,0.0344827586206896,0.0,0.1379310344827586,0.0,0.0,0.0,0.0979791225623623,0.0,6.379310344827586,0.3103448275862069,0.0052861729140341,0.1724137931034483,0.0926447116102288,0.0,0.0344827586206896,0.048171368861024,0.0,0.0,0.0344827586206896,0.0,0.2068965517241379,0.1379310344827586,0.1034482758620689,0.2068965517241379,0.0689655172413793,0.0689655172413793,0.0,0.0689655172413793,0.0689655172413793,0.0,0.2068965517241379,0.0,0.0,0.2068965517241379,0.0689655172413793,0.1724137931034483,0.0,0.0,0.0,-1.4547749977846878e-16,0.2519748920600349,0.2758620689655172,0.0,2.2758620689655173,0.6896551724137931,0.0,0.0689655172413793,0.0,0.0,0.0,0.2312167428949969,0.0,0.2413793103448276,1.2758620689655171,0.0,4.738448275862068,0.0689655172413793,0.1034482758620689,0.0,0.0,0.5517241379310345,0.0344827586206896,0.0,0.3103448275862069,0.0689655172413793,0.1724137931034483,0.0,0.2413793103448276,0.0,0.0344827586206896,0.0344827586206896,0.4482758620689655,0.2758620689655172,0.0,0.4137931034482758,0.0,0.0,0.2424010217113665,0.5172413793103449,0.0,1.5657023734885802,0.0689655172413793,16.339586206896552,0.0,0.9893899204244032,0.6119457146779113,0.1322586790594304,0.1379310344827586,0.0,0.4482758620689655,27.20689655172414,0.4137931034482758,0.4827586206896552,0.0344827586206896,0.0344827586206896,0.0,0.1379310344827586,0.2068965517241379,0.0,0.5423690162856003,0.1724137931034483,0.0,0.0,0.0,0.2413793103448276,0.0,0.182183908045977,172.0,0.137580054125033,0.573393247526272,0.0112017914696073,0.0611646127790843,1.3068736091995248
TApZTMBeJTdjxX76Q,7,8,6,0.7538461538461539,0.7158653846153846,False,13,8,False,3.9,0.3,False,0,True,2,6.0,False,2,2.0,False,True,True,False,False,,,,,,,,,,,,,,,,,,,,,,,,,,,,,,,,,,,,,,,,,,,,,,,,,,,,,,,,,,,,,,,,,,,,,,,,,,,,,,,,,,,,,,,,,,,,,,,,,,,,,,,,,,,,,,,,,,,,,,,,,,,,,,,,,,,,,,,,
TTKqwzB7SrGWqTHvW,11,12,10,0.6666666666666666,0.6559907834101382,False,19,12,False,1.9,0.0999999999999999,False,1,True,2,6.0,True,2,2.0,True,True,True,False,False,,,,,,,,,,,,,,,,,,,,,,,,,,,,,,,,,,,,,,,,,,,,,,,,,,,,,,,,,,,,,,,,,,,,,,,,,,,,,,,,,,,,,,,,,,,,,,,,,,,,,,,,,,,,,,,,,,,,,,,,,,,,,,,,,,,,,,,,
TZ5uNCzFE3WzQtQtr,28,29,27,1.0,0.9178743961352656,True,9,29,True,1.2,0.1333333333333333,True,1,True,2,6.0,True,2,1.0,False,True,True,True,True,0.9661016949152542,0.3233908948194662,0.3142857142857143,0.3634431572258574,-1.0362081563168128e-16,0.0,0.05,0.0,0.0166666666666666,0.85,0.55,0.35,0.0,0.0333333333333333,0.0,0.3666666666666666,0.1833333333333333,0.0,0.1333333333333333,0.0166666666666666,0.4,0.1166666666666666,0.0,0.05,0.0333333333333333,0.0333333333333333,0.0166666666666666,0.0,0.0333333333333333,0.55361284436063,0.0,5.483333333333333,0.15,0.0019759512079204,0.3333333333333333,0.0532757982757982,0.0333333333333333,0.0166666666666666,0.0571637426900584,0.0,0.0166666666666666,0.0166666666666666,0.0,0.05,0.0833333333333333,0.0666666666666666,0.1,0.0333333333333333,0.0833333333333333,0.0,0.1833333333333333,0.1333333333333333,0.1333333333333333,0.0833333333333333,0.0166666666666666,0.0,0.3,0.0166666666666666,0.1,0.0166666666666666,0.0333333333333333,0.0,-1.8503717077085938e-17,0.2515365696083193,0.0833333333333333,0.0,1.9166666666666667,0.4,0.0166666666666666,0.0666666666666666,0.0666666666666666,0.05,0.1333333333333333,0.2409452030448809,0.0,0.0666666666666666,0.7666666666666667,0.0,4.906694444444444,0.0,0.0833333333333333,0.0,0.0,0.1166666666666666,0.0166666666666666,0.0166666666666666,0.0833333333333333,0.0833333333333333,0.1333333333333333,0.0,0.1333333333333333,0.0,0.0833333333333333,0.1333333333333333,0.25,0.1833333333333333,0.0,0.35,0.0,0.0,0.2642824074074074,0.25,0.0166666666666666,1.4226233297258295,0.0,20.459933333333332,0.0,0.937531265031265,0.6257816208902783,0.1303763842559419,0.1,0.0,0.1833333333333333,21.333333333333332,0.25,0.55,0.0333333333333333,0.0166666666666666,0.0,0.0666666666666666,0.3333333333333333,0.0,0.4157982167011748,0.15,0.0,0.0,0.0,0.0833333333333333,0.0,0.1818055555555555,273.0,0.1737249630088388,0.4635685752817992,0.0009436390553836,0.0398902892286818,1.3294242953513993
Ta3gNvC3PqgJugio8,22,23,21,1.0,0.9217391304347826,True,10,23,True,6.3,0.63,True,0,True,4,15.0,False,4,4.0,False,False,False,True,True,0.9171974522292994,0.4345679012345679,0.3389592123769338,0.0449693485670756,4.49710592253228e-17,0.0,0.0569620253164556,0.0,0.0126582278481012,0.5316455696202531,0.379746835443038,0.170886075949367,0.0,0.050632911392405,0.0,0.2784810126582278,0.0949367088607595,0.0316455696202531,0.0759493670886076,0.0253164556962025,0.2341772151898734,0.0253164556962025,0.0,0.0822784810126582,0.0126582278481012,0.0063291139240506,0.0,0.0,0.0126582278481012,0.1438721553426304,0.0,4.341772151898734,0.0632911392405063,0.0047809843089197,0.2088607594936709,0.0480877772017012,0.0379746835443038,0.0253164556962025,0.0184253448214728,0.0,0.0379746835443038,0.0126582278481012,0.0,0.120253164556962,0.0443037974683544,0.050632911392405,0.0379746835443038,0.0822784810126582,0.0949367088607595,0.0063291139240506,0.1012658227848101,0.0569620253164556,0.1265822784810126,0.0126582278481012,0.0063291139240506,0.0,0.1772151898734177,0.0443037974683544,0.0696202531645569,0.0316455696202531,0.0126582278481012,0.0,-7.869935364431491e-17,0.2994479079740008,0.0696202531645569,0.0,1.5886075949367089,0.4430379746835443,0.0,0.0949367088607595,0.0316455696202531,0.0189873417721519,0.0569620253164556,0.231670232987819,0.0,0.0632911392405063,0.6708860759493671,0.0,4.744556962025317,0.0126582278481012,0.0189873417721519,0.0063291139240506,0.0063291139240506,0.1772151898734177,0.0316455696202531,0.0,0.1582278481012658,0.0253164556962025,0.2025316455696202,0.0,0.0886075949367088,0.0,0.0443037974683544,0.1582278481012658,0.3291139240506329,0.0822784810126582,0.0,0.1392405063291139,0.0,0.0,0.2065796413502109,0.3734177215189873,0.0126582278481012,1.5944953072595478,0.0126582278481012,8.397259493670886,0.0,0.9842258655549796,0.590050361253028,0.171166893292242,0.120253164556962,0.0,0.1518987341772152,17.11392405063291,0.2215189873417721,0.2784810126582278,0.0253164556962025,0.0063291139240506,0.0,0.0189873417721519,0.2215189873417721,0.0063291139240506,0.490522564064617,0.0949367088607595,0.0063291139240506,0.0,0.0,0.0886075949367088,0.0,0.1140427215189873,585.0,0.2151319574033117,0.4068749834209489,0.0020774762762033,0.0945718702362304,0.9658935037192669
TbL5wguJpyDGWP3Lw,10,11,9,0.75,0.6712121212121211,True,3,11,False,1.5,0.5,False,0,True,3,9.0,False,3,4.0,True,False,False,True,False,,,,,,,,,,,,,,,,,,,,,,,,,,,,,,,,,,,,,,,,,,,,,,,,,,,,,,,,,,,,,,,,,,,,,,,,,,,,,,,,,,,,,,,,,,,,,,,,,,,,,,,,,,,,,,,,,,,,,,,,,,,,,,,,,,,,,,,,
Tf3oEkJ7EiRqBAdnh,19,20,18,1.0,0.945945945945946,True,8,20,True,3.8,0.475,True,1,False,2,6.0,False,2,2.0,False,True,True,True,True,1.0,0.350210970464135,0.2555555555555555,0.1199626596078468,-4.4408920985006264e-17,0.0333333333333333,0.1666666666666666,0.0,0.0666666666666666,0.8666666666666667,0.6333333333333333,0.1,0.0,0.0,0.0,0.2,0.1333333333333333,0.0333333333333333,0.0,0.0,0.3,0.0333333333333333,0.0,0.1,0.0333333333333333,0.0666666666666666,0.0333333333333333,0.0,0.0,0.9382776455936236,0.0,5.8,0.1333333333333333,0.0003342407743496,0.2666666666666666,0.044047619047619,0.0666666666666666,0.0,0.0233333333333333,0.0333333333333333,0.0333333333333333,0.0333333333333333,0.0,0.1,0.2666666666666666,0.0,0.0333333333333333,0.1,0.1666666666666666,0.1333333333333333,0.1333333333333333,0.0,0.0,0.0666666666666666,0.0,0.0,0.3666666666666666,0.0,0.2666666666666666,0.0333333333333333,0.0,0.0,-6.29126380620922e-17,0.2002375634802721,0.1,0.0,1.8333333333333333,0.4,0.0,0.2333333333333333,0.1333333333333333,0.1,0.2333333333333333,0.1838968519903718,0.0,0.1,0.9666666666666668,0.0333333333333333,4.849666666666667,0.0,0.0,0.0333333333333333,0.0,0.1333333333333333,0.0,0.1,0.0333333333333333,0.0,0.3333333333333333,0.0,0.1,0.0,0.0,0.0333333333333333,0.3,0.0666666666666666,0.0333333333333333,0.0333333333333333,0.0,0.0,0.3311574074074074,0.7,0.0,1.7798670370370373,0.0,25.977500000000003,0.0,0.975330687830688,0.6271252012779388,0.0857922442257404,0.3,0.0,0.0666666666666666,26.133333333333333,0.1666666666666666,0.2666666666666666,0.1666666666666666,0.0666666666666666,0.0,0.0333333333333333,0.4333333333333333,0.0,0.3519369371235371,0.0333333333333333,0.0333333333333333,0.0,0.0,0.0,0.0,0.3190740740740741,158.0,0.1489350626642581,0.5954899674226796,0.0005744948180901,0.0205103623149179,1.5185369536634843
TfJ9kt4FGHsbBXX7s,8,9,7,0.75,0.7222222222222222,True,6,9,False,3.7,0.6166666666666667,True,1,False,2,3.0,False,2,1.0,False,False,False,True,True,0.5,0.0833333333333333,0.1666666666666666,-0.1232635413747547,0.0,0.0,0.0,0.0,0.0,1.0,0.3333333333333333,0.0,0.0,0.3333333333333333,0.0,0.0,0.0,0.0,0.3333333333333333,0.0,0.0,0.3333333333333333,0.0,0.0,0.0,0.0,0.0,0.0,0.0,0.0956183927970078,0.0,4.333333333333333,0.3333333333333333,0.0,0.0,0.1888888888888888,0.3333333333333333,0.0,0.0,0.0,0.0,0.0,0.0,0.0,0.0,0.0,0.3333333333333333,0.0,0.0,0.0,0.6666666666666666,0.0,0.0,0.0,0.0,0.0,0.0,0.0,0.3333333333333333,0.0,0.0,0.0,-2.220446049250313e-16,0.1955886518461599,0.3333333333333333,0.0,1.6666666666666667,0.3333333333333333,0.0,0.3333333333333333,0.0,0.0,0.0,0.1701955853232847,0.0,0.0,1.3333333333333333,0.0,4.07,0.0,0.0,0.0,0.0,0.3333333333333333,0.0,0.0,0.3333333333333333,0.0,0.3333333333333333,0.0,0.0,0.0,0.0,0.0,0.0,0.3333333333333333,0.0,0.6666666666666666,0.0,0.0,0.1666666666666666,0.0,0.0,6.673900000000001,0.0,28.057999999999996,0.0,1.0,0.490676197275406,0.2179406297703584,0.0,0.0,0.3333333333333333,21.333333333333332,0.3333333333333333,0.3333333333333333,0.3333333333333333,0.0,0.0,0.0,0.0,0.0,0.4573526283105214,0.3333333333333333,0.0,0.0,0.0,0.0,0.0,0.1666666666666666,12.0,0.0,0.8035011693797709,0.0,0.0,0.0
TzHwDYFvukpQXXmHg,14,15,13,1.0,0.8666666666666667,False,4,15,True,1.6,0.4,True,1,True,3,10.0,False,3,4.0,True,False,False,False,False,,,,,,,,,,,,,,,,,,,,,,,,,,,,,,,,,,,,,,,,,,,,,,,,,,,,,,,,,,,,,,,,,,,,,,,,,,,,,,,,,,,,,,,,,,,,,,,,,,,,,,,,,,,,,,,,,,,,,,,,,,,,,,,,,,,,,,,,
W34DkPMEtYuz57TaK,7,8,6,0.53125,0.53515625,False,8,8,True,4.7,0.5875,False,0,False,4,11.0,True,4,3.0,True,True,True,False,False,,,,,,,,,,,,,,,,,,,,,,,,,,,,,,,,,,,,,,,,,,,,,,,,,,,,,,,,,,,,,,,,,,,,,,,,,,,,,,,,,,,,,,,,,,,,,,,,,,,,,,,,,,,,,,,,,,,,,,,,,,,,,,,,,,,,,,,,
W5dH6qRjx9pHLdkay,3,4,2,0.8,0.75,False,6,4,True,1.5,0.25,True,0,True,2,8.0,False,2,2.0,True,True,True,False,False,,,,,,,,,,,,,,,,,,,,,,,,,,,,,,,,,,,,,,,,,,,,,,,,,,,,,,,,,,,,,,,,,,,,,,,,,,,,,,,,,,,,,,,,,,,,,,,,,,,,,,,,,,,,,,,,,,,,,,,,,,,,,,,,,,,,,,,,
WLCQkELwKKco9q6aq,17,18,16,1.0,0.9848484848484848,True,11,18,False,6.9,0.6272727272727273,True,0,True,1,3.0,False,1,1.0,True,False,False,True,True,0.9230769230769232,0.4096638655462185,0.285377358490566,0.0666092923364298,-4.189520847642101e-17,0.0188679245283018,0.0566037735849056,0.1132075471698113,0.0188679245283018,0.660377358490566,0.4150943396226415,0.1886792452830188,0.0,0.0377358490566037,0.0,0.2830188679245283,0.1320754716981132,0.0188679245283018,0.0754716981132075,0.0188679245283018,0.3584905660377358,0.0188679245283018,0.0188679245283018,0.0943396226415094,0.0377358490566037,0.0754716981132075,0.0,0.0,0.0377358490566037,0.1467233988498943,0.0566037735849056,5.188679245283019,0.0377358490566037,0.0006112763957004,0.1886792452830188,0.0817024694383184,0.1132075471698113,0.0188679245283018,0.0349281221922731,0.0188679245283018,0.0,0.0,0.0,0.0566037735849056,0.1320754716981132,0.0377358490566037,0.0188679245283018,0.1698113207547169,0.0754716981132075,0.0377358490566037,0.1509433962264151,0.0566037735849056,0.0943396226415094,0.0,0.0,0.0,0.1886792452830188,0.0377358490566037,0.0943396226415094,0.0188679245283018,0.0566037735849056,0.0,-9.21694586481262e-17,0.1951351768069456,0.1698113207547169,0.0,1.849056603773585,0.490566037735849,0.0,0.1509433962264151,0.0566037735849056,0.0,0.1886792452830188,0.1814475164474396,0.0,0.1132075471698113,0.6226415094339622,0.0,4.666981132075471,0.0188679245283018,0.0377358490566037,0.0,0.0,0.2075471698113207,0.1132075471698113,0.0,0.1698113207547169,0.0188679245283018,0.0943396226415094,0.0,0.0943396226415094,0.0,0.0,0.1698113207547169,0.3584905660377358,0.0566037735849056,0.0,0.2075471698113207,0.0,0.0,0.2623798633232595,0.2452830188679245,0.0188679245283018,1.2883588907947396,0.0377358490566037,10.883584905660376,0.0,0.981132075471698,0.6347348152712091,0.2028619034637538,0.0754716981132075,0.0,0.1698113207547169,21.07547169811321,0.320754716981132,0.4150943396226415,0.0566037735849056,0.0188679245283018,0.0188679245283018,0.0754716981132075,0.2075471698113207,0.0,0.4580237228634222,0.1320754716981132,0.0188679245283018,0.0,0.0,0.0377358490566037,0.0,0.0651515151515151,238.0,0.1739641836298365,0.4958355314692756,0.0023980836706166,0.033671705882025,1.4425964486574745
WWMQML8rnpAFP2YMF,23,24,22,1.0,0.7448275862068966,False,7,24,False,3.1,0.4428571428571429,True,1,True,3,4.0,True,3,3.0,True,True,True,False,False,,,,,,,,,,,,,,,,,,,,,,,,,,,,,,,,,,,,,,,,,,,,,,,,,,,,,,,,,,,,,,,,,,,,,,,,,,,,,,,,,,,,,,,,,,,,,,,,,,,,,,,,,,,,,,,,,,,,,,,,,,,,,,,,,,,,,,,,
WZwqGocuWKmCDKx55,5,6,4,1.0,1.0,True,4,6,False,2.2,0.55,True,0,True,4,9.0,False,4,6.0,False,True,True,True,False,,,,,,,,,,,,,,,,,,,,,,,,,,,,,,,,,,,,,,,,,,,,,,,,,,,,,,,,,,,,,,,,,,,,,,,,,,,,,,,,,,,,,,,,,,,,,,,,,,,,,,,,,,,,,,,,,,,,,,,,,,,,,,,,,,,,,,,,
Wh693tc2FgzWxBzS4,10,11,9,0.6157894736842104,0.573444976076555,False,19,11,False,7.9,0.4157894736842105,False,1,False,2,4.0,False,2,2.0,True,True,True,False,False,,,,,,,,,,,,,,,,,,,,,,,,,,,,,,,,,,,,,,,,,,,,,,,,,,,,,,,,,,,,,,,,,,,,,,,,,,,,,,,,,,,,,,,,,,,,,,,,,,,,,,,,,,,,,,,,,,,,,,,,,,,,,,,,,,,,,,,,
X2zpj7ZG8apBebrzD,12,13,11,0.6777777777777777,0.7247899159663865,False,13,13,False,7.5,0.5769230769230769,False,0,False,1,3.0,True,1,1.0,False,True,True,False,False,,,,,,,,,,,,,,,,,,,,,,,,,,,,,,,,,,,,,,,,,,,,,,,,,,,,,,,,,,,,,,,,,,,,,,,,,,,,,,,,,,,,,,,,,,,,,,,,,,,,,,,,,,,,,,,,,,,,,,,,,,,,,,,,,,,,,,,,
X8wnkwk35Xc764NDm,5,6,4,0.8571428571428571,0.8333333333333334,True,7,6,False,3.2,0.4571428571428572,True,0,False,2,3.0,True,2,3.0,True,False,False,True,True,0.8076923076923077,0.4301075268817204,0.3395061728395062,0.045765179743933,-1.2233012956517926e-16,0.0,0.037037037037037,0.0,0.0,0.6666666666666666,0.2962962962962963,0.2592592592592592,0.0,0.037037037037037,0.0,0.1851851851851851,0.074074074074074,0.074074074074074,0.074074074074074,0.037037037037037,0.2962962962962963,0.037037037037037,0.0,0.1111111111111111,0.0,0.074074074074074,0.0,0.0,0.0,-0.262789326614752,0.0,5.518518518518518,0.1481481481481481,0.0017530671816775,0.3703703703703703,0.0385802469135802,0.0,0.037037037037037,0.0555555555555555,0.074074074074074,0.037037037037037,0.0,0.0,0.074074074074074,0.2592592592592592,0.0,0.037037037037037,0.1481481481481481,0.1851851851851851,0.0,0.2592592592592592,0.2962962962962963,0.0,0.0,0.0,0.0,0.2592592592592592,0.0,0.074074074074074,0.0,0.037037037037037,0.0,-7.812680543658509e-17,0.197443636375794,0.037037037037037,0.0,1.5925925925925926,0.2962962962962963,0.0,0.1481481481481481,0.0,0.0,0.1851851851851851,0.1954926888559706,0.0,0.1111111111111111,0.8148148148148148,0.0,4.941481481481482,0.074074074074074,0.074074074074074,0.0,0.0,0.1481481481481481,0.0,0.0,0.1111111111111111,0.1481481481481481,0.1111111111111111,0.0,0.2592592592592592,0.0,0.037037037037037,0.074074074074074,0.3703703703703703,0.037037037037037,0.0,0.2222222222222222,0.0,0.0,0.2128600823045267,0.4814814814814814,0.0,3.437349588477366,0.037037037037037,14.373185185185186,0.0,0.9561728395061728,0.6244673700560024,0.2727045506514884,0.037037037037037,0.0,0.1481481481481481,22.22222222222222,0.1851851851851851,0.3333333333333333,0.037037037037037,0.037037037037037,0.0,0.074074074074074,0.3333333333333333,0.0,0.5036316650609175,0.1111111111111111,0.0,0.0,0.0,0.1481481481481481,0.0,-0.0356995884773662,124.0,0.1168924475812952,0.58162261655704,0.0090939177326707,0.0361132020223538,1.3895091438070757
XCabBPXLcM9Ev7ssq,12,13,11,0.3999999999999999,0.2987179487179487,True,3,13,False,1.0,0.3333333333333333,False,1,True,2,3.0,False,2,2.0,True,True,True,True,False,,,,,,,,,,,,,,,,,,,,,,,,,,,,,,,,,,,,,,,,,,,,,,,,,,,,,,,,,,,,,,,,,,,,,,,,,,,,,,,,,,,,,,,,,,,,,,,,,,,,,,,,,,,,,,,,,,,,,,,,,,,,,,,,,,,,,,,,
XLvxd9EmkPHvF6pew,20,21,19,0.9333333333333332,0.8666666666666667,True,17,21,False,7.9,0.4647058823529412,True,1,True,2,3.0,True,2,3.0,False,False,False,True,True,0.8823529411764706,0.610279101429544,0.5810147299509002,0.3076311550942688,8.031400603671346e-17,0.0106382978723404,0.0212765957446808,0.0,0.0053191489361702,0.9202127659574468,0.5425531914893617,0.1276595744680851,0.0,0.1329787234042553,0.0,0.2712765957446808,0.2340425531914893,0.026595744680851,0.0585106382978723,0.0372340425531914,0.2393617021276596,0.0159574468085106,0.0,0.0159574468085106,0.0053191489361702,0.101063829787234,0.0,0.0372340425531914,0.0053191489361702,-0.1521207558669421,0.0106382978723404,5.4787234042553195,0.1542553191489361,0.0020128949974164,0.2712765957446808,0.0616997107968552,0.0638297872340425,0.0425531914893617,0.0161868054765426,0.0319148936170212,0.0,0.0,0.0,0.2127659574468085,0.0638297872340425,0.0638297872340425,0.0372340425531914,0.101063829787234,0.101063829787234,0.0159574468085106,0.175531914893617,0.0904255319148936,0.0851063829787234,0.0851063829787234,0.0053191489361702,0.0,0.1436170212765957,0.0053191489361702,0.1329787234042553,0.0159574468085106,0.0159574468085106,0.0212765957446808,-1.4173059888831786e-16,0.2818953697038244,0.1914893617021276,0.0,1.925531914893617,0.3617021276595745,0.0,0.1861702127659574,0.0159574468085106,0.0531914893617021,0.202127659574468,0.2175454313384765,0.0053191489361702,0.1276595744680851,0.9095744680851064,0.1436170212765957,4.675132978723404,0.0212765957446808,0.0053191489361702,0.0,0.0,0.1968085106382978,0.0585106382978723,0.0,0.1223404255319148,0.0585106382978723,0.0585106382978723,0.0,0.1382978723404255,0.0,0.0478723404255319,0.1170212765957446,0.3031914893617021,0.0904255319148936,0.0,0.2074468085106383,0.0,0.0,0.247132514353259,0.4627659574468085,0.0,1.4420690427185108,0.0106382978723404,8.65956914893617,0.0,0.9791223467319412,0.6149127114727866,0.2409766434389662,0.1968085106382978,0.0,0.2074468085106383,21.867021276595743,0.2446808510638297,0.5319148936170213,0.1170212765957446,0.0425531914893617,0.0053191489361702,0.0319148936170212,0.1595744680851064,0.0,0.504159687334632,0.1648936170212765,0.0053191489361702,0.0,0.0053191489361702,0.1117021276595744,0.0053191489361702,0.0672861786558595,904.0,0.2840370749368989,0.5399886221637902,0.0023525564634091,0.1229896137287146,1.252297933133687
XSBNh3n7r4FXve28j,3,4,2,0.8571428571428571,0.7857142857142857,False,14,4,False,5.8,0.4142857142857142,True,0,True,2,6.0,False,2,3.0,True,False,False,False,False,,,,,,,,,,,,,,,,,,,,,,,,,,,,,,,,,,,,,,,,,,,,,,,,,,,,,,,,,,,,,,,,,,,,,,,,,,,,,,,,,,,,,,,,,,,,,,,,,,,,,,,,,,,,,,,,,,,,,,,,,,,,,,,,,,,,,,,,
XT4BGco72Tioegwe7,2,3,1,0.0666666666666666,0.1055555555555555,True,3,27,True,1.0,0.3333333333333333,False,0,False,2,5.0,True,2,3.0,False,False,False,True,False,,,,,,,,,,,,,,,,,,,,,,,,,,,,,,,,,,,,,,,,,,,,,,,,,,,,,,,,,,,,,,,,,,,,,,,,,,,,,,,,,,,,,,,,,,,,,,,,,,,,,,,,,,,,,,,,,,,,,,,,,,,,,,,,,,,,,,,,
Xh4ppwSFKbzJGxPzB,15,16,14,0.5346153846153846,0.5872596153846155,False,16,16,True,6.4,0.4,False,0,True,1,2.0,True,1,1.0,False,False,False,False,False,,,,,,,,,,,,,,,,,,,,,,,,,,,,,,,,,,,,,,,,,,,,,,,,,,,,,,,,,,,,,,,,,,,,,,,,,,,,,,,,,,,,,,,,,,,,,,,,,,,,,,,,,,,,,,,,,,,,,,,,,,,,,,,,,,,,,,,,
XnSFtNHhqjrvmYWFX,5,6,4,0.75,0.7083333333333334,False,4,6,True,2.4,0.6,True,1,True,3,9.0,True,3,4.0,True,False,False,False,False,,,,,,,,,,,,,,,,,,,,,,,,,,,,,,,,,,,,,,,,,,,,,,,,,,,,,,,,,,,,,,,,,,,,,,,,,,,,,,,,,,,,,,,,,,,,,,,,,,,,,,,,,,,,,,,,,,,,,,,,,,,,,,,,,,,,,,,,
Xut3K98uPfJMEcaLp,4,5,3,0.6666666666666666,0.631578947368421,True,16,5,True,9.6,0.6,True,1,False,3,3.0,False,3,4.0,True,False,False,True,True,1.0,0.4464285714285714,0.3195488721804511,0.0550760160530232,-8.180590707764311e-17,0.0,0.0789473684210526,0.0,0.0,0.3684210526315789,0.2368421052631578,0.2105263157894736,0.0,0.1578947368421052,0.0,0.3947368421052631,0.0263157894736842,0.0263157894736842,0.0789473684210526,0.0263157894736842,0.1578947368421052,0.0526315789473684,0.0,0.0526315789473684,0.0,0.0,0.0,0.0,0.0,0.1153640888434343,0.0263157894736842,4.657894736842105,0.0526315789473684,0.0004637752993636,0.131578947368421,0.0452864617684562,0.0526315789473684,0.0,0.0164473684210526,0.0,0.2105263157894736,0.0,0.0,0.131578947368421,0.0526315789473684,0.0263157894736842,0.0263157894736842,0.0,0.0789473684210526,0.0263157894736842,0.1052631578947368,0.0789473684210526,0.0526315789473684,0.631578947368421,0.0,0.0,0.0526315789473684,0.0,0.0263157894736842,0.0,0.0263157894736842,0.0,-2.921639538487254e-17,0.5321846699853673,0.2368421052631578,0.0,1.5789473684210529,0.131578947368421,0.0,0.1578947368421052,0.0,0.0263157894736842,0.1052631578947368,0.3072129344612495,0.0,0.0,0.7105263157894737,0.0,4.929605263157894,0.0,0.0,0.0,0.0,0.0263157894736842,0.0263157894736842,0.0,0.0789473684210526,0.0263157894736842,0.2631578947368421,0.0,0.1052631578947368,0.0,0.0263157894736842,0.0789473684210526,0.2105263157894736,0.0526315789473684,0.0,0.2631578947368421,0.0,0.0,0.2246397243107769,0.3157894736842105,0.0,2.6724181704260657,0.0263157894736842,8.315315789473683,0.0,0.9831321725366046,0.5731307815623605,0.2191437052832425,0.3947368421052631,0.0,0.2105263157894736,19.5,0.2105263157894736,0.3684210526315789,0.0263157894736842,0.0263157894736842,0.0,0.1052631578947368,0.1052631578947368,0.0,0.4505828037661941,0.131578947368421,0.0,0.0,0.0,0.0526315789473684,0.0,0.0332706766917293,152.0,0.1315253145778983,0.602765212626964,0.0202400946354619,0.0131854702112453,1.665592484995713
XvMGfuWMRnj7Zze5T,8,9,7,0.9,0.7802197802197802,True,11,9,False,4.0,0.3636363636363636,True,1,True,4,11.0,False,4,3.0,True,True,True,True,True,1.0,0.3606060606060606,0.1969696969696969,0.2168358749882849,7.569702440626067e-17,0.0,0.0,0.0,0.0909090909090909,0.6363636363636364,0.4545454545454545,0.2727272727272727,0.0,0.1818181818181818,0.0,0.4545454545454545,0.4545454545454545,0.0909090909090909,0.0,0.0,0.2727272727272727,0.0,0.0,0.0909090909090909,0.0,0.1818181818181818,0.0,0.0,0.0,0.5416318980133693,0.0909090909090909,5.2727272727272725,0.1818181818181818,0.0,0.1818181818181818,0.1749704840613931,0.0,0.0,0.0,0.0,0.0909090909090909,0.0,0.0,0.2727272727272727,0.0909090909090909,0.1818181818181818,0.0,0.0909090909090909,0.0909090909090909,0.0,0.0,0.0,0.0909090909090909,0.0909090909090909,0.0,0.0,0.1818181818181818,0.0,0.3636363636363636,0.0,0.0,0.0,-1.8167285857502563e-16,0.240574493789927,0.0909090909090909,0.0,2.1818181818181817,0.1818181818181818,0.0,0.0909090909090909,0.0,0.0,0.0909090909090909,0.177686413468813,0.0,0.4545454545454545,1.2727272727272727,0.0,4.4354545454545455,0.0,0.0909090909090909,0.0,0.0,0.5454545454545454,0.0,0.0,0.0909090909090909,0.0909090909090909,0.2727272727272727,0.0,0.0909090909090909,0.0,0.0909090909090909,0.1818181818181818,0.2727272727272727,0.0909090909090909,0.0,0.1818181818181818,0.0,0.0,0.3,0.8181818181818182,0.0,2.3707382920110196,0.0909090909090909,23.60309090909091,0.0,0.9917355371900828,0.5933100260099947,0.0774179495744068,0.1818181818181818,0.0,0.2727272727272727,24.0,0.0909090909090909,0.4545454545454545,0.1818181818181818,0.0,0.0,0.0,0.1818181818181818,0.0,0.4721343466504054,0.1818181818181818,0.0,0.0,0.0,0.3636363636363636,0.0,0.2727272727272727,55.0,0.0485328547157167,0.6809071640136286,0.0045413093245592,0.0078754812161272,1.7816720813795568
YN56Wxmc3pczkd3qn,19,20,18,0.6666666666666666,0.6901408450704225,False,10,20,False,3.4,0.3399999999999999,True,0,True,2,5.0,False,2,2.0,True,False,False,False,False,,,,,,,,,,,,,,,,,,,,,,,,,,,,,,,,,,,,,,,,,,,,,,,,,,,,,,,,,,,,,,,,,,,,,,,,,,,,,,,,,,,,,,,,,,,,,,,,,,,,,,,,,,,,,,,,,,,,,,,,,,,,,,,,,,,,,,,,
YSZJmpMs7Ntz9SzAj,25,26,24,0.6,0.5546153846153846,False,15,26,True,7.8,0.52,False,0,False,4,11.0,False,4,5.0,True,True,True,False,False,,,,,,,,,,,,,,,,,,,,,,,,,,,,,,,,,,,,,,,,,,,,,,,,,,,,,,,,,,,,,,,,,,,,,,,,,,,,,,,,,,,,,,,,,,,,,,,,,,,,,,,,,,,,,,,,,,,,,,,,,,,,,,,,,,,,,,,,
YhjxhF5eLpavFvcCY,9,10,8,0.2833333333333333,0.6316666666666666,False,6,10,True,1.3,0.2166666666666666,False,1,False,3,7.0,True,3,4.0,False,True,True,False,False,,,,,,,,,,,,,,,,,,,,,,,,,,,,,,,,,,,,,,,,,,,,,,,,,,,,,,,,,,,,,,,,,,,,,,,,,,,,,,,,,,,,,,,,,,,,,,,,,,,,,,,,,,,,,,,,,,,,,,,,,,,,,,,,,,,,,,,,
YpkFruWttspZdKQoS,27,28,26,1.0,0.9591836734693876,True,12,28,False,2.7,0.225,False,0,True,2,2.0,False,2,2.0,False,True,True,True,True,0.925,0.3199445983379501,0.1543209876543209,0.3126565745353493,0.0,0.0123456790123456,0.037037037037037,0.0123456790123456,0.0,0.7407407407407407,0.419753086419753,0.1111111111111111,0.0,0.1111111111111111,0.0,0.2962962962962963,0.1975308641975308,0.0493827160493827,0.0864197530864197,0.0617283950617283,0.1975308641975308,0.0123456790123456,0.0246913580246913,0.037037037037037,0.0123456790123456,0.0987654320987654,0.0,0.0123456790123456,0.0864197530864197,-0.2143656364803028,0.0123456790123456,4.765432098765432,0.0617283950617283,0.0002942885591244,0.1604938271604938,0.0334058818951606,0.0123456790123456,0.0123456790123456,0.0147260550310659,0.0,0.0246913580246913,0.0123456790123456,0.0,0.2345679012345679,0.0617283950617283,0.1111111111111111,0.0123456790123456,0.074074074074074,0.037037037037037,0.0,0.1481481481481481,0.1358024691358024,0.1111111111111111,0.0123456790123456,0.0123456790123456,0.0,0.0987654320987654,0.0123456790123456,0.1358024691358024,0.0,0.0,0.0123456790123456,-2.2615654205327265e-16,0.2165064182614288,0.1234567901234567,0.0,1.9753086419753083,0.5432098765432098,0.0123456790123456,0.1728395061728395,0.0493827160493827,0.0246913580246913,0.1234567901234567,0.2055131980109381,0.0,0.1358024691358024,0.8518518518518519,0.0246913580246913,4.738436213991768,0.0617283950617283,0.0123456790123456,0.0,0.0,0.2345679012345679,0.0617283950617283,0.0,0.1234567901234567,0.074074074074074,0.1358024691358024,0.0,0.0987654320987654,0.0,0.0493827160493827,0.1604938271604938,0.3950617283950617,0.1111111111111111,0.0,0.1358024691358024,0.0,0.0,0.3483710562414266,0.382716049382716,0.0123456790123456,1.433714827261757,0.0493827160493827,14.58679012345679,0.0,0.9639608397162004,0.6028867626234442,0.2121393304191713,0.037037037037037,0.0,0.2716049382716049,20.02469135802469,0.2716049382716049,0.4938271604938271,0.0617283950617283,0.0246913580246913,0.037037037037037,0.0246913580246913,0.0987654320987654,0.0123456790123456,0.5505451931629652,0.0617283950617283,0.0,0.0,0.0,0.0493827160493827,0.0,0.1634014305310601,361.0,0.174839419772006,0.3077008806118139,0.0016702107788151,0.0434376888876233,1.1724994620653246
Yzg3EK2csupryPMrN,3,4,2,0.3333333333333333,0.4210526315789473,False,10,4,True,1.7,0.1699999999999999,True,0,False,4,12.0,True,4,3.0,False,False,False,False,False,,,,,,,,,,,,,,,,,,,,,,,,,,,,,,,,,,,,,,,,,,,,,,,,,,,,,,,,,,,,,,,,,,,,,,,,,,,,,,,,,,,,,,,,,,,,,,,,,,,,,,,,,,,,,,,,,,,,,,,,,,,,,,,,,,,,,,,,
Z5Drty7ZMjj5ofuHj,25,26,24,1.0,0.9478142076502732,True,11,26,False,6.5,0.5909090909090909,False,1,False,3,6.0,True,3,4.0,False,False,False,True,True,0.8181818181818182,0.6075233746466623,0.4950029394473839,0.1226176119500873,-7.310110450206793e-18,0.0246913580246913,0.1975308641975308,0.0,0.0082304526748971,0.8395061728395061,0.5802469135802469,0.2633744855967078,0.0164609053497942,0.0905349794238683,0.0123456790123456,0.2839506172839506,0.2386831275720164,0.0082304526748971,0.0823045267489712,0.037037037037037,0.3950617283950617,0.0164609053497942,0.0,0.0905349794238683,0.0246913580246913,0.0823045267489712,0.0041152263374485,0.0205761316872428,0.0,0.0898334055165438,0.0041152263374485,6.2181069958847734,0.037037037037037,0.0048032158903698,0.2469135802469135,0.0643325775061432,0.0205761316872428,0.0041152263374485,0.0166955519867128,0.0041152263374485,0.0041152263374485,0.0164609053497942,0.0205761316872428,0.1234567901234567,0.2222222222222222,0.0411522633744856,0.0288065843621399,0.0658436213991769,0.1440329218106996,0.0205761316872428,0.1275720164609053,0.1851851851851851,0.0905349794238683,0.0041152263374485,0.0,0.0041152263374485,0.2139917695473251,0.0205761316872428,0.074074074074074,0.0205761316872428,0.0,0.0041152263374485,-2.1199320305599694e-16,0.2376722872496085,0.1646090534979424,0.0,2.5555555555555554,0.5432098765432098,0.0,0.1152263374485596,0.0164609053497942,0.0288065843621399,0.139917695473251,0.2528551663324821,0.0,0.0699588477366255,0.8065843621399177,0.0082304526748971,4.716481481481481,0.0534979423868312,0.0534979423868312,0.0082304526748971,0.0,0.2880658436213992,0.0576131687242798,0.0041152263374485,0.2469135802469135,0.1193415637860082,0.0864197530864197,0.0,0.1810699588477366,0.0082304526748971,0.0205761316872428,0.1193415637860082,0.5637860082304527,0.0576131687242798,0.0164609053497942,0.2633744855967078,0.0,0.0123456790123456,0.2521298201493675,0.4732510288065844,0.0,1.1923545318653763,0.0493827160493827,13.081358024691358,0.0,0.9608726407761012,0.5732760504573121,0.1458867421601764,0.1893004115226337,0.0,0.3168724279835391,23.995884773662553,0.2674897119341564,0.5596707818930041,0.1234567901234567,0.0205761316872428,0.0,0.037037037037037,0.2469135802469135,0.0123456790123456,0.5310374178574899,0.1687242798353909,0.0123456790123456,0.0123456790123456,0.0,0.1934156378600823,0.0164609053497942,0.1076703246456332,1314.0,0.2686351210785025,0.3414464634073176,0.0157907553436974,0.1442605243692896,0.949695901601194
ZDNGM3rxgwp5Ywedv,25,26,24,0.63125,0.5854545454545456,False,11,26,False,1.9,0.1727272727272727,False,0,True,2,6.0,True,2,2.0,False,True,True,False,False,,,,,,,,,,,,,,,,,,,,,,,,,,,,,,,,,,,,,,,,,,,,,,,,,,,,,,,,,,,,,,,,,,,,,,,,,,,,,,,,,,,,,,,,,,,,,,,,,,,,,,,,,,,,,,,,,,,,,,,,,,,,,,,,,,,,,,,,
ZKtZh9DNoXyumaztq,25,26,24,0.6666666666666666,0.5949367088607594,True,4,26,True,1.8,0.45,False,1,True,3,5.0,True,3,3.0,False,True,True,True,False,,,,,,,,,,,,,,,,,,,,,,,,,,,,,,,,,,,,,,,,,,,,,,,,,,,,,,,,,,,,,,,,,,,,,,,,,,,,,,,,,,,,,,,,,,,,,,,,,,,,,,,,,,,,,,,,,,,,,,,,,,,,,,,,,,,,,,,,
ZPG5iDWZzj4rDWWme,27,28,26,1.0,0.978968253968254,True,12,28,False,2.7,0.225,False,0,False,2,2.0,False,2,2.0,False,True,True,True,True,0.9146341463414634,0.3313696612665684,0.3235800344234079,0.2727858554190026,-9.095803093314535e-17,0.0240963855421686,0.1325301204819277,0.0240963855421686,0.0120481927710843,0.6506024096385542,0.4578313253012048,0.0963855421686747,0.0,0.0963855421686747,0.0,0.2289156626506024,0.108433734939759,0.036144578313253,0.0602409638554216,0.0120481927710843,0.144578313253012,0.036144578313253,0.0,0.0240963855421686,0.0,0.0481927710843373,0.0,0.0,0.1686746987951807,-0.1610618710735265,0.0,5.36144578313253,0.0963855421686747,0.001693667218699,0.3253012048192771,0.0579206436134147,0.0602409638554216,0.072289156626506,0.0336740903005963,0.0,0.036144578313253,0.0,0.0,0.0843373493975903,0.0602409638554216,0.036144578313253,0.0481927710843373,0.144578313253012,0.1686746987951807,0.0120481927710843,0.0843373493975903,0.1566265060240964,0.0843373493975903,0.0120481927710843,0.0481927710843373,0.0,0.1204819277108433,0.0,0.0843373493975903,0.0240963855421686,0.0,0.0,-8.828279472922932e-17,0.301423279168688,0.1325301204819277,0.0,2.0120481927710845,0.3734939759036144,0.036144578313253,0.1686746987951807,0.0240963855421686,0.036144578313253,0.2891566265060241,0.241099273978988,0.0,0.0963855421686747,0.6987951807228916,0.0,4.62640562248996,0.0602409638554216,0.0,0.0,0.0481927710843373,0.3012048192771084,0.072289156626506,0.0,0.2771084337349397,0.108433734939759,0.144578313253012,0.0,0.108433734939759,0.0,0.036144578313253,0.1325301204819277,0.2409638554216867,0.0602409638554216,0.0,0.2650602409638554,0.0,0.0,0.2517821285140562,0.3975903614457831,0.0481927710843373,1.052552534149841,0.0240963855421686,15.15121686746988,0.0,0.9821471651822468,0.6345094518074045,0.2052645186153072,0.0963855421686747,0.0,0.1325301204819277,21.710843373493976,0.1927710843373494,0.4698795180722891,0.036144578313253,0.0,0.036144578313253,0.036144578313253,0.1325301204819277,0.0,0.542392506724201,0.2409638554216867,0.0,0.0,0.0,0.0240963855421686,0.0,-0.0292075444635685,388.0,0.2162054808873348,0.451885661342113,0.009073629939324,0.0639265423825192,1.317584274038191
ZxQqjWcDHRRAA4RNz,25,26,24,1.0,0.9565934065934064,True,7,26,True,2.1,0.3,False,1,False,1,2.0,False,1,1.0,True,False,False,True,True,0.8125,0.3966386554621848,0.1176470588235294,0.2585497548559716,-2.6122894697062506e-17,0.0,0.0,0.0,0.0588235294117647,0.8235294117647058,0.4705882352941176,0.2352941176470588,0.0,0.0588235294117647,0.0,0.4705882352941176,0.3529411764705882,0.0,0.2352941176470588,0.0,0.3529411764705882,0.0,0.0,0.1764705882352941,0.0,0.0,0.0,0.0,0.0,0.1055809441424742,0.0,8.176470588235293,0.0,0.0005813035501999,0.5882352941176471,0.0367778127293698,0.0588235294117647,0.1764705882352941,0.0686274509803921,0.0,0.1764705882352941,0.0,0.0,0.2352941176470588,0.2352941176470588,0.0588235294117647,0.0,0.0588235294117647,0.1176470588235294,0.0,0.2941176470588235,0.0588235294117647,0.0588235294117647,0.0,0.0,0.0,0.3529411764705882,0.0,0.2941176470588235,0.1176470588235294,0.0,0.0588235294117647,-1.6000273001950783e-16,0.4077459905222722,0.1764705882352941,0.0,3.176470588235294,0.8823529411764706,0.0,0.1764705882352941,0.0588235294117647,0.0,0.2941176470588235,0.2718340751448276,0.0,0.2941176470588235,1.1764705882352942,0.0,5.134411764705882,0.0,0.0588235294117647,0.0,0.0,0.4705882352941176,0.0588235294117647,0.0,0.3529411764705882,0.0588235294117647,0.2941176470588235,0.0,0.1764705882352941,0.0,0.0,0.0588235294117647,0.5294117647058824,0.0588235294117647,0.0,0.4705882352941176,0.0,0.0,0.1049019607843137,0.7647058823529411,0.0,2.7953111880046144,0.0,51.7734705882353,0.0,0.9950980392156862,0.6486680519435043,0.2561339642304708,0.4705882352941176,0.0,0.2941176470588235,34.35294117647059,0.3529411764705882,0.7647058823529411,0.1764705882352941,0.0588235294117647,0.0,0.0,0.4705882352941176,0.0,0.4163506393704344,0.1764705882352941,0.0,0.0,0.0,0.0,0.0,0.0480392156862745,119.0,0.10970769197317,0.6741504138175263,0.0096959405071369,0.0034536605267138,1.6767123949846736
aHrsmibZfkeTR3sq8,4,5,3,0.3333333333333333,0.5333333333333333,False,6,5,True,2.2,0.3666666666666667,True,1,True,3,5.0,False,3,4.0,True,False,False,False,False,,,,,,,,,,,,,,,,,,,,,,,,,,,,,,,,,,,,,,,,,,,,,,,,,,,,,,,,,,,,,,,,,,,,,,,,,,,,,,,,,,,,,,,,,,,,,,,,,,,,,,,,,,,,,,,,,,,,,,,,,,,,,,,,,,,,,,,,
aTxqFyqxz2AKSunKK,4,5,3,0.85,0.84,False,20,5,False,11.2,0.5599999999999999,True,1,False,1,2.0,True,1,1.0,False,False,False,False,False,,,,,,,,,,,,,,,,,,,,,,,,,,,,,,,,,,,,,,,,,,,,,,,,,,,,,,,,,,,,,,,,,,,,,,,,,,,,,,,,,,,,,,,,,,,,,,,,,,,,,,,,,,,,,,,,,,,,,,,,,,,,,,,,,,,,,,,,
amJ5X3NpFmPRH72ZL,7,8,6,0.8035714285714286,0.7535714285714287,True,14,8,True,3.1,0.2214285714285714,False,1,True,1,2.0,True,1,1.0,True,False,False,True,True,1.0,0.0,0.0,-0.0806687151452422,,0.0,0.0,0.0,0.0,0.0,0.0,0.0,0.0,0.0,0.0,0.0,0.0,0.0,0.0,0.0,0.0,0.0,0.0,0.0,0.0,0.0,0.0,0.0,0.0,0.7459844020882918,0.0,1.2,0.0,0.0,0.0,0.0,0.0,0.0,0.0,0.0,1.0,0.0,0.0,0.0,0.0,0.0,0.0,0.0,0.0,0.0,0.0,0.0,0.0,0.2,0.0,0.0,0.0,0.0,0.0,0.0,0.0,0.0,1.7763568394002506e-16,0.6871568752998134,0.0,0.0,0.0,0.0,0.0,0.0,0.0,0.0,0.0,0.7224423612238127,0.0,0.0,0.0,0.0,4.5,0.0,0.0,0.0,0.0,0.0,0.0,0.0,0.0,0.0,0.0,0.0,0.0,0.0,0.0,0.0,0.0,0.0,0.0,0.0,0.0,0.0,0.0,0.4,0.0,0.0496,0.0,7.650799999999999,0.0,1.0,0.0748172486182743,0.0751091450452803,0.6,0.0,0.0,2.6,0.0,0.0,0.0,0.0,0.0,0.0,0.0,0.0,0.4168317198753357,0.0,0.0,0.0,0.0,0.0,0.0,0.0,5.0,7.33080844246535e-12,0.1100250398097552,0.0149999957121643,0.0002422642742976,1.5909550675548334
axRt2SghNFgKAcxsv,10,11,9,1.0,0.932520325203252,True,12,11,True,7.4,0.6166666666666667,False,0,True,3,10.0,False,3,2.0,True,True,True,True,True,0.9173553719008264,0.5446088794926004,0.4232488822652757,0.0870212841810813,-1.2376256667952564e-16,0.0327868852459016,0.081967213114754,0.0,0.0,0.5409836065573771,0.3360655737704918,0.1311475409836065,0.0,0.0737704918032786,0.0,0.1475409836065573,0.0655737704918032,0.0163934426229508,0.0163934426229508,0.0245901639344262,0.1639344262295081,0.0,0.0,0.0327868852459016,0.0245901639344262,0.0573770491803278,0.0,0.0,0.0245901639344262,0.1862582138790245,0.0,4.278688524590164,0.040983606557377,0.0025645278309598,0.1475409836065573,0.0345891585645684,0.0245901639344262,0.0327868852459016,0.0274356802365173,0.0,0.0,0.0245901639344262,0.0,0.040983606557377,0.0737704918032786,0.040983606557377,0.0,0.0245901639344262,0.1065573770491803,0.0,0.1475409836065573,0.0983606557377049,0.0491803278688524,0.0901639344262295,0.0,0.0,0.1311475409836065,0.040983606557377,0.0245901639344262,0.0,0.0,0.0081967213114754,-1.7654366129285276e-16,0.3215578048664874,0.1147540983606557,0.0,1.475409836065574,0.4180327868852459,0.0,0.1311475409836065,0.0081967213114754,0.0081967213114754,0.0901639344262295,0.348884474062961,0.0,0.0245901639344262,0.4180327868852459,0.0327868852459016,4.790464480874317,0.0081967213114754,0.0491803278688524,0.0163934426229508,0.0,0.0901639344262295,0.0327868852459016,0.0081967213114754,0.1229508196721311,0.0737704918032786,0.0737704918032786,0.0,0.081967213114754,0.0,0.0,0.0737704918032786,0.3524590163934426,0.040983606557377,0.0,0.1065573770491803,0.0,0.0,0.2174521857923497,0.2622950819672131,0.0,0.8113035134408302,0.0245901639344262,6.17977868852459,0.0,0.976228356534655,0.510247463484057,0.1636479787726993,0.1065573770491803,0.0081967213114754,0.1229508196721311,15.327868852459016,0.1557377049180328,0.4180327868852459,0.0901639344262295,0.0163934426229508,0.0245901639344262,0.0163934426229508,0.1475409836065573,0.0081967213114754,0.4860919221823455,0.0901639344262295,0.0163934426229508,0.0,0.0,0.0655737704918032,0.0,0.0547814207650273,430.0,0.1505327108747316,0.3431499782017994,0.0143013083889555,0.1486892330622392,1.0261201477228503
bAPLKPhrnm4BHekC8,29,30,28,1.0,0.9416666666666668,False,4,30,False,2.4,0.6,True,0,True,3,10.0,False,3,2.0,False,True,True,False,False,,,,,,,,,,,,,,,,,,,,,,,,,,,,,,,,,,,,,,,,,,,,,,,,,,,,,,,,,,,,,,,,,,,,,,,,,,,,,,,,,,,,,,,,,,,,,,,,,,,,,,,,,,,,,,,,,,,,,,,,,,,,,,,,,,,,,,,,
bWca3DwPqyGAuwyri,12,13,11,0.8636363636363636,0.7362068965517241,True,13,13,True,6.4,0.4923076923076923,False,1,False,2,5.0,False,2,3.0,True,False,False,True,True,0.9032258064516128,0.4811147781444811,0.2680776014109347,0.141812617520479,7.952192696223841e-17,0.0158730158730158,0.0317460317460317,0.0,0.0,0.6825396825396826,0.4761904761904761,0.0634920634920634,0.0,0.0793650793650793,0.0,0.2222222222222222,0.0793650793650793,0.0,0.0317460317460317,0.0476190476190476,0.2063492063492063,0.0,0.0158730158730158,0.0158730158730158,0.0,0.0634920634920634,0.0,0.0,0.0,-0.0021815689829105,0.0,5.285714285714286,0.1111111111111111,0.0002089601954465,0.1904761904761904,0.0470315398886827,0.0634920634920634,0.0,0.0178571428571428,0.0158730158730158,0.1269841269841269,0.0,0.0,0.2698412698412698,0.0634920634920634,0.1269841269841269,0.0634920634920634,0.0793650793650793,0.1746031746031746,0.0,0.0476190476190476,0.0634920634920634,0.0158730158730158,0.0317460317460317,0.0,0.0,0.1111111111111111,0.0,0.0634920634920634,0.0,0.0317460317460317,0.0158730158730158,-7.04903507698512e-17,0.393581893714149,0.1904761904761904,0.0,2.238095238095238,0.4285714285714285,0.0,0.0634920634920634,0.0158730158730158,0.0,0.2857142857142857,0.2670997061618976,0.0,0.0476190476190476,1.0158730158730158,0.0,4.652301587301587,0.0158730158730158,0.0158730158730158,0.0,0.0,0.1587301587301587,0.0158730158730158,0.0,0.1746031746031746,0.0476190476190476,0.1746031746031746,0.0,0.2698412698412698,0.0,0.0317460317460317,0.0158730158730158,0.4761904761904761,0.1269841269841269,0.0,0.1746031746031746,0.0,0.0,0.1819885361552028,0.4761904761904761,0.0,0.8220527554456123,0.0,22.290555555555557,0.0,0.9686645365216794,0.6082918160432452,0.1745831044169054,0.2698412698412698,0.0,0.1904761904761904,21.825396825396822,0.1111111111111111,0.5079365079365079,0.1269841269841269,0.0476190476190476,0.0,0.0,0.1746031746031746,0.0158730158730158,0.5282820901936955,0.1111111111111111,0.0158730158730158,0.0,0.0,0.0158730158730158,0.0,0.0603395061728395,303.0,0.1324473935428929,0.4451312383752639,0.0284617330659631,0.0209217711824032,1.4599746014236097
bYTp9675CYN6Ki6dS,11,12,10,0.5222222222222223,0.6180555555555556,False,18,12,False,5.6,0.3111111111111111,False,0,False,3,3.0,True,3,4.0,True,False,False,False,False,,,,,,,,,,,,,,,,,,,,,,,,,,,,,,,,,,,,,,,,,,,,,,,,,,,,,,,,,,,,,,,,,,,,,,,,,,,,,,,,,,,,,,,,,,,,,,,,,,,,,,,,,,,,,,,,,,,,,,,,,,,,,,,,,,,,,,,,
bac2ZjuZk92zQjPN4,6,7,5,0.7678571428571429,0.7168367346938775,True,14,7,True,6.6,0.4714285714285714,False,1,True,1,3.0,False,1,1.0,True,False,False,True,True,0.9069767441860463,0.3296,0.2545454545454545,-0.0142948564346791,1.2174604758673593e-16,0.0,0.0454545454545454,0.0454545454545454,0.0454545454545454,1.1363636363636365,0.8181818181818182,0.3863636363636363,0.0,0.2272727272727272,0.0,0.3863636363636363,0.3409090909090909,0.0,0.0227272727272727,0.0227272727272727,0.1818181818181818,0.0227272727272727,0.0,0.0681818181818181,0.0,0.0909090909090909,0.0,0.0,0.0454545454545454,-0.2040871302353104,0.0,6.295454545454546,0.2727272727272727,0.0022962077829727,0.0454545454545454,0.0366237928737928,0.0909090909090909,0.0,0.0617108585858585,0.0,0.0,0.0,0.0,0.1590909090909091,0.0454545454545454,0.0227272727272727,0.0454545454545454,0.0454545454545454,0.25,0.0,0.1818181818181818,0.0909090909090909,0.1363636363636363,0.0227272727272727,0.0,0.0,0.0227272727272727,0.0,0.0909090909090909,0.0,0.0227272727272727,0.0,-1.4130111222501992e-16,0.2614784054356958,0.0909090909090909,0.0,2.386363636363636,0.3409090909090909,0.0,0.0454545454545454,0.0,0.0,0.25,0.245234750040746,0.0,0.0909090909090909,1.2045454545454546,0.0,5.051931818181819,0.0227272727272727,0.0681818181818181,0.0,0.0,0.1363636363636363,0.0681818181818181,0.0,0.0909090909090909,0.0909090909090909,0.0909090909090909,0.0,0.2045454545454545,0.0,0.0227272727272727,0.1363636363636363,0.3863636363636363,0.1136363636363636,0.0,0.1818181818181818,0.0,0.0,0.3480429292929293,0.5227272727272727,0.0227272727272727,1.2442691919191915,0.0227272727272727,9.364272727272729,0.0,0.966181463464072,0.6037508684598248,0.1690586580767888,0.3636363636363636,0.0,0.4090909090909091,26.363636363636363,0.3636363636363636,0.7272727272727273,0.0909090909090909,0.0227272727272727,0.0227272727272727,0.0454545454545454,0.0227272727272727,0.0,0.5907281218096614,0.1590909090909091,0.0,0.0,0.0,0.0681818181818181,0.0,-0.0579545454545454,250.0,0.1495637493815787,0.5735705641757451,0.0003058990419046,0.0580288971424744,1.509192651442835
bhzdfhLFniDEpPwuA,20,21,19,0.6,0.4571428571428571,False,5,21,False,1.8,0.36,True,0,False,3,11.0,True,3,3.0,False,True,True,False,False,,,,,,,,,,,,,,,,,,,,,,,,,,,,,,,,,,,,,,,,,,,,,,,,,,,,,,,,,,,,,,,,,,,,,,,,,,,,,,,,,,,,,,,,,,,,,,,,,,,,,,,,,,,,,,,,,,,,,,,,,,,,,,,,,,,,,,,,
bj96xkDcJ5gjjmqRz,24,25,23,0.725,0.5306306306306307,False,9,25,False,4.9,0.5444444444444445,False,0,True,2,4.0,False,2,2.0,False,True,True,False,False,,,,,,,,,,,,,,,,,,,,,,,,,,,,,,,,,,,,,,,,,,,,,,,,,,,,,,,,,,,,,,,,,,,,,,,,,,,,,,,,,,,,,,,,,,,,,,,,,,,,,,,,,,,,,,,,,,,,,,,,,,,,,,,,,,,,,,,,
cE7Emzy3S337gW66Y,9,10,8,0.50625,0.70375,True,8,10,False,2.3,0.2875,False,0,False,1,4.0,True,1,1.0,False,True,True,True,True,1.0,0.0,0.0,-1.0,,0.0,0.0,0.0,0.0,0.0,0.0,0.0,0.0,0.0,0.0,0.0,0.0,0.0,0.0,0.0,0.0,0.0,0.0,0.0,0.0,0.0,0.0,0.0,0.0,-0.6149751103862076,0.0,1.0,0.0,0.25,0.0,0.0,0.0,0.0,0.25,0.0,0.0,0.0,0.0,0.0,0.0,0.0,0.0,0.0,0.0,0.0,0.0,0.0,0.0,0.0,0.0,0.0,0.0,0.0,0.0,0.0,0.0,0.0,-2.4424906541753444e-15,0.5000000000000002,0.0,0.0,0.0,0.0,0.0,0.0,0.0,0.0,0.0,0.5000000000000002,0.0,0.0,0.0,0.0,4.5,0.0,0.0,0.0,0.0,0.0,0.0,0.0,0.0,0.0,0.0,0.0,0.0,0.0,0.0,0.0,0.0,0.0,0.0,0.0,0.0,0.0,0.0,0.0,0.0,0.0496,0.0,1.869,0.0,1.0,-2.220446049250313e-16,0.0855389796197414,0.0,0.0,0.0,6.0,0.0,0.0,0.0,0.0,0.0,0.0,0.0,0.0,0.7900861203670502,0.0,0.0,0.0,0.0,0.0,0.0,0.0,2.0,0.0,-4.440892098500626e-16,0.0,0.0,0.0
cJHD8epdFXtT4QCs5,26,27,25,0.7617647058823529,0.8316993464052288,True,17,27,False,7.2,0.4235294117647059,False,0,False,4,12.0,False,4,3.0,True,False,False,True,True,0.9662921348314608,0.5004901960784314,0.4094643443969766,0.2137425614737445,-4.155583388261759e-17,0.0167597765363128,0.0893854748603352,0.0,0.0167597765363128,0.9664804469273744,0.6983240223463687,0.1955307262569832,0.0,0.1117318435754189,0.0,0.3184357541899441,0.3128491620111732,0.0223463687150838,0.0446927374301676,0.0223463687150838,0.2346368715083799,0.0055865921787709,0.0,0.0558659217877094,0.0055865921787709,0.0949720670391061,0.0,0.0279329608938547,0.0391061452513966,-0.1018341183308583,0.0055865921787709,5.949720670391062,0.0837988826815642,0.0017800271122171,0.2402234636871508,0.0388868243191779,0.0726256983240223,0.0223463687150838,0.0189710351721524,0.0,0.0502793296089385,0.0,0.0,0.2011173184357542,0.0726256983240223,0.0335195530726257,0.0167597765363128,0.1843575418994413,0.1731843575418994,0.0167597765363128,0.0726256983240223,0.1340782122905028,0.1340782122905028,0.0614525139664804,0.0279329608938547,0.0,0.1508379888268156,0.0167597765363128,0.2011173184357542,0.0111731843575419,0.0055865921787709,0.0,-1.5878049961119558e-16,0.2907424467649866,0.1675977653631284,0.0,2.2458100558659218,0.5586592178770949,0.0223463687150838,0.1117318435754189,0.1173184357541899,0.0558659217877094,0.2569832402234637,0.2071037236361078,0.0,0.217877094972067,1.0502793296089383,0.0055865921787709,4.723770949720671,0.0558659217877094,0.0055865921787709,0.0,0.0223463687150838,0.2402234636871508,0.0837988826815642,0.0055865921787709,0.0670391061452514,0.0558659217877094,0.1396648044692737,0.0,0.1620111731843575,0.0,0.0167597765363128,0.1787709497206704,0.3463687150837989,0.0558659217877094,0.0,0.0837988826815642,0.0,0.0,0.1957079776213854,0.6983240223463687,0.0279329608938547,1.2852325945779854,0.0335195530726257,8.146938547486034,0.0111731843575419,0.987424736559422,0.6261522856722352,0.1972886836442409,0.1620111731843575,0.0167597765363128,0.329608938547486,24.860335195530727,0.217877094972067,0.6145251396648045,0.1284916201117318,0.0726256983240223,0.0055865921787709,0.0446927374301676,0.1675977653631284,0.0167597765363128,0.533670747132358,0.0446927374301676,0.0,0.0,0.0055865921787709,0.1229050279329608,0.0,0.0364289845784259,960.0,0.3032072807374306,0.4713354011016355,0.004351323592504,0.0468273683121094,1.2399302765715017
cR4GEPBTAPnNpDR4N,3,4,2,0.7894736842105263,0.8157894736842105,False,19,4,False,10.2,0.5368421052631579,True,0,True,3,10.0,True,3,4.0,False,True,True,False,False,,,,,,,,,,,,,,,,,,,,,,,,,,,,,,,,,,,,,,,,,,,,,,,,,,,,,,,,,,,,,,,,,,,,,,,,,,,,,,,,,,,,,,,,,,,,,,,,,,,,,,,,,,,,,,,,,,,,,,,,,,,,,,,,,,,,,,,,
cSxrrpArMP6s8nKys,11,12,10,0.7272727272727273,0.7397727272727274,False,11,12,True,6.2,0.5636363636363636,False,0,True,3,7.0,True,3,2.0,True,True,True,False,False,,,,,,,,,,,,,,,,,,,,,,,,,,,,,,,,,,,,,,,,,,,,,,,,,,,,,,,,,,,,,,,,,,,,,,,,,,,,,,,,,,,,,,,,,,,,,,,,,,,,,,,,,,,,,,,,,,,,,,,,,,,,,,,,,,,,,,,,
cWFLNmJfTKT8LbdcR,20,21,19,0.9117647058823528,0.9345013477088948,True,18,21,False,1.2,0.0666666666666666,False,0,True,3,9.0,True,3,2.0,True,False,False,True,True,0.825974025974026,0.6118470570525364,0.5862324204293117,0.1138204989524351,1.0584509664820143e-16,0.0233160621761658,0.0673575129533678,0.0207253886010362,0.0025906735751295,0.7512953367875648,0.4533678756476684,0.1632124352331606,0.0025906735751295,0.121761658031088,0.0,0.2279792746113989,0.1113989637305699,0.0310880829015544,0.038860103626943,0.0466321243523316,0.2435233160621761,0.0129533678756476,0.0,0.0518134715025906,0.0,0.0621761658031088,0.0,0.0207253886010362,0.0310880829015544,-0.2927969785914631,0.0103626943005181,5.494818652849741,0.1347150259067357,0.0028795471552287,0.2487046632124352,0.0400221364134796,0.0492227979274611,0.0673575129533678,0.0134809839132173,0.0025906735751295,0.0,0.005181347150259,0.0,0.1321243523316062,0.0906735751295336,0.0259067357512953,0.0310880829015544,0.1062176165803108,0.1476683937823834,0.005181347150259,0.1528497409326424,0.116580310880829,0.0751295336787564,0.0155440414507772,0.0,0.0,0.1580310880829015,0.0129533678756476,0.1036269430051813,0.0129533678756476,0.005181347150259,0.0103626943005181,-1.5531617442942603e-16,0.2298105041429913,0.121761658031088,0.0103626943005181,1.9041450777202071,0.4818652849740932,0.0025906735751295,0.1839378238341968,0.0336787564766839,0.0362694300518134,0.238341968911917,0.208892736140757,0.0,0.1036269430051813,0.7461139896373057,0.0207253886010362,4.695354058721935,0.0569948186528497,0.005181347150259,0.005181347150259,0.005181347150259,0.1761658031088082,0.0569948186528497,0.0025906735751295,0.1398963730569948,0.0362694300518134,0.0906735751295336,0.0025906735751295,0.1632124352331606,0.0,0.0155440414507772,0.1321243523316062,0.3316062176165803,0.0544041450777202,0.0025906735751295,0.1528497409326424,0.0025906735751295,0.0,0.2873041729907015,0.4015544041450777,0.0025906735751295,2.043834089421154,0.0362694300518134,7.402546632124352,0.0,0.9877656138215556,0.6108827876741262,0.2470205547034721,0.1191709844559585,0.0,0.1813471502590673,23.593264248704664,0.2487046632124352,0.4430051813471503,0.0906735751295336,0.0284974093264248,0.0181347150259067,0.0310880829015544,0.194300518134715,0.0025906735751295,0.5377754781279385,0.1269430051813471,0.005181347150259,0.0,0.0,0.0362694300518134,0.0,0.0798463134926865,1898.0,0.3578404065401034,0.4179114361621261,0.0015451491587346,0.1546528949609685,1.0923451018111496
cd9vk2vdTNEJcmhjt,3,4,2,1.0,1.0,True,3,4,False,1.3,0.4333333333333333,True,1,False,2,3.0,True,2,2.0,False,False,False,True,False,,,,,,,,,,,,,,,,,,,,,,,,,,,,,,,,,,,,,,,,,,,,,,,,,,,,,,,,,,,,,,,,,,,,,,,,,,,,,,,,,,,,,,,,,,,,,,,,,,,,,,,,,,,,,,,,,,,,,,,,,,,,,,,,,,,,,,,,
ckWYBPu7BxJtMCBvJ,27,28,26,0.3888888888888889,0.6485236220472441,False,19,28,True,6.1,0.3210526315789473,False,1,False,3,9.0,False,3,3.0,False,True,True,False,False,,,,,,,,,,,,,,,,,,,,,,,,,,,,,,,,,,,,,,,,,,,,,,,,,,,,,,,,,,,,,,,,,,,,,,,,,,,,,,,,,,,,,,,,,,,,,,,,,,,,,,,,,,,,,,,,,,,,,,,,,,,,,,,,,,,,,,,,
dAecdejNxFTB4va9u,2,3,1,0.6785714285714286,0.65,False,7,3,True,1.6,0.2285714285714286,False,1,True,1,3.0,False,1,1.0,True,False,False,False,False,,,,,,,,,,,,,,,,,,,,,,,,,,,,,,,,,,,,,,,,,,,,,,,,,,,,,,,,,,,,,,,,,,,,,,,,,,,,,,,,,,,,,,,,,,,,,,,,,,,,,,,,,,,,,,,,,,,,,,,,,,,,,,,,,,,,,,,,
dCLpWhEv9gRwPbj3g,29,30,28,0.9285714285714286,0.8668032786885246,True,18,30,False,3.4,0.1888888888888888,True,1,True,2,3.0,False,2,2.0,False,False,False,True,True,0.9476744186046512,0.5207342449464922,0.4837427745664739,0.1326926324027642,6.160775165550001e-17,0.0462427745664739,0.1156069364161849,0.0,0.0173410404624277,0.7225433526011561,0.4971098265895953,0.1560693641618497,0.0057803468208092,0.0751445086705202,0.0057803468208092,0.2658959537572254,0.1907514450867052,0.0404624277456647,0.0462427745664739,0.0231213872832369,0.1271676300578034,0.0057803468208092,0.0,0.0867052023121387,0.0,0.0693641618497109,0.0,0.0057803468208092,0.0115606936416184,-0.3003375378120843,0.0,5.514450867052023,0.0578034682080924,0.001765616821268,0.1445086705202312,0.0416116765537546,0.0289017341040462,0.0173410404624277,0.0152367914004664,0.0,0.0057803468208092,0.0115606936416184,0.0231213872832369,0.1676300578034682,0.0404624277456647,0.0809248554913294,0.0173410404624277,0.0924855491329479,0.1618497109826589,0.0115606936416184,0.0924855491329479,0.1387283236994219,0.1329479768786127,0.0173410404624277,0.0,0.0,0.1213872832369942,0.0173410404624277,0.0751445086705202,0.0289017341040462,0.0231213872832369,0.0289017341040462,-2.0535917218500003e-16,0.25088703167194,0.1907514450867052,0.0,2.213872832369942,0.5664739884393064,0.0057803468208092,0.1156069364161849,0.0115606936416184,0.0231213872832369,0.2312138728323699,0.2101619275119999,0.0057803468208092,0.0751445086705202,0.7514450867052023,0.0057803468208092,4.848554913294797,0.0404624277456647,0.0173410404624277,0.0057803468208092,0.0,0.1618497109826589,0.0693641618497109,0.0057803468208092,0.1271676300578034,0.0751445086705202,0.0809248554913294,0.0057803468208092,0.1387283236994219,0.0173410404624277,0.0404624277456647,0.1907514450867052,0.4335260115606936,0.0867052023121387,0.0,0.1502890173410404,0.0,0.0,0.2110927608037434,0.4508670520231214,0.0,1.5987510571362946,0.0462427745664739,15.716526011560692,0.0057803468208092,0.9806439087461072,0.6119342025126068,0.2269289369891381,0.1502890173410404,0.0,0.2023121387283237,23.346820809248555,0.2543352601156069,0.5491329479768786,0.1040462427745664,0.0115606936416184,0.0057803468208092,0.0289017341040462,0.1329479768786127,0.0057803468208092,0.5599929421677152,0.1040462427745664,0.0057803468208092,0.0057803468208092,0.0,0.0867052023121387,0.0,0.025230525736306,841.0,0.2478223093056591,0.4587126371217952,0.0134610235264756,0.0742180249036584,1.3106676430697228
dKYyRu3TxjNjcGDAh,16,17,15,0.8571428571428571,0.8151260504201681,True,7,17,True,2.8,0.3999999999999999,True,0,False,3,11.0,True,3,4.0,False,False,False,True,True,0.875,0.2432989690721649,0.2117647058823529,0.1106678319019275,-7.18379604169219e-17,0.0,0.1764705882352941,0.0,0.0,0.7647058823529411,0.5882352941176471,0.1176470588235294,0.0,0.1764705882352941,0.0,0.2352941176470588,0.1764705882352941,0.0,0.1176470588235294,0.0,0.1764705882352941,0.0,0.0,0.0,0.0,0.0588235294117647,0.0,0.0,0.0,-0.0729453313466115,0.0,6.529411764705882,0.0588235294117647,0.0003559207599686,0.2941176470588235,0.0465686274509803,0.0588235294117647,0.0588235294117647,0.0490196078431372,0.0,0.0588235294117647,0.0,0.0,0.1764705882352941,0.0588235294117647,0.1176470588235294,0.0588235294117647,0.1764705882352941,0.1764705882352941,0.0,0.0588235294117647,0.1176470588235294,0.2941176470588235,0.0,0.0,0.0,0.1764705882352941,0.0,0.1176470588235294,0.0,0.0,0.0,-1.6326809185664068e-16,0.1144248355453022,0.1764705882352941,0.0,2.823529411764706,0.5294117647058824,0.0,0.1764705882352941,0.0,0.0,0.4705882352941176,0.1087491551746738,0.0,0.1176470588235294,1.0588235294117647,0.0,4.861764705882353,0.0,0.0588235294117647,0.0,0.0,0.2352941176470588,0.1176470588235294,0.0,0.1176470588235294,0.0588235294117647,0.2941176470588235,0.0,0.1764705882352941,0.0,0.0588235294117647,0.2941176470588235,0.2941176470588235,0.1764705882352941,0.0,0.1764705882352941,0.0,0.0,0.2778361344537816,0.3529411764705882,0.0,2.162978895768834,0.0588235294117647,14.68258823529412,0.0,0.9903680770553837,0.6788882705310142,0.2501084381604896,0.0,0.0,0.1764705882352941,28.705882352941178,0.2352941176470588,0.6470588235294118,0.0588235294117647,0.0,0.0,0.0588235294117647,0.1764705882352941,0.0,0.4727066132952185,0.0588235294117647,0.0,0.0,0.0,0.1176470588235294,0.0588235294117647,-0.0103991596638655,97.0,0.1088248807403678,0.6932916276715608,0.0017666433358912,0.0320172645370683,1.5936313042994514
dNgAcD6FLzDMap3Mv,16,17,15,0.9541666666666666,0.8792237442922375,True,14,17,False,3.4,0.2428571428571428,False,1,False,4,7.0,False,4,4.0,False,False,False,True,True,0.9299065420560748,0.4373867632953213,0.3940803382663848,0.0582925202069589,2.3237226096805606e-17,0.055813953488372,0.1581395348837209,0.0046511627906976,0.0,0.6651162790697674,0.4,0.1209302325581395,0.0046511627906976,0.0511627906976744,0.0,0.1813953488372093,0.0976744186046511,0.0186046511627906,0.0976744186046511,0.0186046511627906,0.1720930232558139,0.0186046511627906,0.0,0.041860465116279,0.0,0.0465116279069767,0.0,0.0046511627906976,0.0186046511627906,-0.1424621157793535,0.0046511627906976,4.544186046511628,0.0511627906976744,0.0035248628463089,0.1767441860465116,0.0393946621853598,0.0465116279069767,0.0232558139534883,0.0203184494004567,0.0,0.027906976744186,0.0093023255813953,0.0,0.1162790697674418,0.055813953488372,0.0325581395348837,0.0232558139534883,0.0883720930232558,0.1116279069767441,0.0,0.1348837209302325,0.0837209302325581,0.0883720930232558,0.0232558139534883,0.0093023255813953,0.0,0.0930232558139534,0.0,0.0511627906976744,0.0186046511627906,0.0372093023255813,0.0,-9.914549801303723e-17,0.2894529143723626,0.1116279069767441,0.0046511627906976,1.7488372093023257,0.3023255813953488,0.0046511627906976,0.0883720930232558,0.013953488372093,0.013953488372093,0.1906976744186046,0.2372259435734299,0.0,0.041860465116279,0.5209302325581395,0.0,4.837108527131782,0.0232558139534883,0.0046511627906976,0.0046511627906976,0.0,0.1860465116279069,0.0511627906976744,0.0,0.1720930232558139,0.055813953488372,0.0651162790697674,0.0,0.1209302325581395,0.0,0.0046511627906976,0.1348837209302325,0.3162790697674418,0.055813953488372,0.0,0.1674418604651162,0.0,0.0,0.2142645726366656,0.3302325581395349,0.0046511627906976,0.9778866758442954,0.0093023255813953,7.209325581395348,0.0,0.9770676746873738,0.5789136109848124,0.2217065477440523,0.1116279069767441,0.0,0.1069767441860465,18.023255813953487,0.1627906976744186,0.4697674418604651,0.0465116279069767,0.013953488372093,0.0046511627906976,0.055813953488372,0.1162790697674418,0.0,0.5207068015842937,0.0790697674418604,0.0186046511627906,0.0,0.0,0.1023255813953488,0.0,0.0382497734823316,853.0,0.2201182106619471,0.3208888780844954,0.0061251386337817,0.1413377255863847,0.9934157255620012
dTNQ5xKrAQxPyhdTx,6,7,5,0.43,0.4857142857142857,True,5,7,False,1.0,0.2,False,1,True,2,7.0,False,2,1.0,True,True,True,True,False,,,,,,,,,,,,,,,,,,,,,,,,,,,,,,,,,,,,,,,,,,,,,,,,,,,,,,,,,,,,,,,,,,,,,,,,,,,,,,,,,,,,,,,,,,,,,,,,,,,,,,,,,,,,,,,,,,,,,,,,,,,,,,,,,,,,,,,,
deBdF43aAzJnmZpSB,16,17,15,0.35,0.6752631578947369,False,12,17,True,1.9,0.1583333333333333,False,0,False,3,8.0,True,3,3.0,True,True,True,False,False,,,,,,,,,,,,,,,,,,,,,,,,,,,,,,,,,,,,,,,,,,,,,,,,,,,,,,,,,,,,,,,,,,,,,,,,,,,,,,,,,,,,,,,,,,,,,,,,,,,,,,,,,,,,,,,,,,,,,,,,,,,,,,,,,,,,,,,,
dgkPiTkBSvsvuH8X7,27,28,26,1.0,0.9940476190476192,False,9,28,False,5.2,0.5777777777777778,False,1,True,3,12.0,False,3,4.0,False,False,False,False,False,,,,,,,,,,,,,,,,,,,,,,,,,,,,,,,,,,,,,,,,,,,,,,,,,,,,,,,,,,,,,,,,,,,,,,,,,,,,,,,,,,,,,,,,,,,,,,,,,,,,,,,,,,,,,,,,,,,,,,,,,,,,,,,,,,,,,,,,
dr8gXGDNPbKB3iuRR,5,6,4,0.8571428571428571,0.8809523809523809,True,7,6,False,3.2,0.4571428571428572,True,0,True,2,3.0,True,2,3.0,True,False,False,True,True,0.8148148148148148,0.3368055555555556,0.2857142857142857,-0.0425792223205955,-3.1720657846433036e-17,0.0,0.0,0.0,0.0,0.8214285714285714,0.5357142857142857,0.1785714285714285,0.0,0.1785714285714285,0.0,0.1071428571428571,0.2142857142857142,0.0,0.1785714285714285,0.0,0.2857142857142857,0.0357142857142857,0.0,0.0714285714285714,0.0,0.0,0.0,0.0,0.0,-0.1080900244198817,0.0,6.107142857142857,0.25,0.0009028993316213,0.1428571428571428,0.0524118738404452,0.0714285714285714,0.0357142857142857,0.0348639455782312,0.0357142857142857,0.0,0.0,0.0,0.1071428571428571,0.0357142857142857,0.0357142857142857,0.0357142857142857,0.0357142857142857,0.3571428571428571,0.0,0.1428571428571428,0.1428571428571428,0.0357142857142857,0.0,0.0,0.0,0.1071428571428571,0.0,0.1785714285714285,0.0,0.0357142857142857,0.0357142857142857,-1.189524669241239e-16,0.169743857436929,0.1428571428571428,0.0,1.8214285714285712,0.5,0.0,0.1428571428571428,0.0,0.0,0.0714285714285714,0.1576506081690349,0.0357142857142857,0.1428571428571428,1.1785714285714286,0.0,4.816964285714286,0.0357142857142857,0.2857142857142857,0.0,0.0,0.25,0.0357142857142857,0.0,0.1071428571428571,0.0714285714285714,0.25,0.0,0.2142857142857142,0.0,0.0,0.0357142857142857,0.4642857142857143,0.0714285714285714,0.0,0.25,0.0,0.0,0.426952239229025,0.3928571428571428,0.0,3.248047448979593,0.0357142857142857,12.48635714285714,0.0,0.9737940630797774,0.6810485903318867,0.2728127066677968,0.2142857142857142,0.0,0.1428571428571428,24.821428571428573,0.1785714285714285,0.5714285714285714,0.1428571428571428,0.1428571428571428,0.0,0.0357142857142857,0.1071428571428571,0.0,0.4599103959543364,0.0714285714285714,0.0,0.0,0.0,0.0357142857142857,0.0,0.064328231292517,144.0,0.1477532760879887,0.5441101445749374,0.0020339759594936,0.0416415039068358,1.5974179582621937
e5uBwxZrBgFoLkR6N,16,17,15,0.6666666666666666,0.8076923076923077,True,7,17,True,2.8,0.3999999999999999,True,0,True,3,11.0,True,3,4.0,False,False,False,True,False,,,,,,,,,,,,,,,,,,,,,,,,,,,,,,,,,,,,,,,,,,,,,,,,,,,,,,,,,,,,,,,,,,,,,,,,,,,,,,,,,,,,,,,,,,,,,,,,,,,,,,,,,,,,,,,,,,,,,,,,,,,,,,,,,,,,,,,,
e6tARYJ8Auhxhkcih,20,21,19,0.6923076923076923,0.7086330935251799,False,15,21,True,10.0,0.6666666666666666,True,0,False,3,9.0,True,3,4.0,False,False,False,False,False,,,,,,,,,,,,,,,,,,,,,,,,,,,,,,,,,,,,,,,,,,,,,,,,,,,,,,,,,,,,,,,,,,,,,,,,,,,,,,,,,,,,,,,,,,,,,,,,,,,,,,,,,,,,,,,,,,,,,,,,,,,,,,,,,,,,,,,,
eBKz8WtEtJHk5Kkhk,9,10,8,0.6666666666666666,0.7111111111111111,True,9,10,False,5.9,0.6555555555555556,True,1,False,3,7.0,True,3,2.0,True,True,True,True,True,0.8918918918918919,0.5534851621808143,0.4093567251461988,0.258815041398904,-8.472754661613036e-17,0.0,0.0263157894736842,0.0,0.0,0.5,0.2894736842105263,0.0526315789473684,0.0,0.0,0.0,0.2631578947368421,0.131578947368421,0.0526315789473684,0.0526315789473684,0.0263157894736842,0.3947368421052631,0.0526315789473684,0.0,0.0263157894736842,0.0263157894736842,0.1052631578947368,0.0,0.0263157894736842,0.0789473684210526,0.0076238359485973,0.0263157894736842,4.7368421052631575,0.1052631578947368,0.0004765647469092,0.4210526315789473,0.068859649122807,0.1052631578947368,0.0,0.0431286549707602,0.0,0.0789473684210526,0.0263157894736842,0.0,0.0789473684210526,0.1578947368421052,0.0789473684210526,0.0526315789473684,0.0526315789473684,0.0789473684210526,0.0263157894736842,0.1052631578947368,0.131578947368421,0.1052631578947368,0.0,0.0,0.0,0.2631578947368421,0.0,0.1052631578947368,0.0,0.0,0.0,-1.2855213969343918e-16,0.3395923202558311,0.1578947368421052,0.0,1.5263157894736843,0.4210526315789473,0.0263157894736842,0.131578947368421,0.0,0.0263157894736842,0.131578947368421,0.2394796252278893,0.0,0.1052631578947368,0.5263157894736842,0.0,4.652105263157895,0.0526315789473684,0.0,0.0,0.0,0.2631578947368421,0.0789473684210526,0.0,0.2105263157894736,0.0789473684210526,0.0526315789473684,0.0,0.0526315789473684,0.0,0.0263157894736842,0.1842105263157894,0.3421052631578947,0.131578947368421,0.0,0.2368421052631578,0.0,0.0,0.2537280701754386,0.5789473684210527,0.0,1.124807894736842,0.0526315789473684,18.149263157894733,0.0,0.984379217273954,0.607226628039346,0.1874322821263615,0.0526315789473684,0.0,0.131578947368421,19.73684210526316,0.1052631578947368,0.2894736842105263,0.0526315789473684,0.0526315789473684,0.0526315789473684,0.0263157894736842,0.3421052631578947,0.0,0.5126685428580171,0.2105263157894736,0.0,0.0,0.0,0.0789473684210526,0.0,0.056688596491228,161.0,0.1320574536848965,0.567488713203834,0.0090016138825175,0.0646447683682685,1.4123261682511588
eGQSX2LhdDZgA36sj,10,11,9,0.8,0.8454545454545455,False,5,11,True,2.3,0.4599999999999999,False,1,False,4,10.0,False,4,5.0,False,True,True,False,False,,,,,,,,,,,,,,,,,,,,,,,,,,,,,,,,,,,,,,,,,,,,,,,,,,,,,,,,,,,,,,,,,,,,,,,,,,,,,,,,,,,,,,,,,,,,,,,,,,,,,,,,,,,,,,,,,,,,,,,,,,,,,,,,,,,,,,,,
emnc7NRWF52cDXjwm,9,10,8,0.5,0.75,False,2,10,True,1.3,0.65,True,0,True,1,4.0,True,1,1.0,True,True,True,False,False,,,,,,,,,,,,,,,,,,,,,,,,,,,,,,,,,,,,,,,,,,,,,,,,,,,,,,,,,,,,,,,,,,,,,,,,,,,,,,,,,,,,,,,,,,,,,,,,,,,,,,,,,,,,,,,,,,,,,,,,,,,,,,,,,,,,,,,,
ervfYGcspz4PmvGhe,20,21,19,0.6666666666666666,0.7142857142857143,False,5,21,False,1.8,0.36,True,0,True,3,11.0,True,3,3.0,False,True,True,False,False,,,,,,,,,,,,,,,,,,,,,,,,,,,,,,,,,,,,,,,,,,,,,,,,,,,,,,,,,,,,,,,,,,,,,,,,,,,,,,,,,,,,,,,,,,,,,,,,,,,,,,,,,,,,,,,,,,,,,,,,,,,,,,,,,,,,,,,,
fGsi37qfv5EwygYmn,14,15,13,0.8333333333333334,0.9565217391304348,False,8,15,True,5.5,0.6875,True,1,True,2,2.0,False,2,2.0,False,True,True,False,False,,,,,,,,,,,,,,,,,,,,,,,,,,,,,,,,,,,,,,,,,,,,,,,,,,,,,,,,,,,,,,,,,,,,,,,,,,,,,,,,,,,,,,,,,,,,,,,,,,,,,,,,,,,,,,,,,,,,,,,,,,,,,,,,,,,,,,,,
fMi55QFrvdrjRZFwr,21,22,20,0.74,0.6804,False,7,22,False,3.9,0.5571428571428572,False,1,False,4,5.0,False,4,5.0,False,False,False,False,False,,,,,,,,,,,,,,,,,,,,,,,,,,,,,,,,,,,,,,,,,,,,,,,,,,,,,,,,,,,,,,,,,,,,,,,,,,,,,,,,,,,,,,,,,,,,,,,,,,,,,,,,,,,,,,,,,,,,,,,,,,,,,,,,,,,,,,,,
fQEnj6pAo2yqCQx98,4,5,3,0.8888888888888888,0.6888888888888889,False,9,5,True,3.2,0.3555555555555555,True,1,True,1,1.0,True,1,1.0,False,True,True,False,False,,,,,,,,,,,,,,,,,,,,,,,,,,,,,,,,,,,,,,,,,,,,,,,,,,,,,,,,,,,,,,,,,,,,,,,,,,,,,,,,,,,,,,,,,,,,,,,,,,,,,,,,,,,,,,,,,,,,,,,,,,,,,,,,,,,,,,,,
ffYPZNBq9hZaNTksD,20,21,19,0.6428571428571429,0.6049668874172185,False,18,21,True,5.4,0.3,False,1,True,3,7.0,False,3,2.0,False,True,True,False,False,,,,,,,,,,,,,,,,,,,,,,,,,,,,,,,,,,,,,,,,,,,,,,,,,,,,,,,,,,,,,,,,,,,,,,,,,,,,,,,,,,,,,,,,,,,,,,,,,,,,,,,,,,,,,,,,,,,,,,,,,,,,,,,,,,,,,,,,
ft2TNYdF5z5CM2y9g,17,18,16,0.75,0.6805555555555556,False,6,18,False,3.3,0.5499999999999999,True,1,False,2,5.0,False,2,3.0,False,False,False,False,False,,,,,,,,,,,,,,,,,,,,,,,,,,,,,,,,,,,,,,,,,,,,,,,,,,,,,,,,,,,,,,,,,,,,,,,,,,,,,,,,,,,,,,,,,,,,,,,,,,,,,,,,,,,,,,,,,,,,,,,,,,,,,,,,,,,,,,,,
g2Qk3YD7xPASgkwki,12,13,11,0.4166666666666667,0.3923076923076923,True,3,13,False,1.0,0.3333333333333333,False,1,False,2,3.0,False,2,2.0,True,True,True,True,False,,,,,,,,,,,,,,,,,,,,,,,,,,,,,,,,,,,,,,,,,,,,,,,,,,,,,,,,,,,,,,,,,,,,,,,,,,,,,,,,,,,,,,,,,,,,,,,,,,,,,,,,,,,,,,,,,,,,,,,,,,,,,,,,,,,,,,,,
gRhALsRNiAYvmdQxC,19,20,18,0.8823529411764706,0.8328445747800587,False,18,20,True,10.0,0.5555555555555556,True,0,False,1,4.0,False,1,1.0,True,True,True,False,False,,,,,,,,,,,,,,,,,,,,,,,,,,,,,,,,,,,,,,,,,,,,,,,,,,,,,,,,,,,,,,,,,,,,,,,,,,,,,,,,,,,,,,,,,,,,,,,,,,,,,,,,,,,,,,,,,,,,,,,,,,,,,,,,,,,,,,,,
gZNY7fH74BoGpdiMk,18,19,17,0.875,0.6842105263157895,True,8,19,True,5.2,0.65,True,0,False,3,4.0,False,3,4.0,False,False,False,True,True,1.0,0.25,0.2083333333333333,-0.351820105799927,-1.295260195396016e-16,0.0,0.0,0.0,0.0,0.4166666666666667,0.1666666666666666,0.0833333333333333,0.0,0.0,0.0,0.25,0.25,0.0,0.0,0.0,0.4166666666666667,0.0,0.0,0.0,0.0,0.1666666666666666,0.0,0.0,0.0,0.4201388425030439,0.0,3.75,0.0,0.0,0.1666666666666666,0.0300925925925925,0.25,0.0,0.0,0.0,0.0,0.0,0.0,0.0,0.0,0.0,0.0,0.0,0.0833333333333333,0.0,0.0,0.0833333333333333,0.0,0.6666666666666666,0.0,0.0,0.1666666666666666,0.0,0.1666666666666666,0.0,0.0,0.0,-1.9428902930940242e-16,0.1857338390873365,0.1666666666666666,0.0,1.3333333333333333,0.6666666666666666,0.0,0.0,0.0,0.0,0.0833333333333333,0.1885363848617155,0.0,0.1666666666666666,0.3333333333333333,0.0,4.5,0.0833333333333333,0.0833333333333333,0.0,0.0,0.1666666666666666,0.0,0.0,0.0,0.0,0.0833333333333333,0.0,0.0,0.0,0.0,0.0,0.3333333333333333,0.0,0.0,0.0,0.0,0.0,0.2490740740740741,0.1666666666666666,0.0,0.1735999999999999,0.0,29.54766666666666,0.0,0.9583333333333334,0.6402506674205315,0.1111192896496504,0.1666666666666666,0.0,0.1666666666666666,14.75,0.1666666666666666,0.3333333333333333,0.0,0.0,0.0,0.0,0.1666666666666666,0.0,0.4726845528930425,0.0,0.0,0.0,0.0,0.0,0.0,0.1875,42.0,0.0485796882671316,0.6222779803282307,0.0016984875958555,0.0068856351235235,1.6498062116981338
gndhFAQfgF9PwRbHx,6,7,5,0.8558823529411765,0.7907563025210084,False,17,7,False,11.3,0.6647058823529413,False,0,True,3,4.0,False,3,4.0,True,False,False,False,False,,,,,,,,,,,,,,,,,,,,,,,,,,,,,,,,,,,,,,,,,,,,,,,,,,,,,,,,,,,,,,,,,,,,,,,,,,,,,,,,,,,,,,,,,,,,,,,,,,,,,,,,,,,,,,,,,,,,,,,,,,,,,,,,,,,,,,,,
gtgsZeYyKrZ46jwrw,10,11,9,1.0,0.9696969696969696,True,3,11,False,1.5,0.5,False,0,False,3,9.0,False,3,4.0,True,False,False,True,True,0.8,0.1555555555555555,0.0,-0.4231901447300841,3.7007434154171876e-17,0.0,0.0,0.0,0.0,0.1666666666666666,0.1666666666666666,0.0,0.0,0.0,0.0,0.3333333333333333,0.0,0.0,0.1666666666666666,0.0,0.1666666666666666,0.0,0.0,0.3333333333333333,0.0,0.0,0.0,0.0,0.0,0.5731511717343866,0.0,5.666666666666667,0.0,0.005920584045584,0.0,0.0,0.0,0.0,0.1388888888888888,0.0,0.0,0.0,0.0,0.0,0.0,0.0,0.0,0.1666666666666666,0.0,0.0,0.0,0.0,0.5,0.1666666666666666,0.0,0.0,0.0,0.0,0.0,0.0,0.0,0.0,-7.401486830834377e-17,0.2040812928865962,0.6666666666666666,0.0,1.6666666666666667,1.6666666666666667,0.0,0.0,0.0,0.0,0.0,0.226010675680923,0.0,0.0,0.8333333333333334,0.0,5.4925,0.0,0.0,0.0,0.0,0.0,0.5,0.0,0.1666666666666666,0.0,0.8333333333333334,0.0,0.0,0.0,0.0,0.5,0.6666666666666666,0.0,0.0,0.1666666666666666,0.0,0.0,0.5449074074074075,0.0,0.0,0.2479999999999999,0.0,10.832833333333332,0.0,1.0,0.5945031766613824,0.0147598438585797,0.0,0.0,0.0,24.166666666666668,0.1666666666666666,0.3333333333333333,0.0,0.0,0.0,0.0,0.0,0.0,0.5259064634641012,0.0,0.0,0.0,0.0,0.1666666666666666,0.0,0.0874999999999999,30.0,0.0286616847166319,0.6457544610357083,0.0098191289113751,0.0084171176752085,1.78913776292307
guqnSFsL7PBoja4HM,25,26,24,1.0,0.9945054945054944,True,11,26,False,6.5,0.5909090909090909,False,1,True,3,6.0,True,3,4.0,False,False,False,True,True,0.8717948717948718,0.239247311827957,0.2333333333333333,0.3253210375320172,1.3322676295501878e-16,0.0,0.0,0.0,0.0,0.7,0.35,0.075,0.0,0.05,0.0,0.175,0.1,0.025,0.05,0.0,0.3,0.05,0.0,0.075,0.05,0.075,0.025,0.025,0.0,0.113529745692535,0.025,3.375,0.05,0.0,0.15,0.1033630952380952,0.05,0.0,0.0,0.0,0.025,0.025,0.0,0.15,0.175,0.025,0.05,0.025,0.05,0.0,0.275,0.05,0.025,0.0,0.0,0.0,0.1,0.025,0.075,0.0,0.0,0.0,-8.326672684688674e-17,0.1971914769734053,0.15,0.0,1.275,0.225,0.0,0.05,0.05,0.025,0.075,0.1911720140140576,0.0,0.075,0.475,0.0,5.01675,0.025,0.025,0.025,0.0,0.35,0.025,0.0,0.3,0.025,0.05,0.0,0.025,0.0,0.0,0.05,0.075,0.075,0.0,0.3,0.0,0.0,0.22,0.45,0.0,0.7315750000000001,0.0,21.617600000000003,0.0,0.996875,0.5939122442471032,0.1485501322022173,0.025,0.0,0.075,13.35,0.175,0.325,0.025,0.0,0.0,0.0,0.125,0.025,0.5216935157775879,0.25,0.0,0.0,0.0,0.05,0.0,0.019375,124.0,0.1186137680511169,0.4263556223833399,0.0053170701710991,0.0416172785716444,1.3583607299433222
gv3H4EqgWKzE7LQGF,19,20,18,0.4545454545454545,0.6327433628318584,False,14,20,True,4.8,0.3428571428571428,True,0,True,3,6.0,False,3,4.0,False,False,False,False,False,,,,,,,,,,,,,,,,,,,,,,,,,,,,,,,,,,,,,,,,,,,,,,,,,,,,,,,,,,,,,,,,,,,,,,,,,,,,,,,,,,,,,,,,,,,,,,,,,,,,,,,,,,,,,,,,,,,,,,,,,,,,,,,,,,,,,,,,
gxPHEWfHFyL95TtDB,13,14,12,0.8,0.7571428571428571,True,5,14,False,2.7,0.54,True,0,False,3,8.0,False,3,3.0,False,True,True,True,True,0.7333333333333333,0.5540540540540541,0.4375,0.1070393860817483,-5.551115123125783e-17,0.0625,0.125,0.0625,0.0,0.4375,0.3125,0.0625,0.0,0.0625,0.0,0.125,0.125,0.0,0.0,0.0,0.3125,0.0,0.0,0.125,0.0625,0.0,0.0,0.0,0.0,0.5225903648734169,0.0,5.5625,0.0625,0.0018033499505874,0.1875,0.0409722222222222,0.0625,0.0,0.125,0.0,0.0,0.0625,0.0,0.1875,0.125,0.125,0.0,0.1875,0.125,0.0,0.125,0.125,0.0625,0.1875,0.0,0.0,0.3125,0.0625,0.0,0.0,0.0,0.0,-2.7755575615628914e-17,0.1879750986824035,0.1875,0.0,1.8125,0.5,0.0,0.0625,0.0,0.0,0.125,0.2104609148893384,0.0,0.0,0.8125,0.0,4.742812499999999,0.0625,0.0,0.0,0.0,0.0,0.0625,0.0,0.0,0.0625,0.25,0.0,0.1875,0.0,0.0625,0.0625,0.4375,0.125,0.0,0.125,0.0,0.0,0.3739583333333333,0.1875,0.0,2.8116564484126987,0.0625,37.901625,0.0,0.99375,0.655351900325012,0.1093982734164455,0.0625,0.0,0.25,23.1875,0.4375,0.375,0.0,0.0,0.0,0.0,0.375,0.0,0.4455222462420352,0.125,0.0,0.0,0.0,0.125,0.0625,0.178125,74.0,0.0906574781224322,0.6694834612153197,0.0062894584726971,0.0242179919486217,1.5959746961717065
h6PPMQJ63sE8QBQWy,4,5,3,0.8,0.6538461538461539,True,8,5,False,1.2,0.15,True,0,True,2,7.0,False,2,3.0,True,False,False,True,False,,,,,,,,,,,,,,,,,,,,,,,,,,,,,,,,,,,,,,,,,,,,,,,,,,,,,,,,,,,,,,,,,,,,,,,,,,,,,,,,,,,,,,,,,,,,,,,,,,,,,,,,,,,,,,,,,,,,,,,,,,,,,,,,,,,,,,,,
h7dLf3iJFWxe2KbMy,24,25,23,0.6666666666666666,0.7889967637540454,False,13,25,True,2.4,0.1846153846153846,False,0,False,4,9.0,True,4,6.0,True,True,True,False,False,,,,,,,,,,,,,,,,,,,,,,,,,,,,,,,,,,,,,,,,,,,,,,,,,,,,,,,,,,,,,,,,,,,,,,,,,,,,,,,,,,,,,,,,,,,,,,,,,,,,,,,,,,,,,,,,,,,,,,,,,,,,,,,,,,,,,,,,
hTJjA7Z63RBuEpkEJ,5,6,4,0.75,0.6666666666666666,True,4,6,False,2.2,0.55,True,0,False,4,9.0,False,4,6.0,False,True,True,True,False,,,,,,,,,,,,,,,,,,,,,,,,,,,,,,,,,,,,,,,,,,,,,,,,,,,,,,,,,,,,,,,,,,,,,,,,,,,,,,,,,,,,,,,,,,,,,,,,,,,,,,,,,,,,,,,,,,,,,,,,,,,,,,,,,,,,,,,,
hTWBnZpmR8RRWtQur,9,10,8,1.0,0.9241666666666668,True,8,10,False,2.3,0.2875,False,0,False,1,4.0,True,1,1.0,False,True,True,True,True,1.0,0.2807017543859649,0.1666666666666666,-0.2340312072117098,0.0,0.0,0.0,0.0,0.0,0.5,0.5,0.25,0.0,0.0,0.0,0.0,0.25,0.25,0.0,0.0,0.0,0.0,0.0,0.0,0.0,0.0,0.0,0.0,0.0,-0.0712969578132496,0.0,5.5,0.0,0.0,0.25,0.0625,0.5,0.0,0.0,0.0,0.0,0.0,0.0,0.25,0.25,0.0,0.0,0.0,0.0,0.0,0.0,0.0,0.0,1.75,0.0,0.0,0.25,0.0,0.25,0.0,0.0,0.0,-1.6653345369377348e-16,0.1111198724009208,0.25,0.0,1.25,0.0,0.0,0.0,0.0,0.0,0.25,0.0894291242898448,0.0,0.5,0.75,0.0,4.5,0.0,0.0,0.0,0.0,0.5,0.0,0.0,0.0,0.0,0.25,0.0,0.0,0.0,0.0,0.25,0.0,0.0,0.0,0.0,0.0,0.0,0.225,0.75,0.0,6.4947875,0.0,30.74075,0.0,0.875,0.5743201349848023,0.0657126780133693,0.25,0.0,0.25,24.5,0.25,0.0,0.0,0.0,0.0,0.0,0.25,0.0,0.6566376760601997,0.0,0.0,0.0,0.0,0.0,0.0,0.1125,19.0,0.0368887931439461,0.848314942645778,0.0053528619241886,0.021840135935138,1.7174004125129405
hWkoPdauWkC4xNjf7,7,8,6,0.8125,0.77890625,False,8,8,True,4.7,0.5875,False,0,True,4,11.0,True,4,3.0,True,True,True,False,False,,,,,,,,,,,,,,,,,,,,,,,,,,,,,,,,,,,,,,,,,,,,,,,,,,,,,,,,,,,,,,,,,,,,,,,,,,,,,,,,,,,,,,,,,,,,,,,,,,,,,,,,,,,,,,,,,,,,,,,,,,,,,,,,,,,,,,,,
hWwaWXowkJ25fZ7Kj,13,14,12,1.0,0.9428571428571428,True,5,14,False,2.7,0.54,True,0,True,3,8.0,False,3,3.0,False,True,True,True,False,,,,,,,,,,,,,,,,,,,,,,,,,,,,,,,,,,,,,,,,,,,,,,,,,,,,,,,,,,,,,,,,,,,,,,,,,,,,,,,,,,,,,,,,,,,,,,,,,,,,,,,,,,,,,,,,,,,,,,,,,,,,,,,,,,,,,,,,
hY3ZZBKWFoSPWa3SH,16,17,15,0.4233333333333333,0.4401140684410646,False,17,17,True,1.9,0.1117647058823529,False,0,False,1,3.0,False,1,1.0,False,False,False,False,False,,,,,,,,,,,,,,,,,,,,,,,,,,,,,,,,,,,,,,,,,,,,,,,,,,,,,,,,,,,,,,,,,,,,,,,,,,,,,,,,,,,,,,,,,,,,,,,,,,,,,,,,,,,,,,,,,,,,,,,,,,,,,,,,,,,,,,,,
hwkwqiwaDNdsN5JGv,5,6,4,0.5882352941176471,0.7425742574257426,True,17,6,True,3.2,0.188235294117647,True,0,False,2,4.0,True,2,2.0,True,True,True,True,True,0.9361702127659576,0.6431881371640408,0.4294871794871794,-0.0187852312909276,1.0177044392397268e-16,0.0,0.125,0.0416666666666666,0.0208333333333333,0.75,0.4375,0.2291666666666666,0.0,0.0625,0.0,0.25,0.1666666666666666,0.0,0.0625,0.0208333333333333,0.25,0.0625,0.0,0.1041666666666666,0.0,0.0833333333333333,0.0416666666666666,0.0416666666666666,0.0625,-0.319071412700206,0.0,6.145833333333333,0.1666666666666666,0.000305290725047,0.1875,0.0334325396825396,0.0416666666666666,0.0208333333333333,0.0173611111111111,0.0208333333333333,0.125,0.0,0.0,0.1875,0.2083333333333333,0.0833333333333333,0.0625,0.1666666666666666,0.1875,0.0,0.1458333333333333,0.1458333333333333,0.0625,0.2708333333333333,0.0,0.0,0.125,0.0,0.0625,0.0,0.0,0.0416666666666666,-1.3415194880887307e-16,0.3101199035941495,0.1458333333333333,0.0,2.125,0.6041666666666666,0.0208333333333333,0.1458333333333333,0.0416666666666666,0.0625,0.1875,0.2153739287816186,0.0,0.0625,0.9375,0.0,4.637083333333333,0.0625,0.0,0.0,0.0,0.1041666666666666,0.0416666666666666,0.0,0.0833333333333333,0.0833333333333333,0.1666666666666666,0.0,0.1875,0.0,0.0416666666666666,0.0625,0.3958333333333333,0.1458333333333333,0.0,0.2083333333333333,0.0,0.0,0.286114417989418,0.4791666666666667,0.0,1.792752721410534,0.0625,10.524708333333336,0.0,0.9597132034632034,0.6369918563540918,0.3017374173602244,0.125,0.0,0.2083333333333333,27.25,0.25,0.5,0.125,0.0416666666666666,0.0208333333333333,0.0416666666666666,0.2083333333333333,0.0,0.4904659446328878,0.1458333333333333,0.0,0.0,0.0,0.0,0.0208333333333333,0.0407787698412698,249.0,0.140387961428439,0.650037159662888,0.0067907122248668,0.0560713270310328,1.5461159255774843
i4P7J3h3Tc4BHhfYG,15,16,14,0.8416666666666667,0.8442708333333333,True,6,16,True,2.5,0.4166666666666667,False,1,False,4,14.0,True,4,2.0,False,True,True,True,True,0.7058823529411765,0.4984984984984985,0.3703703703703703,0.1480248882456589,0.0,0.0,0.0555555555555555,0.0,0.0,1.2777777777777777,0.7222222222222222,0.2222222222222222,0.0,0.0,0.0,0.6111111111111112,0.1111111111111111,0.0,0.1111111111111111,0.0555555555555555,0.2777777777777778,0.0,0.0,0.1111111111111111,0.0,0.1111111111111111,0.0,0.1111111111111111,0.1111111111111111,0.4963025743188947,0.0,7.888888888888889,0.0555555555555555,0.0005787037037037,0.1111111111111111,0.0277777777777777,0.0555555555555555,0.0,0.0277777777777777,0.0,0.0,0.0555555555555555,0.0,0.2222222222222222,0.1111111111111111,0.1666666666666666,0.0,0.1111111111111111,0.1666666666666666,0.0,0.1111111111111111,0.0555555555555555,0.0,0.0,0.0,0.0,0.1111111111111111,0.0555555555555555,0.0555555555555555,0.0,0.0555555555555555,0.0555555555555555,-6.167905692361981e-17,0.1865481896480225,0.1111111111111111,0.0,2.2222222222222223,0.6666666666666666,0.0,0.2222222222222222,0.1111111111111111,0.1111111111111111,0.0555555555555555,0.1694978091319584,0.0,0.0555555555555555,1.2777777777777777,0.0,4.755,0.0,0.0555555555555555,0.0555555555555555,0.0,0.1111111111111111,0.0555555555555555,0.0,0.1111111111111111,0.0,0.3333333333333333,0.0,0.2777777777777778,0.0,0.0,0.0555555555555555,0.7222222222222222,0.1666666666666666,0.0,0.1666666666666666,0.0,0.0,0.3111111111111111,0.7222222222222222,0.0,1.4427882154882157,0.0,33.629999999999995,0.0,0.9938271604938272,0.6723075788134243,0.2128707603810148,0.3333333333333333,0.0,0.2222222222222222,31.38888888888889,0.2777777777777778,0.7222222222222222,0.3333333333333333,0.0,0.1111111111111111,0.0,0.1111111111111111,0.0,0.3494608564716246,0.0555555555555555,0.0,0.0,0.0,0.1111111111111111,0.0,0.1166666666666666,111.0,0.1389639619948632,0.6260842058920422,0.0179551291354759,0.0134902978374471,1.4107873783230116
iDMSsFeCDBx6WP6HP,16,17,15,0.6375000000000001,0.6727941176470589,False,12,17,True,1.9,0.1583333333333333,False,0,True,3,8.0,True,3,3.0,True,True,True,False,False,,,,,,,,,,,,,,,,,,,,,,,,,,,,,,,,,,,,,,,,,,,,,,,,,,,,,,,,,,,,,,,,,,,,,,,,,,,,,,,,,,,,,,,,,,,,,,,,,,,,,,,,,,,,,,,,,,,,,,,,,,,,,,,,,,,,,,,,
iLiiPwTLDTLQvdbxP,15,16,14,0.7142857142857143,0.6581196581196581,True,10,16,True,2.8,0.2799999999999999,False,1,True,2,5.0,False,2,1.0,True,False,False,True,False,,,,,,,,,,,,,,,,,,,,,,,,,,,,,,,,,,,,,,,,,,,,,,,,,,,,,,,,,,,,,,,,,,,,,,,,,,,,,,,,,,,,,,,,,,,,,,,,,,,,,,,,,,,,,,,,,,,,,,,,,,,,,,,,,,,,,,,,
iLnKf85gLSfcDA927,14,15,13,0.25,0.3166666666666666,False,4,15,True,1.6,0.4,True,1,False,3,10.0,False,3,4.0,True,False,False,False,False,,,,,,,,,,,,,,,,,,,,,,,,,,,,,,,,,,,,,,,,,,,,,,,,,,,,,,,,,,,,,,,,,,,,,,,,,,,,,,,,,,,,,,,,,,,,,,,,,,,,,,,,,,,,,,,,,,,,,,,,,,,,,,,,,,,,,,,,
iNwbahGpEc3NWtqC9,10,11,9,0.7392857142857142,0.7465625,False,15,11,False,2.5,0.1666666666666666,False,1,True,3,11.0,False,3,3.0,False,False,False,False,False,,,,,,,,,,,,,,,,,,,,,,,,,,,,,,,,,,,,,,,,,,,,,,,,,,,,,,,,,,,,,,,,,,,,,,,,,,,,,,,,,,,,,,,,,,,,,,,,,,,,,,,,,,,,,,,,,,,,,,,,,,,,,,,,,,,,,,,,
ibpbDm8GAaByGZidG,2,3,1,0.85,0.8666666666666667,True,5,3,False,2.1,0.42,False,0,True,3,6.0,False,3,3.0,True,False,False,True,True,1.0,0.4,0.2153846153846154,0.158632390650907,1.708035422500241e-17,0.0,0.0,0.0,0.0,0.6923076923076923,0.4615384615384615,0.0,0.0,0.0769230769230769,0.0,0.0769230769230769,0.2307692307692307,0.0,0.0,0.0,0.1538461538461538,0.0,0.0,0.0769230769230769,0.0,0.2307692307692307,0.0,0.0,0.0,0.2594054554822341,0.0,3.5384615384615383,0.0769230769230769,0.0020619771415105,0.0769230769230769,0.0602564102564102,0.0769230769230769,0.0,0.0897435897435897,0.0,0.0,0.0,0.0,0.0769230769230769,0.0,0.2307692307692307,0.0,0.0,0.0,0.0,0.0,0.3076923076923077,0.0,0.1538461538461538,0.0,0.0,0.0769230769230769,0.0,0.1538461538461538,0.0,0.0,0.0,3.5228230589067465e-17,0.2290176648249859,0.0,0.0,1.0769230769230769,0.1538461538461538,0.0,0.0,0.0,0.0,0.1538461538461538,0.2625197520201645,0.0,0.1538461538461538,0.6153846153846154,0.0,4.482307692307692,0.0,0.0,0.0,0.0,0.2307692307692307,0.0,0.0,0.0769230769230769,0.3076923076923077,0.0769230769230769,0.0,0.0,0.0,0.0,0.0,0.1538461538461538,0.1538461538461538,0.0,0.0769230769230769,0.0,0.0,0.1153846153846153,0.2307692307692307,0.0,0.5068564102564103,0.0,7.755307692307691,0.0,1.0,0.5308037909103013,0.0671755838781021,0.0769230769230769,0.0,0.0769230769230769,12.307692307692308,0.0,0.6153846153846154,0.1538461538461538,0.0,0.0,0.0,0.0769230769230769,0.0,0.5619424971250387,0.0769230769230769,0.0,0.0,0.0,0.1538461538461538,0.0,0.0384615384615384,39.0,0.0226403148974801,0.5331692259477918,0.0082483911009881,0.029764573144763,1.4785883487037634
ieZ6xDJofJsTcQy7G,4,5,3,0.6923076923076923,0.7230769230769231,False,13,5,False,9.0,0.6923076923076923,True,1,True,3,5.0,False,3,3.0,True,True,True,False,False,,,,,,,,,,,,,,,,,,,,,,,,,,,,,,,,,,,,,,,,,,,,,,,,,,,,,,,,,,,,,,,,,,,,,,,,,,,,,,,,,,,,,,,,,,,,,,,,,,,,,,,,,,,,,,,,,,,,,,,,,,,,,,,,,,,,,,,,
ipCdsovJ8AkDWFFe2,22,23,21,0.6,0.8347826086956521,True,5,23,True,3.1,0.62,True,0,False,2,6.0,True,2,2.0,True,True,True,True,True,0.6666666666666666,0.3902439024390244,0.3333333333333333,0.2471359220017865,-4.4408920985006264e-17,0.0,0.1,0.0,0.1,0.6,0.3,0.0,0.0,0.0,0.0,0.3,0.0,0.0,0.3,0.0,0.2,0.1,0.0,0.0,0.0,0.0,0.0,0.0,0.0,0.0551041711854538,0.0,5.9,0.2,0.0277811295458354,0.0,0.0866666666666666,0.2,0.0,0.1833333333333333,0.0,0.0,0.0,0.0,0.1,0.0,0.0,0.1,0.0,0.2,0.0,0.3,0.2,0.1,0.2,0.0,0.0,0.0,0.0,0.0,0.0,0.0,0.0,-4.4408920985006264e-17,0.2598866779252721,0.0,0.0,1.1,0.6,0.0,0.2,0.0,0.0,0.1,0.2453385713334169,0.0,0.0,0.3,0.0,4.8675,0.0,0.0,0.0,0.0,0.0,0.1,0.0,0.0,0.2,0.0,0.0,0.1,0.0,0.0,0.1,0.2,0.1,0.0,0.4,0.0,0.0,0.1825,0.2,0.0,2.565108095238095,0.0,101.8954,0.0,0.975,0.6281455812921515,0.2951032031327485,0.2,0.0,0.2,21.9,0.3,0.4,0.1,0.0,0.0,0.0,0.0,0.0,0.3916118875145912,0.1,0.0,0.0,0.0,0.0,0.0,0.0025,41.0,0.069266852338814,0.7217327019435421,0.0091956328725975,0.0512247151884343,1.6740054456313225
iwtEFKBW9YdZHuJwT,24,25,23,0.2666666666666666,0.417,False,6,25,False,2.7,0.45,False,0,True,4,5.0,True,4,3.0,True,False,False,False,False,,,,,,,,,,,,,,,,,,,,,,,,,,,,,,,,,,,,,,,,,,,,,,,,,,,,,,,,,,,,,,,,,,,,,,,,,,,,,,,,,,,,,,,,,,,,,,,,,,,,,,,,,,,,,,,,,,,,,,,,,,,,,,,,,,,,,,,,
j6QdPpNdHmZBpECWo,19,20,18,1.0,0.9666666666666668,True,3,20,True,1.2,0.3999999999999999,True,1,True,4,5.0,False,4,3.0,True,False,False,True,True,1.0,0.0,0.0,-0.3770082316207778,,0.0,0.0,0.0,0.0,0.0,0.0,0.0,0.0,0.0,0.0,0.0,0.0,0.0,0.0,0.0,0.0,0.0,0.0,0.0,0.0,0.0,0.0,0.0,0.0,0.4130615282286297,0.0,1.0,0.0,0.0,0.0,0.0,0.0,0.0,0.0,0.0,1.0,0.0,0.0,0.0,0.0,0.0,0.0,0.0,0.0,0.0,0.0,0.0,0.0,0.0,0.0,0.0,0.0,0.0,0.0,0.0,0.0,0.0,-4.440892098500626e-15,0.5381020262274914,0.0,0.0,0.0,0.0,0.0,0.0,0.0,0.0,0.0,0.5381020262274914,0.0,0.0,0.0,0.0,4.5,0.0,0.0,0.0,0.0,0.0,0.0,0.0,0.0,0.0,0.0,0.0,0.0,0.0,0.0,0.0,0.0,0.0,0.0,0.0,0.0,0.0,0.0,1.0,0.0,0.0496,0.0,8.085333333333333,0.0,1.0,0.0807601782905295,0.1011837497353553,0.0,0.0,0.0,3.0,0.0,0.0,0.0,0.0,0.0,0.0,0.0,0.0,0.4846153656641642,0.0,0.0,0.0,0.0,0.0,0.0,0.0,3.0,0.0,0.128564640439175,0.0,0.0,0.0
jENb7dvRN9uoAuQzu,17,18,16,1.0,0.9826388888888888,True,16,18,False,3.9,0.24375,True,0,True,3,7.0,False,3,2.0,False,True,True,True,True,0.9172413793103448,0.497642462616193,0.4457323498419389,-0.0445541369491832,-5.855285814803908e-17,0.0,0.0342465753424657,0.0068493150684931,0.0068493150684931,0.547945205479452,0.3356164383561644,0.184931506849315,0.0,0.0684931506849315,0.0,0.1986301369863013,0.1232876712328767,0.0205479452054794,0.0410958904109589,0.0205479452054794,0.2465753424657534,0.0,0.0068493150684931,0.0684931506849315,0.0068493150684931,0.0273972602739726,0.0,0.0205479452054794,0.0342465753424657,0.0190880136376535,0.0,4.36986301369863,0.0890410958904109,0.0072725360322084,0.2876712328767123,0.0286854127607552,0.0753424657534246,0.0136986301369863,0.0221461187214611,0.0,0.0068493150684931,0.0136986301369863,0.0068493150684931,0.0616438356164383,0.0684931506849315,0.0205479452054794,0.0068493150684931,0.0616438356164383,0.1232876712328767,0.0136986301369863,0.1095890410958904,0.0753424657534246,0.0342465753424657,0.1164383561643835,0.0,0.0,0.2054794520547945,0.0273972602739726,0.0684931506849315,0.0,0.0068493150684931,0.0068493150684931,-1.642521735061875e-16,0.1842086218435094,0.0958904109589041,0.0,1.4931506849315068,0.4452054794520548,0.0,0.1164383561643835,0.0273972602739726,0.0410958904109589,0.1506849315068493,0.2116463210831159,0.0,0.0616438356164383,0.5342465753424658,0.0,4.660171232876713,0.0273972602739726,0.0410958904109589,0.0,0.0,0.1232876712328767,0.0273972602739726,0.0,0.0958904109589041,0.0342465753424657,0.0753424657534246,0.0,0.1095890410958904,0.0068493150684931,0.0,0.0616438356164383,0.3287671232876712,0.0342465753424657,0.0,0.1027397260273972,0.0,0.0,0.2686956403565992,0.2808219178082192,0.0,1.4268153457273318,0.0273972602739726,5.385561643835616,0.0,0.9750924113937812,0.6358613189110857,0.1840996414308168,0.0616438356164383,0.0068493150684931,0.1164383561643835,18.76027397260274,0.2123287671232876,0.3356164383561644,0.0342465753424657,0.0410958904109589,0.0068493150684931,0.0547945205479452,0.2191780821917808,0.0068493150684931,0.5127691993209189,0.0890410958904109,0.0068493150684931,0.0,0.0068493150684931,0.0547945205479452,0.0,0.0387937595129375,571.0,0.2613301744426363,0.452420940669067,0.001465601340235,0.0481919549576101,1.397616106458433
jH5FDskgzuCBuoBAv,11,12,10,0.65625,0.6369897959183674,False,18,12,False,5.6,0.3111111111111111,False,0,True,3,3.0,True,3,4.0,True,False,False,False,False,,,,,,,,,,,,,,,,,,,,,,,,,,,,,,,,,,,,,,,,,,,,,,,,,,,,,,,,,,,,,,,,,,,,,,,,,,,,,,,,,,,,,,,,,,,,,,,,,,,,,,,,,,,,,,,,,,,,,,,,,,,,,,,,,,,,,,,,
jXTKZ6uDWEMnDxfBm,4,5,3,0.85,0.88,False,20,5,False,11.2,0.5599999999999999,True,1,True,1,2.0,True,1,1.0,False,False,False,False,False,,,,,,,,,,,,,,,,,,,,,,,,,,,,,,,,,,,,,,,,,,,,,,,,,,,,,,,,,,,,,,,,,,,,,,,,,,,,,,,,,,,,,,,,,,,,,,,,,,,,,,,,,,,,,,,,,,,,,,,,,,,,,,,,,,,,,,,,
joud4ovCsZErt3f4G,11,12,10,0.625,0.59375,True,4,12,False,2.0,0.5,False,1,True,2,8.0,True,2,2.0,True,True,True,True,False,,,,,,,,,,,,,,,,,,,,,,,,,,,,,,,,,,,,,,,,,,,,,,,,,,,,,,,,,,,,,,,,,,,,,,,,,,,,,,,,,,,,,,,,,,,,,,,,,,,,,,,,,,,,,,,,,,,,,,,,,,,,,,,,,,,,,,,,
k2vfubE2hWC33SD5B,26,27,25,0.45,0.3833333333333333,True,3,27,True,1.0,0.3333333333333333,False,0,False,2,5.0,True,2,3.0,False,False,False,True,False,,,,,,,,,,,,,,,,,,,,,,,,,,,,,,,,,,,,,,,,,,,,,,,,,,,,,,,,,,,,,,,,,,,,,,,,,,,,,,,,,,,,,,,,,,,,,,,,,,,,,,,,,,,,,,,,,,,,,,,,,,,,,,,,,,,,,,,,
k3B7FXdku4CJF6hPH,16,17,15,1.0,0.9270588235294116,True,10,17,True,5.9,0.5900000000000001,False,1,False,2,5.0,True,2,1.0,True,False,False,True,True,0.8333333333333334,0.5656028368794326,0.549828178694158,0.1513403774405149,-7.554094806727871e-17,0.0206185567010309,0.0927835051546391,0.0,0.0206185567010309,0.6597938144329897,0.4329896907216495,0.1649484536082474,0.0,0.0412371134020618,0.0,0.2783505154639175,0.1134020618556701,0.0103092783505154,0.0412371134020618,0.0721649484536082,0.1546391752577319,0.0206185567010309,0.0,0.0412371134020618,0.0,0.0206185567010309,0.0,0.0206185567010309,0.0309278350515463,-0.0697620646115639,0.0103092783505154,4.216494845360825,0.0618556701030927,0.0022976002883175,0.1649484536082474,0.0275016363933889,0.0412371134020618,0.0206185567010309,0.0275538894095595,0.0,0.0,0.0103092783505154,0.0,0.1030927835051546,0.0515463917525773,0.0206185567010309,0.0206185567010309,0.0721649484536082,0.134020618556701,0.0,0.134020618556701,0.0309278350515463,0.0721649484536082,0.1443298969072164,0.0206185567010309,0.0,0.1237113402061855,0.0309278350515463,0.0824742268041237,0.0103092783505154,0.0103092783505154,0.0,-3.433679457603577e-18,0.2283408295177746,0.1752577319587628,0.0,1.618556701030928,0.4432989690721649,0.0206185567010309,0.0927835051546391,0.0103092783505154,0.0206185567010309,0.1134020618556701,0.2276601837706746,0.0,0.0721649484536082,0.6185567010309279,0.0103092783505154,4.656649484536082,0.0103092783505154,0.0103092783505154,0.0,0.0309278350515463,0.1237113402061855,0.0309278350515463,0.0,0.0721649484536082,0.0412371134020618,0.1237113402061855,0.0,0.1649484536082474,0.0,0.0206185567010309,0.0824742268041237,0.268041237113402,0.0515463917525773,0.0,0.0927835051546391,0.0,0.0,0.1946450662739322,0.3402061855670103,0.0,0.9978876288659791,0.0,7.218567010309279,0.0,0.9466208476517756,0.5909185997282398,0.2037042614562225,0.1030927835051546,0.0103092783505154,0.1443298969072164,17.432989690721648,0.2371134020618556,0.422680412371134,0.0206185567010309,0.0206185567010309,0.0103092783505154,0.0515463917525773,0.134020618556701,0.0,0.518213351862025,0.0824742268041237,0.0,0.0,0.0,0.1030927835051546,0.0,0.0706089837997054,376.0,0.1821969138616647,0.4709687836301583,0.0072923214152006,0.0869494543140522,1.233291082292107
k3hqndZ6cSsaer4Gx,8,9,7,0.5454545454545454,0.5858585858585859,False,11,9,False,4.4,0.4,True,0,False,1,2.0,False,1,1.0,True,False,False,False,False,,,,,,,,,,,,,,,,,,,,,,,,,,,,,,,,,,,,,,,,,,,,,,,,,,,,,,,,,,,,,,,,,,,,,,,,,,,,,,,,,,,,,,,,,,,,,,,,,,,,,,,,,,,,,,,,,,,,,,,,,,,,,,,,,,,,,,,,
kCfoC2BBKvFv9xgMT,21,22,20,0.9230769230769232,0.916955017301038,True,14,22,False,7.0,0.5,False,0,False,2,2.0,True,2,1.0,False,True,True,True,True,0.9246575342465754,0.432827735644637,0.4311878597592883,0.1284156249623731,6.042030065987247e-17,0.0204081632653061,0.0408163265306122,0.1224489795918367,0.0136054421768707,0.5714285714285714,0.3809523809523809,0.1292517006802721,0.0,0.0612244897959183,0.0,0.1224489795918367,0.0816326530612244,0.0204081632653061,0.0476190476190476,0.0068027210884353,0.2312925170068027,0.0272108843537414,0.0,0.1156462585034013,0.0,0.0408163265306122,0.0,0.0204081632653061,0.0272108843537414,-0.1555668465626507,0.0,4.428571428571429,0.0544217687074829,0.0009730404061923,0.2857142857142857,0.0259836724122438,0.0340136054421768,0.0204081632653061,0.0188019652305366,0.0,0.0136054421768707,0.0,0.0136054421768707,0.0544217687074829,0.1156462585034013,0.0204081632653061,0.0272108843537414,0.1224489795918367,0.1224489795918367,0.0,0.0952380952380952,0.1156462585034013,0.0680272108843537,0.0204081632653061,0.0136054421768707,0.0,0.1836734693877551,0.0136054421768707,0.0680272108843537,0.0,0.0068027210884353,0.0,-1.450087215836939e-16,0.1988656737903012,0.0816326530612244,0.0068027210884353,1.2789115646258504,0.4421768707482993,0.0068027210884353,0.1564625850340136,0.0068027210884353,0.0204081632653061,0.1632653061224489,0.1830054047908217,0.0068027210884353,0.0680272108843537,0.5034013605442177,0.0,4.748435374149659,0.0340136054421768,0.0,0.0068027210884353,0.0136054421768707,0.0952380952380952,0.0612244897959183,0.0,0.0748299319727891,0.0680272108843537,0.0952380952380952,0.0,0.1292517006802721,0.0136054421768707,0.0272108843537414,0.1020408163265306,0.2244897959183673,0.0476190476190476,0.0,0.1156462585034013,0.0136054421768707,0.0,0.225824694957348,0.272108843537415,0.0,1.1651303246262428,0.0340136054421768,8.51777551020408,0.0,0.9831638505107893,0.6246177408506649,0.2411753540212402,0.0136054421768707,0.0,0.0952380952380952,18.503401360544217,0.2653061224489796,0.3265306122448979,0.0544217687074829,0.0340136054421768,0.0204081632653061,0.0748299319727891,0.2108843537414966,0.0,0.5049325059845943,0.1020408163265306,0.0,0.0,0.0068027210884353,0.0612244897959183,0.0,0.0519679300291545,568.0,0.2821531830449315,0.4952575704265201,0.0083985852142166,0.0803267276012616,1.2722318024314796
kDwKAMKhHHTiQ4GtS,4,5,3,1.0,0.9076923076923076,True,13,5,True,5.9,0.4538461538461539,True,0,True,4,15.0,True,4,4.0,False,False,False,True,False,,,,,,,,,,,,,,,,,,,,,,,,,,,,,,,,,,,,,,,,,,,,,,,,,,,,,,,,,,,,,,,,,,,,,,,,,,,,,,,,,,,,,,,,,,,,,,,,,,,,,,,,,,,,,,,,,,,,,,,,,,,,,,,,,,,,,,,,
kh7arKjP2TXrx7HwY,13,14,12,1.0,0.9196428571428572,True,10,14,False,4.6,0.4599999999999999,True,0,False,1,3.0,True,1,1.0,True,False,False,True,True,0.8709677419354839,0.5492957746478874,0.3482142857142857,0.0468900324564815,1.3877787807814457e-17,0.0,0.0,0.03125,0.0,0.4375,0.40625,0.0625,0.0,0.0,0.0,0.125,0.1875,0.03125,0.0625,0.0,0.09375,0.0,0.0,0.125,0.0,0.0,0.0,0.0,0.03125,0.1118884381957636,0.0,5.4375,0.0,0.0035065333946913,0.125,0.0457589285714285,0.125,0.03125,0.0572916666666666,0.0,0.0,0.0,0.0,0.0625,0.03125,0.0625,0.03125,0.28125,0.03125,0.0,0.0,0.15625,0.125,0.03125,0.0,0.0,0.125,0.03125,0.15625,0.0,0.03125,0.0,-5.551115123125783e-17,0.1978383462332038,0.15625,0.0,1.8125,0.71875,0.0,0.0625,0.03125,0.0,0.25,0.2202685207177135,0.03125,0.125,0.625,0.03125,4.47484375,0.09375,0.0,0.0,0.0,0.15625,0.15625,0.0,0.0625,0.0625,0.28125,0.0,0.03125,0.0,0.03125,0.1875,0.4375,0.0625,0.0,0.09375,0.0,0.0,0.2684895833333333,0.28125,0.0,2.427114204545455,0.09375,23.6555625,0.0,0.9750992063492064,0.6444893581002014,0.182832177291857,0.15625,0.0,0.0625,21.1875,0.21875,0.28125,0.0,0.0,0.0,0.0,0.15625,0.0,0.4878741813881788,0.0,0.0,0.0,0.0,0.125,0.0,0.0174479166666666,142.0,0.1246439586375743,0.6118215312285,0.0035151066624665,0.0442180139217115,1.4457330559338135
kkq2yMRvPrbveSz7b,26,27,25,1.0,0.9674603174603174,True,17,27,False,7.2,0.4235294117647059,False,0,True,4,12.0,False,4,3.0,True,False,False,True,True,0.9658703071672357,0.501159816808422,0.4577831132452981,0.1029246516786123,-1.2084060131974493e-17,0.0034013605442176,0.0510204081632653,0.0170068027210884,0.010204081632653,0.5374149659863946,0.3231292517006803,0.1122448979591836,0.0,0.0850340136054421,0.0034013605442176,0.2176870748299319,0.0986394557823129,0.0068027210884353,0.0374149659863945,0.0068027210884353,0.173469387755102,0.0306122448979591,0.0034013605442176,0.0442176870748299,0.0034013605442176,0.0578231292517006,0.0,0.010204081632653,0.0034013605442176,0.1329969159928175,0.0068027210884353,3.82312925170068,0.0884353741496598,0.0018024466960007,0.1904761904761904,0.0325230561199949,0.0680272108843537,0.0204081632653061,0.0166095665319267,0.0034013605442176,0.0,0.0204081632653061,0.0034013605442176,0.1326530612244898,0.0374149659863945,0.0544217687074829,0.0238095238095238,0.0714285714285714,0.1054421768707483,0.0204081632653061,0.1122448979591836,0.0918367346938775,0.0578231292517006,0.0918367346938775,0.0136054421768707,0.0,0.1496598639455782,0.0340136054421768,0.0952380952380952,0.0068027210884353,0.0034013605442176,0.0,-1.6162430426515883e-16,0.3791347061097918,0.0612244897959183,0.0,1.1768707482993197,0.3027210884353741,0.0034013605442176,0.1462585034013605,0.0204081632653061,0.0340136054421768,0.0952380952380952,0.2816406506522222,0.0034013605442176,0.1020408163265306,0.5170068027210885,0.0170068027210884,4.752879818594104,0.0340136054421768,0.010204081632653,0.0170068027210884,0.0068027210884353,0.1394557823129251,0.0408163265306122,0.0136054421768707,0.0850340136054421,0.0612244897959183,0.0612244897959183,0.0,0.0782312925170068,0.0,0.0306122448979591,0.0816326530612244,0.173469387755102,0.0680272108843537,0.0034013605442176,0.0850340136054421,0.0,0.0,0.212357601770867,0.3299319727891156,0.0,0.8656384751303118,0.0204081632653061,6.297285714285714,0.0,0.9844541748878484,0.5710366580847959,0.1848125369438495,0.0510204081632653,0.0,0.1088435374149659,15.285714285714286,0.1360544217687075,0.336734693877551,0.0374149659863945,0.0476190476190476,0.0,0.0170068027210884,0.1802721088435374,0.010204081632653,0.4799428850247645,0.0714285714285714,0.0,0.0,0.0034013605442176,0.0884353741496598,0.0,0.0436775186264982,989.0,0.2822189219160975,0.3420832361283323,0.010332738321466,0.1248106802537741,1.091812647411292
m6KXjmpPzvMmmmKFZ,16,17,15,0.6428571428571429,0.7949790794979079,False,15,17,True,6.0,0.4,True,1,False,2,2.0,True,2,2.0,False,True,True,False,False,,,,,,,,,,,,,,,,,,,,,,,,,,,,,,,,,,,,,,,,,,,,,,,,,,,,,,,,,,,,,,,,,,,,,,,,,,,,,,,,,,,,,,,,,,,,,,,,,,,,,,,,,,,,,,,,,,,,,,,,,,,,,,,,,,,,,,,,
m79aZXA4GFZYbdAY4,18,19,17,1.0,0.946236559139785,False,10,19,False,6.9,0.6900000000000001,True,0,True,1,2.0,True,1,1.0,True,False,False,False,False,,,,,,,,,,,,,,,,,,,,,,,,,,,,,,,,,,,,,,,,,,,,,,,,,,,,,,,,,,,,,,,,,,,,,,,,,,,,,,,,,,,,,,,,,,,,,,,,,,,,,,,,,,,,,,,,,,,,,,,,,,,,,,,,,,,,,,,,
mJNRmfWJDaamnzwTd,22,23,21,0.8,0.9565217391304348,True,5,23,True,3.1,0.62,True,0,True,2,6.0,True,2,2.0,True,True,True,True,True,0.8076923076923077,0.5555555555555556,0.4148148148148148,0.263662567943759,1.0691036533427432e-16,0.037037037037037,0.074074074074074,0.0,0.037037037037037,0.5185185185185185,0.4814814814814814,0.1481481481481481,0.0,0.1111111111111111,0.0,0.3703703703703703,0.2592592592592592,0.0,0.074074074074074,0.0,0.4074074074074074,0.074074074074074,0.0,0.037037037037037,0.0,0.0,0.037037037037037,0.037037037037037,0.0,0.3609263396845029,0.074074074074074,4.481481481481482,0.1851851851851851,0.0001606412035721,0.1851851851851851,0.0811167227833894,0.0,0.0,0.019753086419753,0.0,0.037037037037037,0.0,0.0,0.2222222222222222,0.074074074074074,0.0,0.037037037037037,0.074074074074074,0.1111111111111111,0.0,0.0,0.1111111111111111,0.0,0.037037037037037,0.0,0.0,0.1851851851851851,0.0,0.2222222222222222,0.0,0.0,0.037037037037037,-7.401486830834377e-17,0.2640749612009262,0.074074074074074,0.0,1.7407407407407407,0.2222222222222222,0.0,0.2222222222222222,0.037037037037037,0.037037037037037,0.1481481481481481,0.2328877361610642,0.0,0.2592592592592592,0.925925925925926,0.0,4.61,0.074074074074074,0.037037037037037,0.0,0.0,0.4074074074074074,0.0,0.0,0.1481481481481481,0.037037037037037,0.1851851851851851,0.0,0.1111111111111111,0.0,0.037037037037037,0.0,0.2592592592592592,0.037037037037037,0.0,0.1851851851851851,0.0,0.0,0.2846560846560846,0.6296296296296297,0.0,1.634743995510662,0.074074074074074,24.661703703703704,0.0,0.9475308641975309,0.6159867980632089,0.1690640440555634,0.1111111111111111,0.0,0.2592592592592592,18.666666666666668,0.1481481481481481,0.3333333333333333,0.1111111111111111,0.0,0.0,0.0,0.1851851851851851,0.0,0.4314330987356327,0.2222222222222222,0.0,0.0,0.0,0.1851851851851851,0.0,0.1253968253968254,108.0,0.0969836555457744,0.4594396795400722,0.0169983892152421,0.0387924826985125,1.4344010634465083
mTL2sm4xW7z3kXTTn,16,17,15,0.75,0.6985507246376812,True,14,17,False,3.4,0.2428571428571428,False,1,True,4,7.0,False,4,4.0,False,False,False,True,True,0.8888888888888888,0.234375,0.1,-0.2434118492544508,6.661338147750939e-17,0.0,0.0,0.0,0.0,0.7,0.4,0.0,0.0,0.4,0.0,0.2,0.0,0.1,0.1,0.1,0.2,0.0,0.0,0.0,0.0,0.1,0.0,0.0,0.0,-0.2161774614233171,0.0,3.8,0.4,0.0004122584695514,0.0,0.0916666666666666,0.0,0.0,0.0916666666666666,0.0,0.0,0.0,0.0,0.1,0.0,0.0,0.0,0.0,0.4,0.0,0.0,0.1,0.0,0.0,0.0,0.0,0.0,0.0,0.0,0.1,0.0,0.0,8.881784197001253e-17,0.1695662313630866,0.1,0.0,0.5,0.2,0.0,0.0,0.0,0.0,0.0,0.3035370038198346,0.0,0.0,1.2,0.0,5.332,0.0,0.0,0.0,0.0,0.0,0.0,0.0,0.0,0.0,0.2,0.0,0.1,0.0,0.0,0.1,0.2,0.0,0.0,0.4,0.0,0.0,0.3087499999999999,0.2,0.0,0.15872,0.1,10.5186,0.0,0.9875,0.5786873630299274,0.2867636531591415,0.0,0.0,0.0,14.8,0.0,0.5,0.2,0.0,0.0,0.0,0.0,0.0,0.4764316692948341,0.2,0.0,0.0,0.0,0.0,0.0,0.22875,32.0,0.0430065757239832,0.513677122433526,0.0206930192027682,0.009369531295213,1.590692020747725
mYBkJpTk2wbXYs7xE,23,24,22,0.5,0.5310344827586206,False,7,24,False,3.1,0.4428571428571429,True,1,False,3,4.0,True,3,3.0,True,True,True,False,False,,,,,,,,,,,,,,,,,,,,,,,,,,,,,,,,,,,,,,,,,,,,,,,,,,,,,,,,,,,,,,,,,,,,,,,,,,,,,,,,,,,,,,,,,,,,,,,,,,,,,,,,,,,,,,,,,,,,,,,,,,,,,,,,,,,,,,,,
mgmQxmdCniYLRAkeA,26,27,25,0.99,0.9398148148148148,False,18,27,True,12.1,0.6722222222222222,False,1,True,3,7.0,True,3,2.0,False,True,True,False,False,,,,,,,,,,,,,,,,,,,,,,,,,,,,,,,,,,,,,,,,,,,,,,,,,,,,,,,,,,,,,,,,,,,,,,,,,,,,,,,,,,,,,,,,,,,,,,,,,,,,,,,,,,,,,,,,,,,,,,,,,,,,,,,,,,,,,,,,
mv64fBxLLWpniptwg,29,30,28,1.0,0.9822222222222222,True,15,30,False,1.1,0.0733333333333333,True,1,True,3,7.0,True,3,4.0,True,True,True,True,True,0.9111111111111112,0.416269187407857,0.3731406714832129,0.1242135677504017,-1.962825236906354e-17,0.0220994475138121,0.0497237569060773,0.005524861878453,0.0441988950276243,0.7624309392265194,0.4585635359116022,0.1381215469613259,0.0,0.0552486187845303,0.0,0.287292817679558,0.1823204419889502,0.0441988950276243,0.0828729281767955,0.011049723756906,0.3425414364640884,0.0718232044198895,0.0,0.0441988950276243,0.0,0.1049723756906077,0.011049723756906,0.011049723756906,0.0386740331491712,0.0212003109304961,0.011049723756906,5.4088397790055245,0.1215469613259668,0.0013565477448327,0.3425414364640884,0.0531034899964821,0.0276243093922651,0.011049723756906,0.0128608500155461,0.0,0.0552486187845303,0.0,0.005524861878453,0.1602209944751381,0.0994475138121546,0.0441988950276243,0.0662983425414364,0.0994475138121546,0.1270718232044199,0.011049723756906,0.143646408839779,0.1104972375690607,0.0773480662983425,0.0331491712707182,0.005524861878453,0.0,0.2596685082872928,0.0386740331491712,0.149171270718232,0.005524861878453,0.0,0.005524861878453,0.0,0.3115277680806276,0.2154696132596685,0.0,2.1049723756906076,0.5469613259668509,0.011049723756906,0.1104972375690607,0.0386740331491712,0.0331491712707182,0.281767955801105,0.2338054464042946,0.0,0.149171270718232,0.8839779005524862,0.005524861878453,4.6779005524861885,0.0,0.0718232044198895,0.0,0.005524861878453,0.3038674033149171,0.0441988950276243,0.0,0.1823204419889502,0.0828729281767955,0.1215469613259668,0.0,0.1270718232044199,0.005524861878453,0.0331491712707182,0.1325966850828729,0.430939226519337,0.1104972375690607,0.005524861878453,0.1988950276243093,0.0,0.0,0.270902394106814,0.4972375690607735,0.005524861878453,1.4094576227706217,0.011049723756906,7.962823204419889,0.0,0.9866486150464908,0.6006942466378349,0.1774309962043713,0.1325966850828729,0.011049723756906,0.1988950276243093,22.54696132596685,0.1933701657458563,0.4475138121546961,0.154696132596685,0.0828729281767955,0.0,0.0220994475138121,0.2762430939226519,0.011049723756906,0.5188423348642186,0.1049723756906077,0.0220994475138121,0.0,0.0,0.1270718232044199,0.005524861878453,0.1363919582565991,887.0,0.2603575809483518,0.3332569216010708,0.019589004019635,0.0846140619060473,1.2259409666810308
mvL3NN2JMMeuEsjeW,2,3,1,0.6642857142857144,0.6666666666666666,False,7,3,True,1.6,0.2285714285714286,False,1,False,1,3.0,False,1,1.0,True,False,False,False,False,,,,,,,,,,,,,,,,,,,,,,,,,,,,,,,,,,,,,,,,,,,,,,,,,,,,,,,,,,,,,,,,,,,,,,,,,,,,,,,,,,,,,,,,,,,,,,,,,,,,,,,,,,,,,,,,,,,,,,,,,,,,,,,,,,,,,,,,
n6NSi97NRys5B34oj,4,5,3,0.4615384615384615,0.4923076923076923,False,13,5,False,9.0,0.6923076923076923,True,1,False,3,5.0,False,3,3.0,True,True,True,False,False,,,,,,,,,,,,,,,,,,,,,,,,,,,,,,,,,,,,,,,,,,,,,,,,,,,,,,,,,,,,,,,,,,,,,,,,,,,,,,,,,,,,,,,,,,,,,,,,,,,,,,,,,,,,,,,,,,,,,,,,,,,,,,,,,,,,,,,,
nDdpHoeAnBRZw8ZGk,13,14,12,1.0,0.9333333333333332,True,19,14,True,3.8,0.1999999999999999,True,0,False,1,3.0,True,1,1.0,True,True,True,True,True,0.9540229885057472,0.5343934911242604,0.4772727272727273,0.2530513236557278,4.794144879063176e-17,0.0454545454545454,0.1590909090909091,0.0,0.0113636363636363,0.6590909090909091,0.4431818181818182,0.1704545454545454,0.0,0.0454545454545454,0.0,0.2613636363636363,0.1704545454545454,0.0113636363636363,0.0681818181818181,0.0227272727272727,0.2159090909090909,0.0113636363636363,0.0,0.0568181818181818,0.034090909090909,0.034090909090909,0.0,0.0,0.0113636363636363,0.2318815518241115,0.0,4.431818181818182,0.0681818181818181,0.0007119816596462,0.2045454545454545,0.0638036206218024,0.1022727272727272,0.0,0.0267045454545454,0.0,0.0,0.0113636363636363,0.0,0.1363636363636363,0.0909090909090909,0.0227272727272727,0.0113636363636363,0.0113636363636363,0.1363636363636363,0.0113636363636363,0.1704545454545454,0.1022727272727272,0.0795454545454545,0.0909090909090909,0.0,0.0,0.1477272727272727,0.0113636363636363,0.1590909090909091,0.0,0.0113636363636363,0.0227272727272727,2.018587317500285e-17,0.2419461627821594,0.1704545454545454,0.0,1.6363636363636365,0.2613636363636363,0.0113636363636363,0.125,0.0113636363636363,0.0,0.2272727272727272,0.2239792972633295,0.0,0.1136363636363636,0.6136363636363636,0.0,4.894886363636363,0.034090909090909,0.0,0.0113636363636363,0.0,0.1477272727272727,0.0113636363636363,0.0113636363636363,0.0681818181818181,0.0909090909090909,0.0681818181818181,0.0,0.1136363636363636,0.0,0.0113636363636363,0.0909090909090909,0.2159090909090909,0.034090909090909,0.0113636363636363,0.1363636363636363,0.0,0.0,0.1977272727272727,0.375,0.0,2.9560576429883243,0.0113636363636363,10.728193181818185,0.0,0.9939258658008656,0.625418267843626,0.1511395478684624,0.1022727272727272,0.0,0.1704545454545454,18.875,0.1931818181818181,0.4318181818181818,0.0909090909090909,0.0227272727272727,0.0,0.0113636363636363,0.1590909090909091,0.0113636363636363,0.4857381375252523,0.0909090909090909,0.0,0.0,0.0,0.0681818181818181,0.0,0.0775568181818181,338.0,0.1899138919173031,0.6175249792993597,0.0007071246187499,0.0470323163728231,1.524744227213528
nXMoDge4iDeRJenkz,26,27,25,0.55,0.6681481481481482,False,5,27,False,2.0,0.4,False,1,False,1,2.0,False,1,1.0,True,True,True,False,False,,,,,,,,,,,,,,,,,,,,,,,,,,,,,,,,,,,,,,,,,,,,,,,,,,,,,,,,,,,,,,,,,,,,,,,,,,,,,,,,,,,,,,,,,,,,,,,,,,,,,,,,,,,,,,,,,,,,,,,,,,,,,,,,,,,,,,,,
nYdckEbzqQxHPSWrL,28,29,27,0.6923076923076923,0.7369727047146402,False,18,29,True,4.7,0.2611111111111111,True,0,True,2,8.0,True,2,2.0,True,True,True,False,False,,,,,,,,,,,,,,,,,,,,,,,,,,,,,,,,,,,,,,,,,,,,,,,,,,,,,,,,,,,,,,,,,,,,,,,,,,,,,,,,,,,,,,,,,,,,,,,,,,,,,,,,,,,,,,,,,,,,,,,,,,,,,,,,,,,,,,,,
nw9utR2xKSBHTk6zd,13,14,12,0.8,0.8142857142857143,True,10,14,False,4.6,0.4599999999999999,True,0,True,1,3.0,True,1,1.0,True,False,False,True,True,0.7058823529411765,0.5846560846560847,0.4629629629629629,0.228922735065793,4.3175339846533866e-17,0.0,0.1111111111111111,0.0,0.0,0.6666666666666666,0.5,0.1666666666666666,0.0,0.1666666666666666,0.0,0.1666666666666666,0.1111111111111111,0.0,0.0,0.0,0.7222222222222222,0.0,0.0,0.1111111111111111,0.0555555555555555,0.0555555555555555,0.0,0.0,0.0,1.5411748304921469,0.0555555555555555,4.666666666666667,0.0,0.0,0.4444444444444444,0.0805555555555555,0.0,0.0,0.0,0.0,0.1666666666666666,0.0,0.0,0.0,0.1111111111111111,0.0,0.0,0.0,0.0,0.0,0.0,0.1111111111111111,0.0555555555555555,0.0,0.0,0.0,0.3888888888888889,0.0,0.0555555555555555,0.0,0.0555555555555555,0.0,1.8503717077085938e-17,0.3730944929194414,0.0555555555555555,0.0,1.2222222222222223,0.0555555555555555,0.0,0.0,0.0,0.0,0.1666666666666666,0.2536646616375613,0.0,0.0555555555555555,0.4444444444444444,0.0,4.935555555555556,0.1111111111111111,0.1111111111111111,0.0,0.0,0.0555555555555555,0.0,0.0,0.0555555555555555,0.0,0.1666666666666666,0.0,0.0,0.0,0.0,0.0555555555555555,0.0555555555555555,0.0,0.0,0.1666666666666666,0.0,0.0,0.3660493827160493,0.5,0.0,1.395915343915344,0.1111111111111111,37.43655555555556,0.0,0.9444444444444444,0.5675500203528991,0.0295933985617011,0.0,0.0,0.1111111111111111,17.72222222222222,0.2777777777777778,0.5,0.0,0.0,0.0,0.0,0.3888888888888889,0.0,0.2381658755863706,0.1666666666666666,0.0,0.0,0.0,0.0,0.0,0.2249999999999999,63.0,0.0852619004009963,0.6488046769980063,0.010720028835869,0.0385063269334738,1.6002102709853276
nxD5eh2yyd4oZXPP3,3,4,2,0.0,0.1666666666666666,True,3,4,False,1.3,0.4333333333333333,True,1,True,2,3.0,True,2,2.0,False,False,False,True,False,,,,,,,,,,,,,,,,,,,,,,,,,,,,,,,,,,,,,,,,,,,,,,,,,,,,,,,,,,,,,,,,,,,,,,,,,,,,,,,,,,,,,,,,,,,,,,,,,,,,,,,,,,,,,,,,,,,,,,,,,,,,,,,,,,,,,,,,
nzrJESnooSzpS6shD,8,9,7,0.8333333333333334,0.7407407407407407,True,6,9,False,3.7,0.6166666666666667,True,1,True,2,3.0,False,2,1.0,False,False,False,True,True,0.7567567567567568,0.5546737213403881,0.4912280701754385,0.079695954586709,-3.505967446184705e-17,0.0526315789473684,0.1842105263157894,0.0263157894736842,0.0263157894736842,0.868421052631579,0.4210526315789473,0.2368421052631578,0.0,0.1842105263157894,0.0,0.4473684210526316,0.1842105263157894,0.0,0.1842105263157894,0.0263157894736842,0.2368421052631578,0.0263157894736842,0.0,0.0,0.0,0.0789473684210526,0.0,0.0,0.0,-0.2557927246826361,0.0,5.368421052631579,0.1578947368421052,0.011164274322169,0.2368421052631578,0.0462206652996126,0.0526315789473684,0.131578947368421,0.0219298245614035,0.0,0.0,0.0263157894736842,0.0,0.2631578947368421,0.0526315789473684,0.0263157894736842,0.0526315789473684,0.1578947368421052,0.2105263157894736,0.0263157894736842,0.131578947368421,0.0789473684210526,0.0789473684210526,0.0526315789473684,0.0263157894736842,0.0,0.2105263157894736,0.0,0.131578947368421,0.0,0.0,0.0,-1.8698493046318422e-16,0.1705808805625523,0.1842105263157894,0.0,2.3684210526315788,0.3157894736842105,0.0,0.2368421052631578,0.0,0.0789473684210526,0.2105263157894736,0.1942248933005705,0.0,0.131578947368421,1.0789473684210529,0.0,5.090526315789473,0.0,0.0,0.0,0.0263157894736842,0.1578947368421052,0.0526315789473684,0.0263157894736842,0.131578947368421,0.0789473684210526,0.1578947368421052,0.0,0.1842105263157894,0.0,0.0526315789473684,0.0789473684210526,0.2105263157894736,0.0789473684210526,0.0,0.2368421052631578,0.0,0.0,0.2305659983291562,0.4210526315789473,0.0,2.730493478013215,0.0,12.153815789473684,0.0,0.9836143388774968,0.6192216752625271,0.2469385824607391,0.2105263157894736,0.0,0.2368421052631578,24.36842105263158,0.1578947368421052,0.6842105263157895,0.2105263157894736,0.0,0.0,0.0263157894736842,0.2368421052631578,0.0,0.527425148377293,0.0789473684210526,0.0263157894736842,0.0,0.0,0.1578947368421052,0.0,0.0718984962406015,189.0,0.1450386248780609,0.5781189549219262,0.000896061003161,0.0516693681413121,1.4537554884100214
oEkrWYrRhfFTo4uNJ,26,27,25,0.5,0.758641975308642,True,3,27,True,1.0,0.3333333333333333,False,0,True,2,5.0,True,2,3.0,False,False,False,True,False,,,,,,,,,,,,,,,,,,,,,,,,,,,,,,,,,,,,,,,,,,,,,,,,,,,,,,,,,,,,,,,,,,,,,,,,,,,,,,,,,,,,,,,,,,,,,,,,,,,,,,,,,,,,,,,,,,,,,,,,,,,,,,,,,,,,,,,,
oGqLmDLq3k9iK2sax,2,3,1,1.0,1.0,True,3,3,False,1.9,0.6333333333333333,True,1,True,1,4.0,False,1,1.0,False,False,False,True,False,,,,,,,,,,,,,,,,,,,,,,,,,,,,,,,,,,,,,,,,,,,,,,,,,,,,,,,,,,,,,,,,,,,,,,,,,,,,,,,,,,,,,,,,,,,,,,,,,,,,,,,,,,,,,,,,,,,,,,,,,,,,,,,,,,,,,,,,
oPusQPwZpXqkmK6ZF,17,18,16,0.6666666666666666,0.4770642201834862,False,11,18,False,1.5,0.1363636363636363,True,1,False,4,6.0,False,4,5.0,True,True,True,False,False,,,,,,,,,,,,,,,,,,,,,,,,,,,,,,,,,,,,,,,,,,,,,,,,,,,,,,,,,,,,,,,,,,,,,,,,,,,,,,,,,,,,,,,,,,,,,,,,,,,,,,,,,,,,,,,,,,,,,,,,,,,,,,,,,,,,,,,,
ohhPLT4kk6Zhgn4yF,15,16,14,0.665,0.639375,True,10,16,True,2.8,0.2799999999999999,False,1,False,2,5.0,False,2,1.0,True,False,False,True,True,0.8823529411764706,0.3684210526315789,0.3111111111111111,0.046792003326711,1.2335811384723962e-16,0.0555555555555555,0.0555555555555555,0.0,0.0,0.1666666666666666,0.1111111111111111,0.0,0.0,0.0,0.0,0.0555555555555555,0.0555555555555555,0.0,0.0,0.0,0.1111111111111111,0.0,0.0,0.0,0.0,0.0,0.0,0.0,0.0555555555555555,-0.0742039685586535,0.0,2.3333333333333335,0.0,0.0010516766241957,0.1666666666666666,0.0185185185185185,0.0,0.0,0.0555555555555555,0.0,0.0,0.0555555555555555,0.0,0.0,0.0,0.0,0.0,0.0,0.0,0.0,0.0555555555555555,0.1666666666666666,0.0,0.1666666666666666,0.0,0.0,0.1111111111111111,0.0555555555555555,0.0,0.0,0.0,0.0,-1.9737298215558335e-16,0.3886201088720693,0.0,0.0,0.6666666666666666,0.1111111111111111,0.0,0.0555555555555555,0.0,0.0,0.2222222222222222,0.297882087992925,0.0,0.0,0.1666666666666666,0.0,4.854444444444444,0.1111111111111111,0.0,0.0,0.0,0.0,0.0,0.0,0.0,0.0555555555555555,0.1111111111111111,0.0,0.0,0.0,0.0,0.0,0.1111111111111111,0.0,0.0,0.1111111111111111,0.0,0.0,0.0694444444444444,0.0555555555555555,0.0,0.5991462962962961,0.0555555555555555,29.84733333333333,0.0,0.9888888888888888,0.5737271816329974,0.1376479528844356,0.0,0.0,0.0,9.27777777777778,0.0,0.1111111111111111,0.0,0.0,0.0,0.0,0.1111111111111111,0.0,0.5855219198597802,0.1111111111111111,0.0,0.0,0.0,0.1666666666666666,0.0,0.0583333333333333,38.0,0.0492219530493001,0.4668322444130925,0.021019831039955,0.0104081591291427,1.543281960460431
oks7g8RobZHoggvxs,17,18,16,1.0,0.7777777777777778,False,6,18,False,3.3,0.5499999999999999,True,1,True,2,5.0,False,2,3.0,False,False,False,False,False,,,,,,,,,,,,,,,,,,,,,,,,,,,,,,,,,,,,,,,,,,,,,,,,,,,,,,,,,,,,,,,,,,,,,,,,,,,,,,,,,,,,,,,,,,,,,,,,,,,,,,,,,,,,,,,,,,,,,,,,,,,,,,,,,,,,,,,,
oxXs2x9cdabyzpNX3,6,7,5,0.795,0.8085714285714286,True,10,7,False,2.3,0.2299999999999999,False,1,False,3,10.0,True,3,2.0,False,False,False,True,True,1.0,0.4458398744113029,0.3636363636363636,0.0821037674715022,-3.027880976250427e-17,0.0,0.0,0.0,0.0,0.3636363636363636,0.2272727272727272,0.0454545454545454,0.0,0.0,0.0454545454545454,0.2272727272727272,0.0454545454545454,0.0,0.0454545454545454,0.0,0.1818181818181818,0.0,0.0,0.0454545454545454,0.0,0.0454545454545454,0.0,0.0,0.0,0.9144212847137212,0.0,5.590909090909091,0.0,0.0013582797673706,0.1363636363636363,0.0508658008658008,0.1818181818181818,0.0,0.034090909090909,0.0,0.0,0.0,0.0909090909090909,0.0454545454545454,0.1363636363636363,0.0,0.0,0.0454545454545454,0.0909090909090909,0.0,0.1363636363636363,0.0,0.0,0.0909090909090909,0.0,0.0,0.1363636363636363,0.0,0.1363636363636363,0.0454545454545454,0.0454545454545454,0.0,-6.055761952500852e-17,0.2736292446361617,0.0909090909090909,0.0,2.090909090909091,1.0,0.0,0.0454545454545454,0.0,0.0,0.0454545454545454,0.2926855942934887,0.0,0.0454545454545454,0.5454545454545454,0.0,4.818636363636363,0.0,0.0,0.0,0.0,0.0454545454545454,0.0,0.0,0.1363636363636363,0.0,0.4090909090909091,0.0,0.0909090909090909,0.0454545454545454,0.0,0.0,0.6363636363636364,0.0,0.0,0.1818181818181818,0.0,0.0,0.0734848484848484,0.1363636363636363,0.0,0.4474400432900433,0.0,14.612772727272729,0.0,0.987121212121212,0.5596469426375074,0.0934871504485437,0.5,0.0,0.0909090909090909,17.772727272727273,0.2272727272727272,0.4090909090909091,0.0454545454545454,0.0,0.0,0.0,0.1363636363636363,0.0,0.35096766020764,0.1363636363636363,0.0,0.0,0.0,0.0454545454545454,0.0,0.0568181818181818,91.0,0.0786315370577361,0.6189658559620254,0.0035727598712938,0.0639325339743644,1.4132373347496778
pA5MPPotFbF5Nog8s,2,3,1,0.6666666666666666,0.6944444444444444,True,12,3,True,4.3,0.3583333333333333,True,1,False,2,6.0,False,2,3.0,False,True,True,True,False,,,,,,,,,,,,,,,,,,,,,,,,,,,,,,,,,,,,,,,,,,,,,,,,,,,,,,,,,,,,,,,,,,,,,,,,,,,,,,,,,,,,,,,,,,,,,,,,,,,,,,,,,,,,,,,,,,,,,,,,,,,,,,,,,,,,,,,,
pHo5sM3GN95nWxQqj,5,6,4,1.0,0.93,True,17,6,True,3.2,0.188235294117647,True,0,True,2,4.0,True,2,2.0,True,True,True,True,True,0.9629629629629628,0.5006131207847946,0.4454545454545454,0.1225742706060149,-4.4787406107037556e-17,0.0,0.0727272727272727,0.0,0.0,0.6181818181818182,0.4363636363636363,0.0909090909090909,0.0,0.0545454545454545,0.0,0.1454545454545454,0.0363636363636363,0.0,0.0909090909090909,0.0545454545454545,0.2363636363636363,0.0181818181818181,0.0181818181818181,0.0727272727272727,0.0,0.0363636363636363,0.0,0.0363636363636363,0.0727272727272727,0.3144577103258296,0.0,5.0181818181818185,0.1272727272727272,0.0092511706206826,0.3636363636363636,0.012621015348288,0.0909090909090909,0.0,0.0239393939393939,0.0,0.109090909090909,0.0181818181818181,0.0,0.0545454545454545,0.0909090909090909,0.0363636363636363,0.0181818181818181,0.0545454545454545,0.0545454545454545,0.0181818181818181,0.0727272727272727,0.0545454545454545,0.0363636363636363,0.0545454545454545,0.0,0.0,0.2,0.0181818181818181,0.0363636363636363,0.0,0.0363636363636363,0.0363636363636363,-4.4408920985006264e-17,0.3393616444751327,0.2,0.0,1.818181818181818,0.4909090909090909,0.0,0.1272727272727272,0.0181818181818181,0.0727272727272727,0.2909090909090909,0.2562686326213265,0.0,0.0545454545454545,0.6363636363636364,0.0181818181818181,4.795454545454546,0.0,0.0181818181818181,0.0,0.0,0.109090909090909,0.0545454545454545,0.0181818181818181,0.1636363636363636,0.0363636363636363,0.2181818181818181,0.0,0.109090909090909,0.0,0.0,0.0545454545454545,0.4727272727272727,0.0545454545454545,0.0,0.1454545454545454,0.0,0.0181818181818181,0.3208261183261183,0.2909090909090909,0.0,1.0710764160401005,0.0,8.8718,0.0,0.9393028024606972,0.603279414611835,0.1976588996804573,0.2181818181818181,0.0,0.1272727272727272,19.854545454545455,0.109090909090909,0.509090909090909,0.0363636363636363,0.0,0.0727272727272727,0.0181818181818181,0.2,0.0,0.4159387632527134,0.0909090909090909,0.0181818181818181,0.0,0.0,0.0363636363636363,0.0,0.0891341991341991,233.0,0.1504783376094736,0.6325781993173942,0.0066020525766447,0.0399532628116687,1.5162552839178662
pa4876QCSBF656G3b,25,26,24,0.8571428571428571,0.914010989010989,True,7,26,True,2.1,0.3,False,1,True,1,2.0,False,1,1.0,True,False,False,True,True,0.8333333333333334,0.6736111111111112,0.4066666666666667,0.1921319483393432,1.0658141036401501e-16,0.0,0.32,0.0,0.0,0.8,0.36,0.24,0.0,0.2,0.0,0.12,0.2,0.0,0.04,0.0,0.2,0.0,0.0,0.04,0.0,0.28,0.0,0.0,0.0,-0.0817531565962908,0.04,6.8,0.24,0.0064412613702735,0.08,0.0477777777777777,0.0,0.04,0.1044444444444444,0.0,0.0,0.0,0.0,0.24,0.08,0.08,0.04,0.16,0.12,0.0,0.04,0.2,0.0,0.0,0.0,0.0,0.12,0.0,0.12,0.0,0.04,0.04,-1.8207657603852566e-16,0.282716416394095,0.32,0.0,2.4,0.84,0.0,0.0,0.0,0.0,0.04,0.3005781829863149,0.0,0.08,1.04,0.0,4.7,0.04,0.0,0.0,0.0,0.08,0.0,0.0,0.08,0.08,0.08,0.0,0.28,0.0,0.0,0.0,0.68,0.08,0.0,0.2,0.0,0.08,0.173,0.6,0.0,2.362032210526316,0.04,54.42964,0.0,0.9820470085470084,0.5565096164532773,0.1894293888285756,0.08,0.0,0.32,29.88,0.2,0.68,0.16,0.0,0.0,0.04,0.12,0.0,0.5358687722682953,0.2,0.0,0.0,0.0,0.2,0.0,0.092,144.0,0.1110248995221336,0.5626621272383875,0.007340293990355,0.0505079281702614,1.3747008967828314
pjLxDGMePZdh4Ttvm,22,23,21,0.4545454545454545,0.4474708171206226,False,12,23,True,1.5,0.125,True,1,True,1,1.0,False,1,1.0,False,True,True,False,False,,,,,,,,,,,,,,,,,,,,,,,,,,,,,,,,,,,,,,,,,,,,,,,,,,,,,,,,,,,,,,,,,,,,,,,,,,,,,,,,,,,,,,,,,,,,,,,,,,,,,,,,,,,,,,,,,,,,,,,,,,,,,,,,,,,,,,,,
puakCsf4JEpsKkSQD,4,5,3,0.5714285714285714,0.7428571428571429,True,8,5,False,1.2,0.15,True,0,False,2,7.0,False,2,3.0,True,False,False,True,True,0.9333333333333332,0.226890756302521,0.25,0.0410370843392255,0.0,0.0,0.0,0.0,0.0,0.375,0.3125,0.25,0.0,0.0,0.0,0.1875,0.1875,0.0625,0.0625,0.0,0.375,0.0625,0.0,0.0,0.0,0.0,0.0,0.0,0.0,0.6354503586926887,0.0,4.6875,0.125,0.0011384224599272,0.3125,0.0608630952380952,0.0,0.0,0.1,0.0,0.25,0.0,0.0,0.3125,0.0625,0.0625,0.0625,0.125,0.125,0.0,0.0625,0.0625,0.125,0.25,0.0,0.0,0.3125,0.0625,0.0625,0.0,0.0,0.0,-3.4694469519536136e-17,0.4146801037429012,0.1875,0.0,1.375,0.5,0.0,0.0625,0.0,0.0,0.125,0.2643244918260894,0.0,0.0625,0.9375,0.0,4.5356250000000005,0.0625,0.0625,0.0,0.0,0.125,0.0625,0.0,0.0625,0.0,0.25,0.0,0.125,0.0,0.0625,0.1875,0.375,0.125,0.0,0.3125,0.0,0.0,0.3385912698412698,0.3125,0.0,0.8910327380952381,0.0625,14.3154375,0.0,0.9375,0.6161939560391603,0.118459258112125,0.1875,0.0,0.25,19.5,0.3125,0.25,0.125,0.0,0.0,0.0,0.4375,0.0,0.4046435540076345,0.25,0.0,0.0,0.0,0.125,0.0,0.1882440476190476,68.0,0.0952082075735004,0.6773254503869675,0.0432644003024307,0.0094853553444026,1.749021403972269
puq8vZ5ztaYYad4dk,14,15,13,0.6666666666666666,0.8021978021978022,False,7,15,True,2.5,0.3571428571428571,True,1,False,2,7.0,True,2,2.0,False,True,True,False,False,,,,,,,,,,,,,,,,,,,,,,,,,,,,,,,,,,,,,,,,,,,,,,,,,,,,,,,,,,,,,,,,,,,,,,,,,,,,,,,,,,,,,,,,,,,,,,,,,,,,,,,,,,,,,,,,,,,,,,,,,,,,,,,,,,,,,,,,
qZvcRkfqMuMNcGtqA,20,21,19,0.6849999999999999,0.8166666666666667,False,11,21,True,3.3,0.3,False,1,True,2,3.0,True,2,1.0,True,False,False,False,False,,,,,,,,,,,,,,,,,,,,,,,,,,,,,,,,,,,,,,,,,,,,,,,,,,,,,,,,,,,,,,,,,,,,,,,,,,,,,,,,,,,,,,,,,,,,,,,,,,,,,,,,,,,,,,,,,,,,,,,,,,,,,,,,,,,,,,,,
qgiJN3G2M3RqmC4ea,15,16,14,0.925,0.7681347150259067,False,16,16,True,6.4,0.4,False,0,False,1,2.0,True,1,1.0,False,False,False,False,False,,,,,,,,,,,,,,,,,,,,,,,,,,,,,,,,,,,,,,,,,,,,,,,,,,,,,,,,,,,,,,,,,,,,,,,,,,,,,,,,,,,,,,,,,,,,,,,,,,,,,,,,,,,,,,,,,,,,,,,,,,,,,,,,,,,,,,,,
qgtPQJEH6uYFjDsiZ,10,11,9,0.4785714285714286,0.6032467532467533,True,7,11,False,4.3,0.6142857142857142,False,0,True,2,3.0,False,2,3.0,False,True,True,True,False,,,,,,,,,,,,,,,,,,,,,,,,,,,,,,,,,,,,,,,,,,,,,,,,,,,,,,,,,,,,,,,,,,,,,,,,,,,,,,,,,,,,,,,,,,,,,,,,,,,,,,,,,,,,,,,,,,,,,,,,,,,,,,,,,,,,,,,,
qh3hNaLaiXai2Mqa7,7,8,6,0.9230769230769232,0.8371428571428572,True,14,8,True,3.1,0.2214285714285714,False,1,False,1,2.0,True,1,1.0,True,False,False,True,True,1.0,0.3376436781609195,0.1875,-0.08052713988435,0.0,0.0,0.0,0.0,0.0625,1.0,0.9375,0.1875,0.0,0.125,0.0,0.375,0.25,0.0,0.0,0.0625,0.4375,0.0,0.0,0.125,0.0,0.0,0.0,0.0,0.0,1.2879948632798432,0.125,5.9375,0.0,0.0006609561832784,0.375,0.0901785714285714,0.0,0.0,0.0625,0.0,0.0,0.0,0.0,0.125,0.125,0.125,0.0,0.0625,0.125,0.0,0.0625,0.0,0.0625,0.0,0.0,0.0,0.25,0.125,0.1875,0.0,0.0,0.0,1.3877787807814457e-17,0.21941092117914,0.25,0.0,1.9375,0.5,0.0,0.0,0.0625,0.0,0.25,0.2094394579967273,0.0,0.4375,0.9375,0.0,4.909375000000001,0.0,0.0625,0.0,0.0,0.5,0.0,0.0,0.125,0.0625,0.1875,0.0,0.125,0.0,0.0625,0.0625,0.3125,0.125,0.0,0.125,0.0,0.0,0.23515625,0.75,0.0,1.8876238095238096,0.0,12.7290625,0.0,0.986904761904762,0.6138127777487863,0.0680323953711194,0.125,0.0625,0.1875,25.125,0.3125,0.375,0.0,0.0625,0.0,0.0625,0.3125,0.0,0.2711038567358628,0.125,0.0,0.0,0.0,0.125,0.0,0.18125,87.0,0.1168843910509278,0.7058122802607628,0.0020559911370715,0.0234157498760041,1.648348473074129
qoqdEsn9j5ewan9DG,17,18,16,0.5882352941176471,0.7096774193548387,False,18,18,True,9.1,0.5055555555555555,True,1,False,4,8.0,False,4,4.0,True,False,False,False,False,,,,,,,,,,,,,,,,,,,,,,,,,,,,,,,,,,,,,,,,,,,,,,,,,,,,,,,,,,,,,,,,,,,,,,,,,,,,,,,,,,,,,,,,,,,,,,,,,,,,,,,,,,,,,,,,,,,,,,,,,,,,,,,,,,,,,,,,
qvuPwocGXob6tJYLA,25,26,24,1.0,0.9134615384615384,True,4,26,True,1.8,0.45,False,1,False,3,5.0,True,3,3.0,False,True,True,True,True,0.0,0.0,0.0,0.0,,0.0,0.0,0.0,0.0,0.0,0.0,0.0,0.0,0.0,0.0,0.0,0.0,0.0,0.0,0.0,0.0,0.0,0.0,0.0,0.0,0.0,0.0,0.0,0.0,2.2842577687636623,0.0,2.0,0.0,0.0,0.0,0.0,0.0,0.0,0.0,0.0,0.0,0.0,0.0,0.0,0.0,0.0,0.0,0.0,0.0,0.0,0.0,0.0,0.0,0.0,0.0,0.0,0.0,0.0,0.0,0.0,0.0,0.0,,0.0,0.0,0.0,0.0,0.0,0.0,0.0,0.0,0.0,0.0,0.0,0.0,0.0,0.0,0.0,4.5,0.0,1.0,0.0,0.0,0.0,0.0,0.0,0.0,0.0,0.0,0.0,0.0,0.0,0.0,0.0,0.0,0.0,0.0,0.0,0.0,0.0,1.0,0.0,0.0,0.0496,0.0,0.0,0.0,0.0,0.0,0.0118714347481727,0.0,0.0,0.0,2.0,0.0,0.0,0.0,0.0,0.0,0.0,0.0,0.0,0.046396505087614,0.0,0.0,0.0,0.0,0.0,0.0,0.5,1.0,0.0,0.0,0.0,0.0,0.0
qwTuAqnvcuJee2e4j,9,10,8,1.0,0.9666666666666668,True,9,10,False,5.9,0.6555555555555556,True,1,True,3,7.0,True,3,2.0,True,True,True,True,True,0.75,0.4090909090909091,0.4215686274509804,-0.0396753415832471,3.265361837132814e-17,0.0,0.0,0.0,0.0,0.2352941176470588,0.0588235294117647,0.0,0.0,0.0,0.0,0.1176470588235294,0.0,0.0,0.0588235294117647,0.0,0.0,0.0,0.0,0.0588235294117647,0.0,0.0,0.0,0.0,0.0,0.707917708098695,0.0,2.9411764705882355,0.0,0.0,0.0,0.0147058823529411,0.0588235294117647,0.0,0.0,0.0,0.1764705882352941,0.0588235294117647,0.0,0.0588235294117647,0.0,0.0,0.0,0.0,0.0588235294117647,0.0588235294117647,0.1764705882352941,0.0588235294117647,0.0588235294117647,0.0,0.0,0.0,0.0588235294117647,0.0588235294117647,0.0,0.0,0.0,0.0,-7.836868409118753e-17,0.1808007723701662,0.0,0.0,0.5882352941176471,0.2352941176470588,0.0,0.1764705882352941,0.0588235294117647,0.0,0.0,0.1989118648444452,0.0588235294117647,0.0,0.1176470588235294,0.0,4.5627450980392155,0.0588235294117647,0.0588235294117647,0.0588235294117647,0.0,0.1176470588235294,0.0588235294117647,0.0,0.1176470588235294,0.0588235294117647,0.0,0.0,0.0,0.0,0.0,0.0588235294117647,0.1176470588235294,0.0,0.0,0.1176470588235294,0.0,0.0,0.1578431372549019,0.0,0.0,1.762537254901961,0.0,19.91729411764706,0.0,0.7573529411764706,0.5535395111255452,0.1495457850670551,0.0,0.0,0.0,8.411764705882353,0.0588235294117647,0.1176470588235294,0.0,0.0,0.0,0.0,0.0588235294117647,0.0,0.3531268988462055,0.0,0.0,0.0,0.0,0.0588235294117647,0.0,0.038235294117647,33.0,0.0369278557219384,0.6182632799117015,0.0100943112264358,0.0612693773861858,1.390055194145738
qzrxrSMfsZKreEMsQ,24,25,23,1.0,0.935,True,2,25,True,1.4,0.7,False,1,True,3,11.0,False,3,2.0,False,True,True,True,False,,,,,,,,,,,,,,,,,,,,,,,,,,,,,,,,,,,,,,,,,,,,,,,,,,,,,,,,,,,,,,,,,,,,,,,,,,,,,,,,,,,,,,,,,,,,,,,,,,,,,,,,,,,,,,,,,,,,,,,,,,,,,,,,,,,,,,,,
rLfWgm9HQ329HKqvJ,13,14,12,0.8571428571428571,0.8520408163265306,True,14,14,True,1.5,0.1071428571428571,True,0,True,3,12.0,False,3,2.0,False,False,False,True,True,0.8928571428571429,0.4934374480810766,0.3784887678692989,0.0467103322104634,-1.2772477274448705e-17,0.0176991150442477,0.079646017699115,0.0,0.0088495575221238,0.5221238938053098,0.3539823008849557,0.1592920353982301,0.0,0.1061946902654867,0.0088495575221238,0.2035398230088495,0.1327433628318584,0.0442477876106194,0.0442477876106194,0.0353982300884955,0.1946902654867256,0.0176991150442477,0.0088495575221238,0.0530973451327433,0.0088495575221238,0.0353982300884955,0.0,0.0176991150442477,0.0530973451327433,-0.100732723549746,0.0,4.716814159292035,0.0973451327433628,0.0019616951177782,0.2566371681415929,0.0251443001443001,0.0707964601769911,0.079646017699115,0.0104630374541878,0.0,0.0176991150442477,0.0088495575221238,0.0088495575221238,0.0973451327433628,0.079646017699115,0.0176991150442477,0.0176991150442477,0.0265486725663716,0.079646017699115,0.0088495575221238,0.1061946902654867,0.1061946902654867,0.1327433628318584,0.0353982300884955,0.0176991150442477,0.0,0.1504424778761062,0.0088495575221238,0.0442477876106194,0.0,0.0265486725663716,0.0088495575221238,-7.614361452075188e-17,0.2263363654349988,0.0973451327433628,0.0,1.9380530973451329,0.3982300884955752,0.0530973451327433,0.1946902654867256,0.0442477876106194,0.0530973451327433,0.1858407079646017,0.1983050423791207,0.0,0.0530973451327433,0.8053097345132744,0.0353982300884955,4.70570796460177,0.0265486725663716,0.0,0.0088495575221238,0.0530973451327433,0.1592920353982301,0.0442477876106194,0.0088495575221238,0.1150442477876106,0.079646017699115,0.2123893805309734,0.0,0.1504424778761062,0.0,0.0176991150442477,0.2035398230088495,0.336283185840708,0.0530973451327433,0.0,0.1238938053097345,0.0088495575221238,0.0,0.22733266610479,0.4601769911504424,0.0,1.090814032869785,0.0176991150442477,7.350938053097344,0.0088495575221238,0.99343977065216,0.6227896119921391,0.2332597791744742,0.1504424778761062,0.0,0.1769911504424778,18.115044247787612,0.1946902654867256,0.3451327433628318,0.079646017699115,0.0619469026548672,0.0,0.0707964601769911,0.1769911504424778,0.0,0.4973891372174288,0.079646017699115,0.0,0.0,0.0,0.1061946902654867,0.0,0.0365412979351032,463.0,0.2151205678835489,0.4594972424327464,0.0019052997200746,0.0450962757018727,1.388834401321549
rS6Mo9aTLLyZ7HXDD,28,29,27,0.625,0.6936170212765957,False,18,29,True,4.7,0.2611111111111111,True,0,False,2,8.0,True,2,2.0,True,True,True,False,False,,,,,,,,,,,,,,,,,,,,,,,,,,,,,,,,,,,,,,,,,,,,,,,,,,,,,,,,,,,,,,,,,,,,,,,,,,,,,,,,,,,,,,,,,,,,,,,,,,,,,,,,,,,,,,,,,,,,,,,,,,,,,,,,,,,,,,,,
rWG5mpMf99HY9uHY9,18,19,17,0.0,0.0789473684210526,True,2,19,True,1.3,0.65,True,0,True,2,4.0,True,2,3.0,True,True,True,True,False,,,,,,,,,,,,,,,,,,,,,,,,,,,,,,,,,,,,,,,,,,,,,,,,,,,,,,,,,,,,,,,,,,,,,,,,,,,,,,,,,,,,,,,,,,,,,,,,,,,,,,,,,,,,,,,,,,,,,,,,,,,,,,,,,,,,,,,,
rY7uJPjekmRnkdPpP,20,21,19,0.3136363636363636,0.5028138528138528,False,11,21,True,3.3,0.3,False,1,False,2,3.0,True,2,1.0,True,False,False,False,False,,,,,,,,,,,,,,,,,,,,,,,,,,,,,,,,,,,,,,,,,,,,,,,,,,,,,,,,,,,,,,,,,,,,,,,,,,,,,,,,,,,,,,,,,,,,,,,,,,,,,,,,,,,,,,,,,,,,,,,,,,,,,,,,,,,,,,,,
rbhhLEyNwTbnqKWMf,19,20,18,0.8125,0.85625,True,16,20,False,3.5,0.21875,True,1,False,2,7.0,False,2,3.0,False,False,False,True,True,0.9506172839506172,0.3712273641851106,0.3188153310104529,0.2478849940003776,5.95729427847645e-17,0.0,0.024390243902439,0.0,0.0121951219512195,0.7195121951219512,0.524390243902439,0.1707317073170731,0.0,0.073170731707317,0.0,0.2682926829268293,0.2195121951219512,0.0121951219512195,0.0853658536585365,0.048780487804878,0.2195121951219512,0.0609756097560975,0.0,0.1463414634146341,0.0,0.048780487804878,0.024390243902439,0.0,0.0121951219512195,-0.0944929830083191,0.024390243902439,5.878048780487805,0.1219512195121951,0.0015528527105917,0.1951219512195122,0.0542212191602435,0.0609756097560975,0.0,0.0426151761517615,0.0,0.0121951219512195,0.024390243902439,0.0,0.1097560975609756,0.048780487804878,0.048780487804878,0.0609756097560975,0.1097560975609756,0.1707317073170731,0.024390243902439,0.0975609756097561,0.0609756097560975,0.1219512195121951,0.0365853658536585,0.0,0.0,0.1341463414634146,0.024390243902439,0.1585365853658536,0.0609756097560975,0.0121951219512195,0.048780487804878,-5.2126324936668926e-17,0.2146920525452999,0.1219512195121951,0.0,2.182926829268293,0.4634146341463415,0.0,0.1585365853658536,0.0121951219512195,0.0365853658536585,0.3048780487804878,0.1949071237161802,0.0,0.1341463414634146,0.7926829268292683,0.0,4.760548780487805,0.0121951219512195,0.048780487804878,0.0121951219512195,0.0,0.2804878048780488,0.1219512195121951,0.0,0.2317073170731707,0.048780487804878,0.048780487804878,0.0,0.0853658536585365,0.0,0.0365853658536585,0.1463414634146341,0.4268292682926829,0.0975609756097561,0.0,0.2804878048780488,0.0,0.0,0.2369241192411924,0.3414634146341463,0.0,1.9488847992116285,0.0,12.245402439024389,0.0,0.9753088375039596,0.6489914853009648,0.2399089902997153,0.1463414634146341,0.0,0.1463414634146341,25.67073170731707,0.3170731707317073,0.524390243902439,0.0975609756097561,0.073170731707317,0.0,0.0365853658536585,0.1585365853658536,0.0121951219512195,0.4889808147691372,0.1463414634146341,0.0,0.0,0.0,0.048780487804878,0.0,0.0268631436314363,426.0,0.2366351816596379,0.5606099104940336,0.0008519425046201,0.0233571906398922,1.5177544282078623
rfFHcr4WE3RFih8vJ,3,4,2,1.0,1.0,False,6,4,True,1.5,0.25,True,0,False,2,8.0,False,2,2.0,True,True,True,False,False,,,,,,,,,,,,,,,,,,,,,,,,,,,,,,,,,,,,,,,,,,,,,,,,,,,,,,,,,,,,,,,,,,,,,,,,,,,,,,,,,,,,,,,,,,,,,,,,,,,,,,,,,,,,,,,,,,,,,,,,,,,,,,,,,,,,,,,,
rqeStug79wtjBMYn5,14,15,13,0.5,0.5967078189300411,True,19,15,True,8.9,0.4684210526315789,True,0,False,2,4.0,False,2,1.0,True,True,True,True,True,0.9761904761904762,0.4964244521337947,0.4682414698162729,0.0524774640753825,-5.594824691024411e-17,0.0236220472440944,0.0944881889763779,0.0,0.0236220472440944,0.8188976377952756,0.5826771653543307,0.2519685039370078,0.0,0.0944881889763779,0.0,0.3779527559055118,0.1653543307086614,0.0078740157480314,0.0393700787401574,0.0236220472440944,0.1889763779527559,0.0157480314960629,0.0157480314960629,0.0551181102362204,0.0,0.0393700787401574,0.0,0.0078740157480314,0.0,-0.2229554781810927,0.0,5.149606299212598,0.1023622047244094,0.0003161744939154,0.1811023622047244,0.0386430640020264,0.0708661417322834,0.0236220472440944,0.0098425196850393,0.0157480314960629,0.0314960629921259,0.0,0.0,0.1496062992125984,0.0866141732283464,0.0236220472440944,0.0314960629921259,0.0866141732283464,0.1732283464566929,0.0078740157480314,0.1181102362204724,0.1259842519685039,0.0236220472440944,0.0629921259842519,0.0078740157480314,0.0,0.1338582677165354,0.0,0.1259842519685039,0.0,0.0236220472440944,0.0,-1.638699018999508e-16,0.257781076077852,0.1889763779527559,0.0078740157480314,2.125984251968504,0.3385826771653543,0.0,0.0866141732283464,0.0393700787401574,0.0472440944881889,0.1181102362204724,0.1929556043456628,0.0,0.1338582677165354,0.9212598425196852,0.0078740157480314,4.683031496062992,0.0551181102362204,0.0078740157480314,0.0,0.0,0.1968503937007874,0.0236220472440944,0.0,0.1259842519685039,0.0393700787401574,0.1181102362204724,0.0,0.2047244094488189,0.0,0.0314960629921259,0.0393700787401574,0.2440944881889764,0.0472440944881889,0.0078740157480314,0.1259842519685039,0.0,0.0,0.2729054701495647,0.5354330708661418,0.0,1.5219827107507282,0.0472440944881889,8.341874015748033,0.0,0.9942879299178512,0.6050485279622787,0.2436327465120556,0.1181102362204724,0.0,0.2677165354330709,21.834645669291337,0.2992125984251969,0.6456692913385826,0.0944881889763779,0.0787401574803149,0.0,0.0551181102362204,0.1496062992125984,0.0314960629921259,0.5214734433556166,0.1181102362204724,0.0,0.0,0.0,0.0393700787401574,0.0,0.152826209223847,578.0,0.2377439569832143,0.5517609492348866,0.0004820917433671,0.0993559178210238,1.256475933856453
ryCucwLMzEkT2Ciju,15,16,14,0.5700000000000001,0.6563953488372093,True,6,16,True,2.5,0.4166666666666667,False,1,True,4,14.0,True,4,2.0,False,True,True,True,True,1.0,0.25,0.1666666666666666,-0.9723658406133,1.480297366166875e-16,0.0,0.0,0.0,0.0,0.0,0.0,0.0,0.0,0.0,0.0,0.0,0.0,0.0,0.0,0.0,0.0,0.0,0.0,0.0,0.0,0.0,0.0,0.0,0.0,0.5029264789501554,0.0,2.0,0.0,0.0,0.0,0.0,0.0,0.0,0.0,0.0,0.6666666666666666,0.0,0.0,0.0,0.0,0.0,0.0,0.0,0.0,0.0,0.0,0.0,0.0,0.0,0.0,0.0,0.0,0.0,0.0,0.0,0.0,0.0,-4.440892098500626e-16,0.2260036036302888,0.0,0.0,0.0,0.0,0.0,0.0,0.0,0.0,0.0,0.3149956906478431,0.0,0.0,0.0,0.0,4.5,0.0,0.0,0.0,0.0,0.0,0.0,0.0,0.0,0.0,0.0,0.0,0.0,0.0,0.0,0.0,0.0,0.0,0.0,0.0,0.0,0.0,0.0,0.3333333333333333,0.0,0.0661333333333333,0.0,18.438333333333333,0.0,0.8333333333333334,0.3931592071990493,0.0940651359657446,0.0,0.0,0.0,5.333333333333333,0.0,0.0,0.0,0.0,0.0,0.0,0.0,0.0,0.4663990636666615,0.0,0.0,0.0,0.0,0.0,0.0,0.0,4.0,0.0,0.3939101599531966,0.0,0.0,0.0
rz7iP2uauvaamfySN,28,29,27,1.0,0.9575596816976129,False,13,29,True,8.9,0.6846153846153846,True,0,True,3,6.0,True,3,3.0,False,False,False,False,False,,,,,,,,,,,,,,,,,,,,,,,,,,,,,,,,,,,,,,,,,,,,,,,,,,,,,,,,,,,,,,,,,,,,,,,,,,,,,,,,,,,,,,,,,,,,,,,,,,,,,,,,,,,,,,,,,,,,,,,,,,,,,,,,,,,,,,,,
sEyX3bAsZaSZmgrbN,7,8,6,0.3,0.2854166666666666,False,3,8,True,2.1,0.7000000000000001,False,0,True,2,7.0,False,2,1.0,False,False,False,False,False,,,,,,,,,,,,,,,,,,,,,,,,,,,,,,,,,,,,,,,,,,,,,,,,,,,,,,,,,,,,,,,,,,,,,,,,,,,,,,,,,,,,,,,,,,,,,,,,,,,,,,,,,,,,,,,,,,,,,,,,,,,,,,,,,,,,,,,,
sMi35dD65HYStkZfG,6,7,5,0.3625,0.2857142857142857,False,4,7,True,1.7,0.425,False,0,False,2,3.0,True,2,1.0,False,False,False,False,False,,,,,,,,,,,,,,,,,,,,,,,,,,,,,,,,,,,,,,,,,,,,,,,,,,,,,,,,,,,,,,,,,,,,,,,,,,,,,,,,,,,,,,,,,,,,,,,,,,,,,,,,,,,,,,,,,,,,,,,,,,,,,,,,,,,,,,,,
sfpiRNQgxApT3MEir,21,22,20,0.85,0.5101123595505618,False,9,22,False,2.9,0.3222222222222222,False,1,True,3,11.0,True,3,3.0,False,False,False,False,False,,,,,,,,,,,,,,,,,,,,,,,,,,,,,,,,,,,,,,,,,,,,,,,,,,,,,,,,,,,,,,,,,,,,,,,,,,,,,,,,,,,,,,,,,,,,,,,,,,,,,,,,,,,,,,,,,,,,,,,,,,,,,,,,,,,,,,,,
smQBRYJvfrRJs6PTx,27,28,26,0.3333333333333333,0.5793650793650794,False,9,28,False,3.3,0.3666666666666666,True,0,False,2,5.0,False,2,1.0,True,False,False,False,False,,,,,,,,,,,,,,,,,,,,,,,,,,,,,,,,,,,,,,,,,,,,,,,,,,,,,,,,,,,,,,,,,,,,,,,,,,,,,,,,,,,,,,,,,,,,,,,,,,,,,,,,,,,,,,,,,,,,,,,,,,,,,,,,,,,,,,,,
spx2kzMh9jsgWtGos,16,17,15,1.0,0.8580882352941177,False,4,17,False,1.9,0.475,False,0,False,3,11.0,True,3,2.0,True,False,False,False,False,,,,,,,,,,,,,,,,,,,,,,,,,,,,,,,,,,,,,,,,,,,,,,,,,,,,,,,,,,,,,,,,,,,,,,,,,,,,,,,,,,,,,,,,,,,,,,,,,,,,,,,,,,,,,,,,,,,,,,,,,,,,,,,,,,,,,,,,
t2ianfmi7FS47WzB2,10,11,9,0.9285714285714286,0.8512987012987012,True,7,11,False,4.3,0.6142857142857142,False,0,False,2,3.0,False,2,3.0,False,True,True,True,True,1.0,0.5333333333333333,0.1666666666666666,-0.1389971147206839,-9.251858538542972e-17,0.0,0.0,0.0,0.0,0.5,0.5,0.3333333333333333,0.0,0.0,0.0,0.0,0.3333333333333333,0.0,0.0,0.0,0.3333333333333333,0.1666666666666666,0.0,0.0,0.0,0.0,0.0,0.0,0.0,-0.0618042739500287,0.0,5.833333333333333,0.1666666666666666,0.0003631082062454,0.5,0.0333333333333333,0.0,0.0,0.0833333333333333,0.0,0.1666666666666666,0.0,0.0,0.1666666666666666,0.1666666666666666,0.0,0.1666666666666666,0.1666666666666666,0.1666666666666666,0.0,0.0,0.1666666666666666,0.0,0.0,0.0,0.0,0.3333333333333333,0.1666666666666666,0.1666666666666666,0.0,0.0,0.0,-1.8503717077085943e-16,0.0857113304686985,0.1666666666666666,0.0,2.1666666666666665,0.6666666666666666,0.0,0.0,0.0,0.0,0.1666666666666666,0.114021112213294,0.0,0.1666666666666666,1.3333333333333333,0.0,4.63,0.0,0.0,0.0,0.0,0.1666666666666666,0.1666666666666666,0.0,0.0,0.0,0.3333333333333333,0.0,0.3333333333333333,0.0,0.1666666666666666,0.1666666666666666,0.6666666666666666,0.1666666666666666,0.0,0.1666666666666666,0.0,0.0,0.3714814814814815,0.5,0.0,2.135202564102564,0.0,7.983,0.0,1.0,0.6249244207898444,0.0931310423960287,0.0,0.0,0.1666666666666666,23.666666666666668,0.3333333333333333,0.3333333333333333,0.1666666666666666,0.0,0.0,0.1666666666666666,0.3333333333333333,0.0,0.6265431096156439,0.5,0.0,0.0,0.0,0.1666666666666666,0.0,0.059074074074074,30.0,0.0160326409497462,0.7664315400930448,0.036195149462631,0.0231666691047358,1.725079986828146
tAg9q2ANecZSWFGaT,20,21,19,0.9423076923076924,0.5988333333333333,True,18,21,False,1.2,0.0666666666666666,False,0,False,3,9.0,True,3,2.0,True,False,False,True,True,0.9411764705882352,0.6094863602850823,0.5230769230769231,0.2621844404337378,9.62193288008469e-17,0.0,0.0166666666666666,0.0,0.0,0.2583333333333333,0.2,0.125,0.0,0.0583333333333333,0.0083333333333333,0.175,0.075,0.0083333333333333,0.0166666666666666,0.025,0.175,0.0083333333333333,0.0,0.0,0.0,0.025,0.0,0.0,0.0,0.1175919824208161,0.0,2.841666666666667,0.0083333333333333,0.0012292992356448,0.1083333333333333,0.0438756613756613,0.0833333333333333,0.0,0.0164232295482295,0.0083333333333333,0.0833333333333333,0.0,0.0166666666666666,0.0416666666666666,0.025,0.0083333333333333,0.0083333333333333,0.0166666666666666,0.0166666666666666,0.0,0.0166666666666666,0.1,0.0583333333333333,0.2666666666666666,0.0,0.0,0.1,0.0,0.0583333333333333,0.0,0.0,0.0,-1.924386576016938e-16,0.4593096917256778,0.0916666666666666,0.0,0.6333333333333333,0.3333333333333333,0.0,0.0083333333333333,0.0083333333333333,0.0083333333333333,0.0166666666666666,0.3697044233111387,0.0,0.0916666666666666,0.275,0.0083333333333333,4.537416666666667,0.05,0.0333333333333333,0.0,0.0,0.1083333333333333,0.0583333333333333,0.0,0.025,0.0416666666666666,0.0583333333333333,0.0,0.0416666666666666,0.0083333333333333,0.0083333333333333,0.0666666666666666,0.075,0.0166666666666666,0.0,0.0583333333333333,0.0,0.0,0.1498263888888889,0.2916666666666667,0.0,0.8576617592592594,0.0416666666666666,16.0777,0.0,0.985972222222222,0.5015356918956936,0.1035796458056817,0.15,0.0,0.1083333333333333,10.441666666666666,0.1166666666666666,0.125,0.05,0.0,0.0,0.0166666666666666,0.1,0.0,0.565518762388577,0.0416666666666666,0.0,0.0,0.0083333333333333,0.1583333333333333,0.0,0.0434722222222222,313.0,0.1051103227571287,0.4004105129115601,0.0055326395409108,0.1117357449064239,1.0693531419913458
tFRhYJxotc5za8JEj,2,3,1,0.8235294117647058,0.8823529411764706,True,17,3,True,3.9,0.2294117647058823,True,1,True,3,11.0,True,3,4.0,True,False,False,True,True,1.0,0.3560606060606061,0.119047619047619,0.3539888430676585,6.344131569286607e-17,0.0,0.0,0.0,0.0,0.0714285714285714,0.0714285714285714,0.0,0.0,0.0,0.0,0.0714285714285714,0.0,0.0,0.0,0.0,0.1428571428571428,0.0,0.0,0.0,0.0,0.0,0.0,0.0,0.0,0.8815491331446728,0.0,1.7142857142857142,0.0714285714285714,0.0014880952380952,0.1428571428571428,0.0,0.0,0.0,0.0357142857142857,0.0,0.7857142857142857,0.0,0.0,0.0714285714285714,0.0,0.0714285714285714,0.0714285714285714,0.0,0.0,0.0,0.0,0.0,0.0,0.0,0.0,0.0,0.1428571428571428,0.0714285714285714,0.0,0.0,0.0,0.0,3.1720657846433036e-17,0.5528649784925086,0.0,0.0,0.2142857142857142,0.0,0.0,0.0,0.0,0.0,0.0,0.50023614976029,0.0,0.0,0.0714285714285714,0.0,4.502857142857143,0.0,0.0,0.0,0.0,0.0,0.0,0.0,0.0,0.0,0.0,0.0,0.0,0.0,0.0,0.0,0.0714285714285714,0.0714285714285714,0.0,0.0,0.0,0.0,0.075,0.5,0.0,2.1012523809523813,0.0,7.817857142857143,0.0,1.0,0.3174899591627287,0.0548375056657407,0.1428571428571428,0.0,0.0,7.285714285714286,0.1428571428571428,0.0,0.0,0.0,0.0,0.0,0.1428571428571428,0.0,0.3988846803882292,0.0,0.0,0.0,0.0,0.0714285714285714,0.0,0.0892857142857142,22.0,0.0153002960984946,0.4081825286052226,0.0414129911766208,0.0037595321472016,1.5909401521873172
tHLnuqjhYmmnd47Wo,7,8,6,0.75625,0.76640625,False,8,8,True,4.7,0.5875,False,0,False,4,11.0,True,4,3.0,True,True,True,False,False,,,,,,,,,,,,,,,,,,,,,,,,,,,,,,,,,,,,,,,,,,,,,,,,,,,,,,,,,,,,,,,,,,,,,,,,,,,,,,,,,,,,,,,,,,,,,,,,,,,,,,,,,,,,,,,,,,,,,,,,,,,,,,,,,,,,,,,,
tdE5dFz3toTHkPcs2,23,24,22,0.1428571428571428,0.3668639053254438,False,8,24,False,1.5,0.1875,True,1,True,3,10.0,False,3,4.0,True,True,True,False,False,,,,,,,,,,,,,,,,,,,,,,,,,,,,,,,,,,,,,,,,,,,,,,,,,,,,,,,,,,,,,,,,,,,,,,,,,,,,,,,,,,,,,,,,,,,,,,,,,,,,,,,,,,,,,,,,,,,,,,,,,,,,,,,,,,,,,,,,
teduku6Nrk7RMtB78,7,8,6,0.8571428571428571,0.6607142857142857,False,7,8,True,1.3,0.1857142857142857,True,0,True,3,6.0,True,3,2.0,False,False,False,False,False,,,,,,,,,,,,,,,,,,,,,,,,,,,,,,,,,,,,,,,,,,,,,,,,,,,,,,,,,,,,,,,,,,,,,,,,,,,,,,,,,,,,,,,,,,,,,,,,,,,,,,,,,,,,,,,,,,,,,,,,,,,,,,,,,,,,,,,,
tg5DSqH3GhjbKQhef,8,9,7,0.875,0.8541666666666666,False,16,9,False,2.6,0.1625,True,0,True,3,10.0,False,3,4.0,False,True,True,False,False,,,,,,,,,,,,,,,,,,,,,,,,,,,,,,,,,,,,,,,,,,,,,,,,,,,,,,,,,,,,,,,,,,,,,,,,,,,,,,,,,,,,,,,,,,,,,,,,,,,,,,,,,,,,,,,,,,,,,,,,,,,,,,,,,,,,,,,,
u28PsMXQy7Qpsg8hQ,20,21,19,0.8,0.819047619047619,False,15,21,True,10.0,0.6666666666666666,True,0,True,3,9.0,True,3,4.0,False,False,False,False,False,,,,,,,,,,,,,,,,,,,,,,,,,,,,,,,,,,,,,,,,,,,,,,,,,,,,,,,,,,,,,,,,,,,,,,,,,,,,,,,,,,,,,,,,,,,,,,,,,,,,,,,,,,,,,,,,,,,,,,,,,,,,,,,,,,,,,,,,
udY5Qm3YGQp32XWHz,11,12,10,0.5555555555555556,0.7833333333333333,True,12,12,True,2.9,0.2416666666666666,False,0,True,3,4.0,True,3,3.0,True,True,True,True,True,0.8,0.1982758620689655,0.2954545454545454,0.0189753679354176,4.03717463500057e-17,0.0,0.0,0.1818181818181818,0.0,0.1818181818181818,0.1818181818181818,0.0,0.0,0.0,0.0,0.0,0.0909090909090909,0.0,0.0909090909090909,0.0,0.0,0.0,0.0,0.0909090909090909,0.0,0.0,0.0,0.0,0.0,-0.273897232374951,0.0,3.4545454545454546,0.0,0.0242681047765793,0.0909090909090909,0.0227272727272727,0.3636363636363636,0.0,0.106060606060606,0.0,0.0,0.0,0.0,0.0,0.0909090909090909,0.0,0.0,0.0,0.0909090909090909,0.0,0.0,0.0,0.0,0.4545454545454545,0.0,0.0,0.0,0.0,0.0,0.0,0.0909090909090909,0.0,4.03717463500057e-17,0.4712922645435352,0.0,0.0,0.6363636363636364,0.2727272727272727,0.0,0.1818181818181818,0.0,0.0,0.1818181818181818,0.3980800846290773,0.0,0.0,0.1818181818181818,0.0,4.5,0.0,0.2727272727272727,0.0,0.0,0.0909090909090909,0.0,0.0,0.0909090909090909,0.0,0.0,0.0,0.0909090909090909,0.0,0.0,0.0,0.0909090909090909,0.0,0.0,0.0909090909090909,0.0,0.0,0.6893939393939394,0.0909090909090909,0.0,0.1307636363636363,0.0,46.276363636363634,0.0,0.8181818181818182,0.4810259025824528,0.4379818026315082,0.0,0.0,0.0,12.909090909090908,0.0909090909090909,0.0909090909090909,0.0,0.0,0.0,0.0,0.0,0.0,0.3414859639650041,0.0,0.0,0.0,0.0,0.0,0.0,-0.2022727272727272,29.0,0.0364463842688343,0.3881454592184075,0.0013239436126108,0.0158497708461522,1.4362953150189572
ufmbrcnKaMxcByHJu,13,14,12,0.5,0.6153846153846154,False,13,14,False,4.4,0.3384615384615385,True,1,True,4,7.0,True,4,3.0,True,True,True,False,False,,,,,,,,,,,,,,,,,,,,,,,,,,,,,,,,,,,,,,,,,,,,,,,,,,,,,,,,,,,,,,,,,,,,,,,,,,,,,,,,,,,,,,,,,,,,,,,,,,,,,,,,,,,,,,,,,,,,,,,,,,,,,,,,,,,,,,,,
v4ZA3KgMeMbhmDdPt,8,9,7,1.0,0.9797979797979798,True,11,9,False,4.0,0.3636363636363636,True,1,False,4,11.0,False,4,3.0,True,True,True,True,True,0.967741935483871,0.3607142857142857,0.2265625,0.0958950475394936,-1.0408340855860844e-17,0.0,0.03125,0.0,0.03125,0.59375,0.40625,0.125,0.0,0.15625,0.0,0.3125,0.1875,0.0,0.03125,0.0,0.21875,0.03125,0.0,0.0,0.0,0.09375,0.0,0.0,0.0,0.291244088453812,0.0,4.8125,0.125,0.0061950543143242,0.1875,0.0276351686507936,0.15625,0.0,0.0869791666666666,0.0,0.1875,0.0,0.0,0.25,0.0625,0.0625,0.0625,0.0625,0.125,0.0,0.03125,0.125,0.03125,0.03125,0.0,0.0,0.15625,0.0,0.15625,0.0,0.0,0.0,-6.938893903907227e-17,0.3749238401398534,0.28125,0.0,1.71875,0.34375,0.0,0.0,0.03125,0.0,0.34375,0.3090732611010767,0.0,0.1875,0.9375,0.0,4.5790625,0.09375,0.03125,0.0,0.0,0.21875,0.03125,0.0,0.03125,0.03125,0.125,0.0,0.15625,0.0,0.03125,0.03125,0.15625,0.125,0.0,0.09375,0.0,0.0,0.1676215277777777,0.375,0.0,4.086788442460318,0.0625,14.0005,0.0,0.991015625,0.5699839649263571,0.0937736463092732,0.1875,0.0,0.28125,22.1875,0.1875,0.34375,0.15625,0.03125,0.0,0.0,0.15625,0.0,0.5263684374513105,0.0625,0.0,0.0,0.0,0.125,0.0,0.1140624999999999,140.0,0.1119740802872353,0.5431516841417138,0.0366891353562254,0.0780216580876582,1.4561406562326906
vBgnoMjpekcpYDSZq,20,21,19,0.8823529411764706,0.8067226890756303,True,17,21,False,7.9,0.4647058823529412,True,1,False,2,3.0,True,2,3.0,False,False,False,True,True,0.9338842975206612,0.4949739029576648,0.4496487119437939,0.5279977029377557,1.0283213260872352e-16,0.0245901639344262,0.0901639344262295,0.0,0.0081967213114754,0.9836065573770492,0.5,0.2459016393442623,0.0,0.0573770491803278,0.0,0.4344262295081967,0.1639344262295081,0.0573770491803278,0.0901639344262295,0.0491803278688524,0.4672131147540984,0.0491803278688524,0.0081967213114754,0.0491803278688524,0.0,0.0983606557377049,0.0081967213114754,0.0163934426229508,0.0081967213114754,-0.0470360288847468,0.0245901639344262,6.69672131147541,0.0983606557377049,0.004478001921421,0.4098360655737705,0.0501274454143306,0.040983606557377,0.0737704918032786,0.0345566318926974,0.0163934426229508,0.0,0.0163934426229508,0.0,0.1475409836065573,0.2295081967213114,0.0327868852459016,0.0491803278688524,0.180327868852459,0.1475409836065573,0.0,0.1967213114754098,0.0573770491803278,0.1639344262295081,0.0327868852459016,0.0245901639344262,0.0,0.2540983606557377,0.0081967213114754,0.0327868852459016,0.0245901639344262,0.0,0.0245901639344262,-4.0040830396317116e-17,0.190659749090787,0.2459016393442623,0.0,2.4836065573770494,0.4508196721311475,0.0081967213114754,0.1967213114754098,0.0245901639344262,0.0245901639344262,0.2540983606557377,0.2010471575447471,0.0,0.0327868852459016,0.7950819672131147,0.0,4.891393442622951,0.0081967213114754,0.0245901639344262,0.0,0.0163934426229508,0.1065573770491803,0.1147540983606557,0.0,0.1393442622950819,0.040983606557377,0.0901639344262295,0.0,0.1639344262295081,0.0,0.0327868852459016,0.2622950819672131,0.4180327868852459,0.081967213114754,0.0163934426229508,0.3360655737704918,0.0,0.0,0.3698432214415821,0.5163934426229508,0.0,1.5951719845728043,0.0081967213114754,11.296467213114752,0.0,0.9896504532112051,0.6200220997184672,0.2265953812919954,0.1721311475409836,0.0,0.2459016393442623,28.762295081967213,0.3278688524590163,0.680327868852459,0.1557377049180328,0.0655737704918032,0.0,0.0573770491803278,0.3278688524590163,0.0245901639344262,0.4889152670340215,0.221311475409836,0.0081967213114754,0.0,0.0,0.0737704918032786,0.0,0.1021352133749674,739.0,0.2967967681842695,0.5138902830798041,0.004101808100368,0.0566897440756555,1.301853560707134
vJjhQgXaEypDhJSTB,6,7,5,1.0,0.88125,True,10,7,False,2.3,0.2299999999999999,False,1,True,3,10.0,True,3,2.0,False,False,False,True,True,0.8260869565217391,0.3328100470957614,0.25,0.1207045399860872,-7.401486830834377e-17,0.0,0.0416666666666666,0.0,0.0416666666666666,0.625,0.3333333333333333,0.0416666666666666,0.0,0.0,0.0,0.3333333333333333,0.1666666666666666,0.0,0.0416666666666666,0.0,0.2916666666666667,0.0,0.0,0.0833333333333333,0.0,0.125,0.0,0.0,0.0,0.2694227137597529,0.0,3.9583333333333335,0.0,0.000400641025641,0.25,0.0756944444444444,0.0,0.0,0.0138888888888888,0.0,0.0416666666666666,0.0,0.0416666666666666,0.0416666666666666,0.0833333333333333,0.0,0.0,0.0416666666666666,0.1666666666666666,0.0,0.0833333333333333,0.0416666666666666,0.0416666666666666,0.0833333333333333,0.0,0.0,0.125,0.0416666666666666,0.1666666666666666,0.0,0.0,0.0,-9.251858538542972e-17,0.3165755335288434,0.125,0.0,1.8333333333333333,0.5416666666666666,0.0,0.0416666666666666,0.0416666666666666,0.0,0.1666666666666666,0.2628858542512031,0.0,0.1666666666666666,0.7083333333333334,0.0,4.775833333333334,0.0,0.0,0.0,0.0,0.2083333333333333,0.0,0.0,0.0833333333333333,0.125,0.3333333333333333,0.0,0.125,0.0416666666666666,0.0,0.0416666666666666,0.4166666666666667,0.0,0.0,0.2083333333333333,0.0,0.0,0.1907407407407407,0.3333333333333333,0.0,0.1880666666666666,0.0,9.250666666666667,0.0,0.9940476190476192,0.5750545089931586,0.1087393151634993,0.25,0.0,0.0416666666666666,15.708333333333334,0.0833333333333333,0.4583333333333333,0.0833333333333333,0.0,0.0,0.0,0.125,0.0,0.5175546910613775,0.2083333333333333,0.0,0.0,0.0,0.125,0.0,0.1625,91.0,0.0631108781330421,0.5550811389651692,0.0028898208138636,0.0727057370621701,1.4902543462659392
vbn6abRQXZihWaaaA,21,22,20,0.7277777777777777,0.820959595959596,True,9,22,True,2.2,0.2444444444444444,False,0,True,3,4.0,False,3,3.0,True,True,True,True,True,0.5774647887323944,0.7650869416979202,0.6309523809523809,0.0123739936173902,0.0,0.0,0.0694444444444444,0.0,0.0,0.8333333333333334,0.5833333333333334,0.2222222222222222,0.0,0.0694444444444444,0.0,0.3472222222222222,0.2638888888888889,0.0,0.0694444444444444,0.0555555555555555,0.5833333333333334,0.0,0.0,0.0555555555555555,0.0138888888888888,0.0416666666666666,0.0,0.0277777777777777,0.0555555555555555,0.7915995663872977,0.0277777777777777,6.555555555555555,0.0,0.0072943479778459,0.5555555555555556,0.0707810764489686,0.0694444444444444,0.0,0.037037037037037,0.0,0.0138888888888888,0.0,0.0,0.125,0.1527777777777778,0.0,0.0,0.3055555555555556,0.0972222222222222,0.0,0.1388888888888889,0.0277777777777777,0.125,0.0138888888888888,0.0,0.0,0.4305555555555556,0.0972222222222222,0.2083333333333333,0.0,0.0,0.0,-1.295260195396016e-16,0.2002423945650656,0.2777777777777778,0.0,2.1944444444444446,0.625,0.0138888888888888,0.0555555555555555,0.0694444444444444,0.0416666666666666,0.2222222222222222,0.2066160427805551,0.0,0.3194444444444444,0.9166666666666666,0.0,4.858194444444444,0.0277777777777777,0.0277777777777777,0.0,0.0,0.2916666666666667,0.0833333333333333,0.0,0.0694444444444444,0.0,0.2222222222222222,0.0,0.1805555555555555,0.0,0.0,0.1388888888888889,0.4444444444444444,0.0,0.0,0.0833333333333333,0.0,0.0,0.3501157407407407,0.6666666666666666,0.0,1.5167199018959436,0.0,20.245763888888884,0.0,0.9742287940817352,0.6063379168397849,0.1081682804700297,0.1666666666666666,0.0,0.3194444444444444,26.791666666666668,0.2222222222222222,0.4027777777777778,0.1527777777777778,0.0833333333333333,0.0277777777777777,0.0555555555555555,0.5277777777777778,0.0,0.3709126594864453,0.0416666666666666,0.0,0.0,0.0,0.2083333333333333,0.0,0.1844328703703703,419.0,0.2144301129862302,0.5712517894920245,0.0028042691244919,0.1058670008487886,1.2188374996499074
vgvnQRWF4kobEXxRv,24,25,23,0.2346153846153846,0.3836923076923077,False,13,25,True,2.4,0.1846153846153846,False,0,True,4,9.0,True,4,6.0,True,True,True,False,False,,,,,,,,,,,,,,,,,,,,,,,,,,,,,,,,,,,,,,,,,,,,,,,,,,,,,,,,,,,,,,,,,,,,,,,,,,,,,,,,,,,,,,,,,,,,,,,,,,,,,,,,,,,,,,,,,,,,,,,,,,,,,,,,,,,,,,,,
vmjofGxA8WS3W7YBr,26,27,25,0.4,0.4292592592592593,False,5,27,False,2.0,0.4,False,1,True,1,2.0,False,1,1.0,True,True,True,False,False,,,,,,,,,,,,,,,,,,,,,,,,,,,,,,,,,,,,,,,,,,,,,,,,,,,,,,,,,,,,,,,,,,,,,,,,,,,,,,,,,,,,,,,,,,,,,,,,,,,,,,,,,,,,,,,,,,,,,,,,,,,,,,,,,,,,,,,,
w3jny86AB5GuGBXub,28,29,27,0.6,0.6068965517241379,True,5,29,True,2.6,0.52,True,1,False,3,3.0,True,3,2.0,True,False,False,True,True,1.0,0.3901639344262295,0.3636363636363636,-0.1486302903522373,-2.018587317500285e-17,0.0909090909090909,0.2727272727272727,0.0909090909090909,0.0,1.0,0.7272727272727273,0.2727272727272727,0.0454545454545454,0.1818181818181818,0.0,0.4090909090909091,0.1363636363636363,0.0,0.0,0.0909090909090909,0.3636363636363636,0.0,0.0,0.0454545454545454,0.0454545454545454,0.0454545454545454,0.0,0.0,0.0454545454545454,-0.2518614638046129,0.0,6.7727272727272725,0.0454545454545454,0.0,0.3636363636363636,0.0173898071625344,0.0909090909090909,0.0454545454545454,0.0,0.0,0.0,0.0,0.0,0.1363636363636363,0.0909090909090909,0.0909090909090909,0.0,0.2727272727272727,0.1818181818181818,0.0,0.1363636363636363,0.2727272727272727,0.0,0.0,0.0,0.0,0.2727272727272727,0.0,0.1818181818181818,0.0454545454545454,0.0454545454545454,0.0,-1.261617073437678e-16,0.1525042740218379,0.1818181818181818,0.0,2.5454545454545454,0.5454545454545454,0.0,0.1818181818181818,0.0,0.0,0.1818181818181818,0.1550380595609096,0.0,0.1363636363636363,0.8181818181818182,0.0,4.778181818181818,0.0909090909090909,0.0454545454545454,0.0,0.0,0.0909090909090909,0.0454545454545454,0.0,0.0909090909090909,0.1363636363636363,0.1363636363636363,0.0,0.1363636363636363,0.0,0.0,0.0454545454545454,0.5,0.0909090909090909,0.0,0.1363636363636363,0.0,0.0,0.2482142857142857,0.5,0.0,1.7796967532467536,0.0909090909090909,34.3744090909091,0.0,1.0,0.7104745676004227,0.3179468174930662,0.0909090909090909,0.0,0.2272727272727272,27.818181818181817,0.2272727272727272,0.6363636363636364,0.0909090909090909,0.0454545454545454,0.0454545454545454,0.0,0.3181818181818182,0.0454545454545454,0.455308613282713,0.1363636363636363,0.0454545454545454,0.0,0.0,0.0454545454545454,0.0,0.0970779220779221,122.0,0.1220385082525864,0.6877946028160988,0.0045194065248315,0.0221670957763921,1.6498099740482712
w48b2EcDHyTak85HB,21,22,20,1.0,0.9814935064935064,False,7,22,False,3.9,0.5571428571428572,False,1,True,4,5.0,False,4,5.0,False,False,False,False,False,,,,,,,,,,,,,,,,,,,,,,,,,,,,,,,,,,,,,,,,,,,,,,,,,,,,,,,,,,,,,,,,,,,,,,,,,,,,,,,,,,,,,,,,,,,,,,,,,,,,,,,,,,,,,,,,,,,,,,,,,,,,,,,,,,,,,,,,
w7oZn8rW3v7T6ZYpy,3,4,2,0.8,0.6166666666666667,False,15,4,False,1.9,0.1266666666666666,True,0,False,2,5.0,True,2,3.0,True,False,False,False,False,,,,,,,,,,,,,,,,,,,,,,,,,,,,,,,,,,,,,,,,,,,,,,,,,,,,,,,,,,,,,,,,,,,,,,,,,,,,,,,,,,,,,,,,,,,,,,,,,,,,,,,,,,,,,,,,,,,,,,,,,,,,,,,,,,,,,,,,
wBzG27wHvgakgNDhy,26,27,25,0.8083333333333332,0.8141975308641975,False,6,27,False,4.2,0.7000000000000001,False,1,False,2,6.0,True,2,3.0,True,True,True,False,False,,,,,,,,,,,,,,,,,,,,,,,,,,,,,,,,,,,,,,,,,,,,,,,,,,,,,,,,,,,,,,,,,,,,,,,,,,,,,,,,,,,,,,,,,,,,,,,,,,,,,,,,,,,,,,,,,,,,,,,,,,,,,,,,,,,,,,,,
wakTScBMc3QzxyNpA,16,17,15,0.6071428571428571,0.6147058823529412,False,7,17,False,3.8,0.5428571428571428,False,0,False,1,3.0,False,1,1.0,False,True,True,False,False,,,,,,,,,,,,,,,,,,,,,,,,,,,,,,,,,,,,,,,,,,,,,,,,,,,,,,,,,,,,,,,,,,,,,,,,,,,,,,,,,,,,,,,,,,,,,,,,,,,,,,,,,,,,,,,,,,,,,,,,,,,,,,,,,,,,,,,,
wgkACXaDNh5bKmY9b,15,16,14,1.0,0.8917410714285714,True,14,16,False,8.5,0.6071428571428571,False,1,False,3,9.0,True,3,3.0,False,False,False,True,True,0.8950617283950617,0.4899161163662324,0.4502123643227937,0.0728889269338076,-2.1795789440493868e-17,0.0306748466257668,0.0736196319018405,0.0061349693251533,0.0122699386503067,0.8895705521472392,0.5521472392638037,0.1963190184049079,0.0,0.1042944785276073,0.0,0.263803680981595,0.1717791411042944,0.0184049079754601,0.1104294478527607,0.0245398773006134,0.3251533742331288,0.0306748466257668,0.0061349693251533,0.1104294478527607,0.0061349693251533,0.0613496932515337,0.0,0.0061349693251533,0.0306748466257668,-0.0191924144588261,0.0061349693251533,5.822085889570552,0.1226993865030674,0.0058027641297355,0.4539877300613497,0.0502909326528958,0.0061349693251533,0.0184049079754601,0.0286826670262253,0.0061349693251533,0.0429447852760736,0.0,0.0,0.1595092024539877,0.1349693251533742,0.0552147239263803,0.0429447852760736,0.0858895705521472,0.1288343558282208,0.0184049079754601,0.1901840490797546,0.1779141104294478,0.0674846625766871,0.0429447852760736,0.0061349693251533,0.0,0.2822085889570552,0.0122699386503067,0.1165644171779141,0.0,0.0,0.0184049079754601,-1.1306565772256194e-16,0.29365050463141,0.1779141104294478,0.0,2.3251533742331287,0.6073619631901841,0.0061349693251533,0.0736196319018405,0.0306748466257668,0.0184049079754601,0.3006134969325153,0.2309323507561131,0.0,0.1165644171779141,0.7730061349693251,0.0,4.800685071574642,0.0245398773006134,0.0122699386503067,0.0061349693251533,0.0061349693251533,0.2699386503067484,0.0429447852760736,0.0,0.2392638036809816,0.147239263803681,0.0981595092024539,0.0,0.1165644171779141,0.0,0.0184049079754601,0.1104294478527607,0.4969325153374233,0.0797546012269938,0.0,0.2085889570552147,0.0061349693251533,0.0,0.2760207907293797,0.3987730061349693,0.0,1.825151789144734,0.0184049079754601,6.16939263803681,0.0184049079754601,0.9849831490935784,0.6494977220028408,0.147815266882635,0.2208588957055214,0.0,0.2147239263803681,23.938650306748468,0.2453987730061349,0.6196319018404908,0.0736196319018405,0.0184049079754601,0.0122699386503067,0.0306748466257668,0.3128834355828221,0.0184049079754601,0.559845657550667,0.1288343558282208,0.0,0.0,0.0,0.0920245398773006,0.0,0.063626448534424,862.0,0.2682025396608545,0.4962466877447903,0.000391259659392,0.0596045197203147,1.2997184865147284
wpdN66N9pAHhWsEkE,5,6,4,0.7272727272727273,0.6268656716417911,True,12,6,True,1.2,0.0999999999999999,True,0,True,4,4.0,False,4,3.0,False,False,False,True,True,0.625,0.6367924528301887,0.3611111111111111,-0.0135322829261639,-4.9343245538895844e-17,0.0,0.1111111111111111,0.0,0.1111111111111111,1.0,0.4444444444444444,0.5555555555555556,0.0,0.1111111111111111,0.0,0.2222222222222222,0.2222222222222222,0.0,0.1111111111111111,0.0,0.3333333333333333,0.0,0.0,0.1111111111111111,0.0,0.2222222222222222,0.0,0.2222222222222222,0.0,-0.3050047503690629,0.0,6.888888888888889,0.1111111111111111,0.0055555555555555,0.1111111111111111,0.0519813519813519,0.0,0.0,0.0555555555555555,0.0,0.0,0.0,0.0,0.2222222222222222,0.2222222222222222,0.1111111111111111,0.1111111111111111,0.4444444444444444,0.4444444444444444,0.0,0.2222222222222222,0.0,0.0,0.0,0.0,0.0,0.0,0.0,0.2222222222222222,0.0,0.0,0.0,-4.9343245538895844e-17,0.2192083045284952,0.3333333333333333,0.0,2.3333333333333335,0.3333333333333333,0.0,0.2222222222222222,0.0,0.2222222222222222,0.2222222222222222,0.1993677217514765,0.0,0.2222222222222222,1.2222222222222223,0.0,4.795555555555556,0.0,0.0,0.0,0.0,0.2222222222222222,0.0,0.0,0.0,0.0,0.2222222222222222,0.0,0.3333333333333333,0.0,0.0,0.0,0.2222222222222222,0.1111111111111111,0.0,0.2222222222222222,0.0,0.0,0.2249999999999999,0.5555555555555556,0.0,2.3090916083916087,0.0,20.70577777777778,0.0,0.9914529914529916,0.6128498747270886,0.3923495978944831,0.0,0.0,0.3333333333333333,27.88888888888889,0.4444444444444444,0.6666666666666666,0.1111111111111111,0.0,0.0,0.1111111111111111,0.0,0.0,0.3958880652983983,0.2222222222222222,0.0,0.0,0.1111111111111111,0.3333333333333333,0.0,0.1277777777777777,53.0,0.031846421412302,0.7348644239089327,0.0056724208723382,0.0331208032065568,1.462064290192039
xB5cfM36frfgH2uiS,28,29,27,1.0,1.0,False,2,29,False,1.1,0.55,True,0,False,4,6.0,True,4,3.0,False,True,True,False,False,,,,,,,,,,,,,,,,,,,,,,,,,,,,,,,,,,,,,,,,,,,,,,,,,,,,,,,,,,,,,,,,,,,,,,,,,,,,,,,,,,,,,,,,,,,,,,,,,,,,,,,,,,,,,,,,,,,,,,,,,,,,,,,,,,,,,,,,
xEP5rajASDPJkWH94,25,26,24,1.0,0.9600678733031676,True,17,26,False,10.7,0.6294117647058823,False,1,False,1,1.0,False,1,1.0,True,True,True,True,True,0.967741935483871,0.3084319526627219,0.3458009880028229,0.0545612729509788,9.9818216892904e-17,0.0275229357798165,0.0779816513761468,0.0229357798165137,0.018348623853211,0.7110091743119266,0.481651376146789,0.1788990825688073,0.0,0.0321100917431192,0.0,0.1972477064220183,0.1330275229357798,0.0229357798165137,0.0596330275229357,0.018348623853211,0.2752293577981651,0.0091743119266055,0.0091743119266055,0.055045871559633,0.0091743119266055,0.0412844036697247,0.0,0.0091743119266055,0.073394495412844,-0.1241313438454402,0.0,5.3807339449541285,0.055045871559633,0.0045494008390284,0.2752293577981651,0.0392648826708459,0.0458715596330275,0.036697247706422,0.0191043620887117,0.0,0.018348623853211,0.018348623853211,0.0,0.1146788990825688,0.0688073394495412,0.0275229357798165,0.0091743119266055,0.1422018348623853,0.1192660550458715,0.0,0.128440366972477,0.0688073394495412,0.1238532110091743,0.0642201834862385,0.0137614678899082,0.0,0.1651376146788991,0.0,0.073394495412844,0.0045871559633027,0.0137614678899082,0.0091743119266055,-3.66679164096382e-17,0.1948609725225375,0.1146788990825688,0.0,1.8944954128440368,0.3899082568807339,0.0275229357798165,0.1972477064220183,0.0137614678899082,0.0275229357798165,0.2798165137614679,0.1791397088384562,0.0,0.0688073394495412,0.6238532110091743,0.0137614678899082,4.706284403669725,0.0137614678899082,0.036697247706422,0.0091743119266055,0.0091743119266055,0.2018348623853211,0.0504587155963302,0.0,0.1743119266055046,0.0642201834862385,0.0963302752293578,0.0045871559633027,0.1513761467889908,0.0,0.0137614678899082,0.1972477064220183,0.2522935779816513,0.0458715596330275,0.0045871559633027,0.1834862385321101,0.0045871559633027,0.0,0.2672497087520023,0.3348623853211009,0.0091743119266055,1.4199807138228144,0.0045871559633027,6.778064220183486,0.0137614678899082,0.9716709195493598,0.6395821440108291,0.2473502462930601,0.1009174311926605,0.0275229357798165,0.1559633027522936,22.495412844036696,0.2568807339449541,0.4495412844036697,0.091743119266055,0.0137614678899082,0.0137614678899082,0.036697247706422,0.2018348623853211,0.0,0.4898952579151395,0.128440366972477,0.0045871559633027,0.0,0.0,0.0137614678899082,0.0,0.0362061307703509,1040.0,0.3206078595154552,0.3753918217199742,0.0030870869893799,0.0766675304782927,1.2297716247796315
xHQbTZiSs5zr4EBZ3,7,8,6,0.725,0.6918367346938775,False,13,8,False,3.9,0.3,False,0,False,2,6.0,False,2,2.0,False,True,True,False,False,,,,,,,,,,,,,,,,,,,,,,,,,,,,,,,,,,,,,,,,,,,,,,,,,,,,,,,,,,,,,,,,,,,,,,,,,,,,,,,,,,,,,,,,,,,,,,,,,,,,,,,,,,,,,,,,,,,,,,,,,,,,,,,,,,,,,,,,
xhG3NHNxbrtJBH8ZE,2,3,1,0.7058823529411765,0.6274509803921569,True,17,3,True,3.9,0.2294117647058823,True,1,False,3,11.0,True,3,4.0,True,False,False,True,True,1.0,0.6868131868131868,0.0,0.098730525074276,-3.1720657846433036e-17,0.0,0.0,0.0,0.1428571428571428,1.1428571428571428,0.8571428571428571,0.0,0.0,0.1428571428571428,0.0,0.1428571428571428,0.1428571428571428,0.0,0.1428571428571428,0.0,0.4285714285714285,0.0,0.0,0.0,0.0,0.2857142857142857,0.0,0.0,0.0,1.217868013072463,0.0,8.0,0.0,0.0017746228926353,0.7142857142857143,0.0433290433290433,0.0,0.0,0.0952380952380952,0.0,0.1428571428571428,0.0,0.0,0.2857142857142857,0.0,0.0,0.0,0.4285714285714285,0.0,0.0,0.0,0.0,0.0,0.1428571428571428,0.0,0.0,0.5714285714285714,0.2857142857142857,0.4285714285714285,0.0,0.0,0.0,-3.3306690738754696e-16,0.3675684728619562,0.5714285714285714,0.0,3.2857142857142856,0.5714285714285714,0.0,0.0,0.0,0.0,0.5714285714285714,0.4093885613270733,0.0,0.1428571428571428,0.8571428571428571,0.0,5.021428571428571,0.0,0.0,0.0,0.0,0.1428571428571428,0.1428571428571428,0.0,0.0,0.0,0.2857142857142857,0.0,0.1428571428571428,0.0,0.0,0.1428571428571428,0.8571428571428571,0.0,0.0,0.2857142857142857,0.0,0.0,0.53,0.1428571428571428,0.0,1.827254997854998,0.0,5.983857142857142,0.0,0.9335049335049336,0.4788110686151507,0.0498557689466646,0.4285714285714285,0.0,0.4285714285714285,37.285714285714285,0.0,0.7142857142857143,0.1428571428571428,0.0,0.0,0.0,0.7142857142857143,0.0,0.3090507515839168,0.1428571428571428,0.0,0.0,0.0,0.5714285714285714,0.0,0.4685714285714285,52.0,0.0095311034482298,0.6709882970832484,0.096428538392971,0.0047010274617554,1.685317814194606
xkkRZu2N2XeBWnmqc,12,13,11,0.06875,0.1838095238095238,False,9,13,True,2.9,0.3222222222222222,False,0,False,3,8.0,False,3,3.0,True,True,True,False,False,,,,,,,,,,,,,,,,,,,,,,,,,,,,,,,,,,,,,,,,,,,,,,,,,,,,,,,,,,,,,,,,,,,,,,,,,,,,,,,,,,,,,,,,,,,,,,,,,,,,,,,,,,,,,,,,,,,,,,,,,,,,,,,,,,,,,,,,
xqCmsi4SBLqDyFbtD,19,20,18,0.9285714285714286,0.9716312056737588,True,16,20,False,3.5,0.21875,True,1,True,2,7.0,False,2,3.0,False,False,False,True,True,0.900709219858156,0.5905542544886807,0.5110663983903421,0.1867714630551398,5.0038220828176064e-17,0.0,0.0422535211267605,0.0,0.0070422535211267,0.7605633802816901,0.4718309859154929,0.1901408450704225,0.0070422535211267,0.1971830985915492,0.0,0.3873239436619718,0.1901408450704225,0.028169014084507,0.0422535211267605,0.0211267605633802,0.2394366197183098,0.0140845070422535,0.0,0.0845070422535211,0.0,0.0915492957746478,0.0,0.0352112676056338,0.0422535211267605,-0.143835474025795,0.0140845070422535,5.802816901408451,0.2183098591549295,0.0007281573812235,0.2887323943661972,0.026278940661978,0.056338028169014,0.028169014084507,0.0154433387656254,0.0,0.0422535211267605,0.0,0.0,0.1619718309859155,0.1549295774647887,0.0633802816901408,0.0211267605633802,0.204225352112676,0.0915492957746478,0.0070422535211267,0.0774647887323943,0.0845070422535211,0.0845070422535211,0.0985915492957746,0.0,0.0,0.1619718309859155,0.0140845070422535,0.1267605633802817,0.0140845070422535,0.0492957746478873,0.0140845070422535,-1.8764332810566023e-16,0.3266633446102532,0.1478873239436619,0.0,2.1267605633802815,0.4014084507042254,0.0070422535211267,0.0774647887323943,0.0140845070422535,0.0352112676056338,0.2183098591549295,0.247165893289082,0.0070422535211267,0.1197183098591549,0.9859154929577464,0.0492957746478873,4.66330985915493,0.0422535211267605,0.0211267605633802,0.0070422535211267,0.0,0.1619718309859155,0.0704225352112676,0.0,0.1408450704225352,0.0492957746478873,0.1549295774647887,0.0,0.1408450704225352,0.0,0.0070422535211267,0.1197183098591549,0.4295774647887324,0.0704225352112676,0.0,0.1056338028169014,0.0,0.0,0.2283953722334004,0.4718309859154929,0.0,2.565461067362169,0.0492957746478873,7.448528169014083,0.0,0.982028877260047,0.6179789481334902,0.2314576855942633,0.1549295774647887,0.0,0.2464788732394366,25.338028169014084,0.2183098591549295,0.5422535211267606,0.1197183098591549,0.0422535211267605,0.0070422535211267,0.0422535211267605,0.1830985915492957,0.0,0.5113428453849235,0.1056338028169014,0.0070422535211267,0.0,0.0,0.0845070422535211,0.0,0.0965165995975855,732.0,0.2418352908587095,0.5051130793288776,0.0026184413060244,0.0912468805203706,1.2152375037377598
yK3WaMDvWK3aXhFXR,3,4,2,0.625,0.696969696969697,False,15,4,False,1.9,0.1266666666666666,True,0,True,2,5.0,True,2,3.0,True,False,False,False,False,,,,,,,,,,,,,,,,,,,,,,,,,,,,,,,,,,,,,,,,,,,,,,,,,,,,,,,,,,,,,,,,,,,,,,,,,,,,,,,,,,,,,,,,,,,,,,,,,,,,,,,,,,,,,,,,,,,,,,,,,,,,,,,,,,,,,,,,
yKwnChuEmdBZrpZE5,27,28,26,1.0,0.9782828282828282,False,14,28,True,4.2,0.3,False,1,True,1,3.0,True,1,1.0,True,False,False,False,False,,,,,,,,,,,,,,,,,,,,,,,,,,,,,,,,,,,,,,,,,,,,,,,,,,,,,,,,,,,,,,,,,,,,,,,,,,,,,,,,,,,,,,,,,,,,,,,,,,,,,,,,,,,,,,,,,,,,,,,,,,,,,,,,,,,,,,,,
yPACeymidYic32peG,13,14,12,0.8571428571428571,0.7602040816326531,True,14,14,True,1.5,0.1071428571428571,True,0,False,3,12.0,False,3,2.0,False,False,False,True,True,0.7669902912621359,0.5941915227629513,0.5207100591715976,-0.0120705205014664,8.540177112501205e-17,0.0384615384615384,0.1346153846153846,0.0,0.0096153846153846,0.8557692307692307,0.625,0.1826923076923076,0.0,0.125,0.0,0.3269230769230769,0.2403846153846154,0.0096153846153846,0.0769230769230769,0.0288461538461538,0.2980769230769231,0.0192307692307692,0.0192307692307692,0.0961538461538461,0.0096153846153846,0.0673076923076923,0.0,0.0865384615384615,0.1153846153846153,-0.2192922175364191,0.0,6.269230769230769,0.048076923076923,0.0051186933128111,0.4134615384615384,0.034026950613489,0.0384615384615384,0.0769230769230769,0.0145240788623141,0.0384615384615384,0.0384615384615384,0.0096153846153846,0.0,0.0961538461538461,0.173076923076923,0.0384615384615384,0.0288461538461538,0.0961538461538461,0.1634615384615384,0.0,0.1057692307692307,0.0865384615384615,0.048076923076923,0.0865384615384615,0.0192307692307692,0.0,0.2115384615384615,0.0,0.1057692307692307,0.0,0.0,0.0096153846153846,-6.191628406563373e-17,0.2054487196713823,0.1057692307692307,0.0096153846153846,2.451923076923077,0.625,0.0384615384615384,0.4423076923076923,0.048076923076923,0.1346153846153846,0.2980769230769231,0.1852686282333308,0.0096153846153846,0.125,0.8173076923076923,0.0769230769230769,4.726586538461539,0.048076923076923,0.0192307692307692,0.0096153846153846,0.0192307692307692,0.1923076923076923,0.0288461538461538,0.0,0.1442307692307692,0.0288461538461538,0.173076923076923,0.0,0.0673076923076923,0.0,0.0288461538461538,0.0865384615384615,0.5288461538461539,0.0673076923076923,0.0096153846153846,0.1538461538461538,0.0,0.0,0.2233173076923077,0.625,0.0096153846153846,0.8398391233766234,0.0576923076923076,7.544682692307692,0.0288461538461538,0.9881565283007592,0.6227667763607101,0.3526416845785346,0.1826923076923076,0.0096153846153846,0.1634615384615384,27.009615384615383,0.173076923076923,0.5865384615384616,0.0192307692307692,0.1153846153846153,0.0096153846153846,0.0096153846153846,0.25,0.0192307692307692,0.4114317572317444,0.1057692307692307,0.0096153846153846,0.0,0.0192307692307692,0.0096153846153846,0.0,0.0236268939393939,588.0,0.2514837994331079,0.578281408991067,0.008024908886754,0.0721520806126242,1.420700006379362
yQMhKhtLwGw4ucZdZ,14,15,13,0.625,0.75,False,8,15,True,5.5,0.6875,True,1,False,2,2.0,False,2,2.0,False,True,True,False,False,,,,,,,,,,,,,,,,,,,,,,,,,,,,,,,,,,,,,,,,,,,,,,,,,,,,,,,,,,,,,,,,,,,,,,,,,,,,,,,,,,,,,,,,,,,,,,,,,,,,,,,,,,,,,,,,,,,,,,,,,,,,,,,,,,,,,,,,
ypRjimF2itrJKQLYE,23,24,22,0.1428571428571428,0.4611111111111111,False,8,24,False,1.5,0.1875,True,1,False,3,10.0,False,3,4.0,True,True,True,False,False,,,,,,,,,,,,,,,,,,,,,,,,,,,,,,,,,,,,,,,,,,,,,,,,,,,,,,,,,,,,,,,,,,,,,,,,,,,,,,,,,,,,,,,,,,,,,,,,,,,,,,,,,,,,,,,,,,,,,,,,,,,,,,,,,,,,,,,,
ytqvPjvGXqkzDDsKY,15,16,14,0.9411764705882352,0.9213028169014084,True,19,16,False,12.5,0.6578947368421053,False,1,True,2,8.0,False,2,2.0,True,True,True,True,True,0.8454545454545455,0.5984421165726564,0.5564387917329093,0.1508279178779597,7.801567200068668e-17,0.018018018018018,0.1171171171171171,0.0,0.0,0.6486486486486487,0.4144144144144144,0.1531531531531531,0.0,0.045045045045045,0.0,0.2252252252252252,0.1171171171171171,0.009009009009009,0.0990990990990991,0.009009009009009,0.2072072072072072,0.018018018018018,0.0,0.027027027027027,0.009009009009009,0.054054054054054,0.0,0.027027027027027,0.009009009009009,-0.2596194275218004,0.018018018018018,4.387387387387387,0.081081081081081,0.0033651219568535,0.1081081081081081,0.0444370694370694,0.0990990990990991,0.054054054054054,0.0269973269973269,0.009009009009009,0.009009009009009,0.0,0.0,0.1081081081081081,0.018018018018018,0.045045045045045,0.045045045045045,0.054054054054054,0.1171171171171171,0.0,0.1261261261261261,0.081081081081081,0.072072072072072,0.036036036036036,0.0,0.0,0.054054054054054,0.0,0.063063063063063,0.018018018018018,0.0,0.0,-1.6403295138605914e-16,0.3039112162244353,0.063063063063063,0.0,1.5585585585585586,0.3243243243243243,0.009009009009009,0.0990990990990991,0.009009009009009,0.045045045045045,0.1981981981981982,0.2419404448537069,0.0,0.063063063063063,0.6306306306306306,0.009009009009009,4.72927927927928,0.018018018018018,0.009009009009009,0.0,0.0,0.1441441441441441,0.027027027027027,0.0,0.1171171171171171,0.054054054054054,0.081081081081081,0.0,0.1441441441441441,0.0,0.045045045045045,0.081081081081081,0.1981981981981982,0.063063063063063,0.0,0.1891891891891892,0.0,0.0,0.2461711711711712,0.4684684684684684,0.0,1.0854261456261456,0.018018018018018,11.0840990990991,0.0,0.993801493801494,0.605961699491421,0.241898864046209,0.0990990990990991,0.0,0.1621621621621621,18.45945945945946,0.2342342342342342,0.4324324324324324,0.072072072072072,0.045045045045045,0.0,0.063063063063063,0.063063063063063,0.0,0.5335436983554213,0.1081081081081081,0.0,0.0,0.0,0.081081081081081,0.0,-0.0170983483483483,438.0,0.2189534908617327,0.6221001684621345,0.0138590785352802,0.0759114043527182,1.4416312240782423
yx4HW98oi88LT5RNn,27,28,26,0.6815789473684211,0.7265037593984962,False,19,28,True,6.1,0.3210526315789473,False,1,True,3,9.0,False,3,3.0,False,True,True,False,False,,,,,,,,,,,,,,,,,,,,,,,,,,,,,,,,,,,,,,,,,,,,,,,,,,,,,,,,,,,,,,,,,,,,,,,,,,,,,,,,,,,,,,,,,,,,,,,,,,,,,,,,,,,,,,,,,,,,,,,,,,,,,,,,,,,,,,,,
z5KnsyKMZuhXgJc6s,24,25,23,1.0,0.995,True,2,25,True,1.4,0.7,False,1,False,3,11.0,False,3,2.0,False,True,True,True,True,1.0,0.375,0.0,-1.0,0.0,0.0,0.0,0.0,0.0,0.5,0.5,0.5,0.0,0.0,0.0,0.0,1.0,0.0,0.0,0.0,1.5,0.0,0.0,0.0,0.0,0.0,0.0,0.0,0.0,0.8883395295342991,0.0,8.0,0.0,0.0,2.0,0.0357142857142857,0.0,0.0,0.0,0.0,0.0,0.0,0.0,0.5,1.0,0.5,0.0,0.5,0.0,0.0,0.0,0.0,0.0,0.0,0.0,0.0,1.0,0.0,0.5,0.0,0.0,0.0,-1.6653345369377348e-16,0.0827867622018388,1.0,0.0,2.5,1.5,0.0,0.0,0.0,0.0,1.0,0.0827867622018388,0.0,0.5,2.0,0.0,4.615,0.0,0.0,0.0,0.0,0.5,0.0,0.0,0.0,0.0,0.5,0.0,0.0,0.0,0.0,0.0,0.0,0.5,0.0,0.0,0.0,0.0,0.675,0.5,0.0,2.7789785714285715,0.0,10.5645,0.0,0.9642857142857144,0.4172132377981611,0.0563971870578825,0.0,0.0,0.5,40.5,0.5,0.0,0.0,0.0,0.0,0.0,2.0,0.0,0.3954106271266936,0.0,0.0,0.0,0.0,0.5,0.0,0.55,16.0,0.0,0.8344264755963223,0.0,0.0,0.0
zHSydHxT3qxh5Z7b3,13,14,12,1.0,0.9022556390977444,True,19,14,True,3.8,0.1999999999999999,True,0,True,1,3.0,True,1,1.0,True,True,True,True,True,0.9207920792079208,0.4501072961373391,0.4485294117647059,0.1549456599014732,5.877651306839064e-17,0.0,0.0686274509803921,0.0098039215686274,0.0,0.5784313725490197,0.4313725490196078,0.284313725490196,0.0,0.1176470588235294,0.0,0.284313725490196,0.196078431372549,0.0490196078431372,0.1372549019607843,0.0294117647058823,0.2941176470588235,0.0294117647058823,0.0098039215686274,0.0686274509803921,0.0098039215686274,0.0588235294117647,0.0,0.0196078431372549,0.0490196078431372,0.0294957111377821,0.0098039215686274,5.264705882352941,0.1372549019607843,0.0035130435887343,0.3039215686274509,0.0452680217386099,0.1078431372549019,0.0588235294117647,0.0238095238095238,0.0196078431372549,0.0,0.0294117647058823,0.0,0.1666666666666666,0.0784313725490196,0.0784313725490196,0.0294117647058823,0.1372549019607843,0.1470588235294117,0.0,0.0784313725490196,0.0588235294117647,0.0392156862745098,0.0294117647058823,0.0588235294117647,0.0,0.2549019607843137,0.0196078431372549,0.0686274509803921,0.0098039215686274,0.0294117647058823,0.0098039215686274,-1.3605674321386723e-16,0.223380160406416,0.1176470588235294,0.0,1.8333333333333333,0.3137254901960784,0.0392156862745098,0.1862745098039215,0.0392156862745098,0.0784313725490196,0.1568627450980392,0.1902613186989451,0.0,0.0686274509803921,0.8725490196078431,0.0196078431372549,4.824003267973857,0.0294117647058823,0.0196078431372549,0.0,0.0490196078431372,0.2352941176470588,0.0392156862745098,0.0,0.2156862745098039,0.0392156862745098,0.088235294117647,0.0,0.1470588235294117,0.0,0.0294117647058823,0.1078431372549019,0.3529411764705882,0.088235294117647,0.0,0.2450980392156862,0.0,0.0,0.281296685340803,0.4313725490196078,0.0,1.4789810610740024,0.0294117647058823,8.957676470588234,0.0,0.9785370130958366,0.6337480829129319,0.24655011537777,0.0686274509803921,0.0098039215686274,0.1666666666666666,22.558823529411764,0.196078431372549,0.3529411764705882,0.0588235294117647,0.0294117647058823,0.0098039215686274,0.0392156862745098,0.284313725490196,0.0098039215686274,0.4473845654660288,0.0980392156862745,0.0,0.0,0.0,0.1078431372549019,0.0098039215686274,0.0647467320261438,466.0,0.254905473452841,0.6039124657055294,0.001776289061004,0.0472747853337817,1.5072116950020356
zLtu6cXX24KhhWfaJ,3,4,2,0.7222222222222222,0.7297297297297297,False,19,4,False,10.2,0.5368421052631579,True,0,False,3,10.0,True,3,4.0,False,True,True,False,False,,,,,,,,,,,,,,,,,,,,,,,,,,,,,,,,,,,,,,,,,,,,,,,,,,,,,,,,,,,,,,,,,,,,,,,,,,,,,,,,,,,,,,,,,,,,,,,,,,,,,,,,,,,,,,,,,,,,,,,,,,,,,,,,,,,,,,,,
zQnZ9X9zHXbheAcTT,6,7,5,0.1,0.1871428571428571,True,5,7,False,1.0,0.2,False,1,False,2,7.0,False,2,1.0,True,True,True,True,True,0.0,0.0,0.0,0.0,,0.0,0.0,0.0,0.0,1.0,1.0,3.0,0.0,0.0,0.0,0.0,1.0,0.0,0.0,0.0,0.0,0.0,0.0,0.0,0.0,0.0,0.0,0.0,0.0,-1.017962419605169,0.0,12.0,0.0,0.0,0.0,0.0,0.0,0.0,0.0,0.0,0.0,0.0,0.0,0.0,0.0,0.0,0.0,0.0,1.0,0.0,0.0,0.0,0.0,0.0,0.0,0.0,0.0,0.0,0.0,0.0,0.0,0.0,,0.0,0.0,0.0,5.0,3.0,0.0,0.0,1.0,0.0,0.0,0.0,0.0,0.0,4.0,0.0,7.36,0.0,0.0,0.0,0.0,0.0,0.0,0.0,0.0,0.0,1.0,0.0,1.0,0.0,0.0,0.0,1.0,0.0,0.0,0.0,0.0,0.0,0.95,0.0,0.0,6.863366666666666,0.0,0.0,0.0,1.0,0.0,0.8640725612640381,0.0,0.0,2.0,71.0,2.0,1.0,0.0,0.0,0.0,1.0,0.0,0.0,0.1251634955406189,0.0,0.0,0.0,0.0,0.0,0.0,-0.6,12.0,0.0,0.0,0.0,0.0,0.0
zSShqhQ7xiCcHZSJP,19,20,18,1.0,0.8964285714285715,False,14,20,True,4.8,0.3428571428571428,True,0,False,3,6.0,False,3,4.0,False,False,False,False,False,,,,,,,,,,,,,,,,,,,,,,,,,,,,,,,,,,,,,,,,,,,,,,,,,,,,,,,,,,,,,,,,,,,,,,,,,,,,,,,,,,,,,,,,,,,,,,,,,,,,,,,,,,,,,,,,,,,,,,,,,,,,,,,,,,,,,,,,
zTbHGGYYavSwFSdRx,16,17,15,0.9230769230769232,0.8506787330316742,False,15,17,True,6.0,0.4,True,1,True,2,2.0,True,2,2.0,False,True,True,False,False,,,,,,,,,,,,,,,,,,,,,,,,,,,,,,,,,,,,,,,,,,,,,,,,,,,,,,,,,,,,,,,,,,,,,,,,,,,,,,,,,,,,,,,,,,,,,,,,,,,,,,,,,,,,,,,,,,,,,,,,,,,,,,,,,,,,,,,,
zhZNqqHS7Aa6X9P8M,21,22,20,0.7631578947368421,0.7984486873508353,True,20,22,False,8.8,0.44,False,0,False,3,6.0,False,3,2.0,True,False,False,True,True,0.9196428571428572,0.6283950617283951,0.5050147492625369,0.1126206628734075,-5.944114423878051e-17,0.0,0.0442477876106194,0.0,0.0,0.9026548672566372,0.6548672566371682,0.1415929203539823,0.0,0.1238938053097345,0.0,0.2212389380530973,0.1769911504424778,0.0176991150442477,0.0353982300884955,0.0530973451327433,0.1858407079646017,0.0176991150442477,0.0,0.0707964601769911,0.0088495575221238,0.0707964601769911,0.0,0.0530973451327433,0.0,0.2199100942846834,0.0,5.442477876106195,0.079646017699115,0.0028469790493992,0.2566371681415929,0.0483677410187606,0.0176991150442477,0.0265486725663716,0.0345490301242513,0.0,0.0619469026548672,0.0,0.0,0.1769911504424778,0.0619469026548672,0.0442477876106194,0.0176991150442477,0.1150442477876106,0.0884955752212389,0.0,0.0707964601769911,0.0707964601769911,0.0619469026548672,0.0265486725663716,0.0,0.0,0.1769911504424778,0.0353982300884955,0.1946902654867256,0.0,0.0265486725663716,0.0088495575221238,-5.894989511284018e-17,0.3277231497800475,0.1504424778761062,0.0,1.8672566371681416,0.4867256637168141,0.0,0.1150442477876106,0.0530973451327433,0.0707964601769911,0.1504424778761062,0.2601175192400496,0.0,0.2123893805309734,0.831858407079646,0.0176991150442477,4.725663716814159,0.0176991150442477,0.0442477876106194,0.0,0.0,0.2389380530973451,0.0442477876106194,0.0,0.1061946902654867,0.0353982300884955,0.1327433628318584,0.0,0.0707964601769911,0.0,0.0176991150442477,0.0884955752212389,0.3451327433628318,0.0619469026548672,0.0,0.0884955752212389,0.0,0.0,0.2911466753502152,0.672566371681416,0.0,1.5256649119765704,0.0353982300884955,12.530716814159293,0.0,0.9673931365543524,0.6115624032079079,0.2074464358352289,0.1769911504424778,0.0,0.1504424778761062,22.1858407079646,0.2300884955752212,0.6106194690265486,0.0884955752212389,0.1415929203539823,0.0,0.0265486725663716,0.1858407079646017,0.0,0.432806265540421,0.0884955752212389,0.0,0.0,0.0,0.0884955752212389,0.0,0.1578730094880537,540.0,0.2269224516845729,0.5535350041966568,0.0112111852014896,0.074331633212112,1.3321160514009969
ziYL3nNeMLG9sGtTz,6,7,5,0.9178571428571428,0.9061224489795918,True,14,7,True,6.6,0.4714285714285714,False,1,False,1,3.0,False,1,1.0,True,False,False,True,True,1.0,0.397094430992736,0.3047619047619048,0.2645821289232494,-1.4802973661668754e-17,0.0,0.0,0.0,0.0,0.3333333333333333,0.2666666666666666,0.1333333333333333,0.0,0.0666666666666666,0.0,0.0666666666666666,0.2666666666666666,0.0,0.0,0.0,0.3333333333333333,0.0,0.0,0.2,0.0,0.0,0.0,0.0,0.0,0.9400676723764876,0.0666666666666666,4.4,0.0666666666666666,0.0005241478735454,0.2,0.0466666666666666,0.1333333333333333,0.0,0.0444444444444444,0.0,0.0666666666666666,0.0,0.0,0.0,0.0666666666666666,0.0,0.0,0.0666666666666666,0.0,0.0,0.0666666666666666,0.0,0.0,0.1333333333333333,0.0,0.0,0.2,0.1333333333333333,0.2,0.0,0.0,0.0,-1.1102230246251563e-16,0.2061078410501212,0.2666666666666666,0.0,1.4,0.3333333333333333,0.0,0.0,0.0,0.0,0.2,0.2356845183055232,0.0,0.2,0.8,0.0,5.218666666666667,0.0,0.0,0.0,0.0,0.2,0.0,0.0,0.0666666666666666,0.0,0.3333333333333333,0.0,0.0666666666666666,0.0,0.0,0.0,0.4666666666666667,0.0,0.0,0.0666666666666666,0.0,0.0,0.3518518518518518,0.4,0.0,2.917858518518518,0.0,22.62,0.0,0.9716666666666666,0.6048560675830745,0.0380607545375823,0.0666666666666666,0.0,0.0,19.533333333333335,0.2,0.1333333333333333,0.0,0.1333333333333333,0.0,0.0666666666666666,0.2,0.0,0.3991637772570053,0.0666666666666666,0.0666666666666666,0.0,0.0,0.2,0.0,0.2633333333333333,59.0,0.0519168334614225,0.6805959450227816,0.0070381470686642,0.0174332843793638,1.773780706465851
zrxsJ6NsjZqBSyrNS,10,11,9,0.5499999999999999,0.543939393939394,True,3,11,False,1.5,0.5,False,0,False,3,9.0,False,3,4.0,True,False,False,True,False,,,,,,,,,,,,,,,,,,,,,,,,,,,,,,,,,,,,,,,,,,,,,,,,,,,,,,,,,,,,,,,,,,,,,,,,,,,,,,,,,,,,,,,,,,,,,,,,,,,,,,,,,,,,,,,,,,,,,,,,,,,,,,,,,,,,,,,,
zzwFiFeNTXYCkijjE,16,17,15,0.9714285714285714,0.8088235294117647,False,7,17,False,3.8,0.5428571428571428,False,0,True,1,3.0,False,1,1.0,False,True,True,False,False,,,,,,,,,,,,,,,,,,,,,,,,,,,,,,,,,,,,,,,,,,,,,,,,,,,,,,,,,,,,,,,,,,,,,,,,,,,,,,,,,,,,,,,,,,,,,,,,,,,,,,,,,,,,,,,,,,,,,,,,,,,,,,,,,,,,,,,,
