gameId,round_index,contribution_rate,has_chat_channel,last_round,n_rounds_played
2CpmMrTnRYQhD69qN,0,0.7000000000000001,False,26,27
2CpmMrTnRYQhD69qN,1,0.6666666666666666,False,26,27
2CpmMrTnRYQhD69qN,2,0.6833333333333332,False,26,27
2CpmMrTnRYQhD69qN,3,0.7166666666666667,False,26,27
2CpmMrTnRYQhD69qN,4,0.75,False,26,27
2CpmMrTnRYQhD69qN,5,0.7333333333333334,False,26,27
2CpmMrTnRYQhD69qN,6,0.7083333333333334,False,26,27
2CpmMrTnRYQhD69qN,7,0.875,False,26,27
2CpmMrTnRYQhD69qN,8,0.7833333333333333,False,26,27
2CpmMrTnRYQhD69qN,9,0.7583333333333333,False,26,27
2CpmMrTnRYQhD69qN,10,0.7916666666666666,False,26,27
2CpmMrTnRYQhD69qN,11,0.8250000000000001,False,26,27
2CpmMrTnRYQhD69qN,12,0.7583333333333333,False,26,27
2CpmMrTnRYQhD69qN,13,0.7583333333333333,False,26,27
2CpmMrTnRYQhD69qN,14,0.7166666666666667,False,26,27
2CpmMrTnRYQhD69qN,15,0.7583333333333333,False,26,27
2CpmMrTnRYQhD69qN,16,0.6916666666666668,False,26,27
2CpmMrTnRYQhD69qN,17,0.7416666666666667,False,26,27
2CpmMrTnRYQhD69qN,18,0.6833333333333332,False,26,27
2CpmMrTnRYQhD69qN,19,0.7416666666666667,False,26,27
2CpmMrTnRYQhD69qN,20,0.725,False,26,27
2CpmMrTnRYQhD69qN,21,0.75,False,26,27
2CpmMrTnRYQhD69qN,22,0.7583333333333333,False,26,27
2CpmMrTnRYQhD69qN,23,0.7333333333333334,False,26,27
2CpmMrTnRYQhD69qN,24,0.775,False,26,27
2CpmMrTnRYQhD69qN,25,0.8083333333333332,False,26,27
2CpmMrTnRYQhD69qN,26,0.7916666666666666,False,26,27
2HvMCoKkzNvhYKJgp,0,0.7388888888888889,False,20,21
2HvMCoKkzNvhYKJgp,1,0.75,False,20,21
2HvMCoKkzNvhYKJgp,2,0.8444444444444444,False,20,21
2HvMCoKkzNvhYKJgp,3,0.8500000000000001,False,20,21
2HvMCoKkzNvhYKJgp,4,0.8647058823529411,False,20,21
2HvMCoKkzNvhYKJgp,5,0.7647058823529411,False,20,21
2HvMCoKkzNvhYKJgp,6,0.5764705882352942,False,20,21
2HvMCoKkzNvhYKJgp,7,0.6617647058823529,False,20,21
2HvMCoKkzNvhYKJgp,8,0.5911764705882353,False,20,21
2HvMCoKkzNvhYKJgp,9,0.475,False,20,21
2HvMCoKkzNvhYKJgp,10,0.428125,False,20,21
2HvMCoKkzNvhYKJgp,11,0.515625,False,20,21
2HvMCoKkzNvhYKJgp,12,0.4375,False,20,21
2HvMCoKkzNvhYKJgp,13,0.48125,False,20,21
2HvMCoKkzNvhYKJgp,14,0.409375,False,20,21
2HvMCoKkzNvhYKJgp,15,0.521875,False,20,21
2HvMCoKkzNvhYKJgp,16,0.60625,False,20,21
2HvMCoKkzNvhYKJgp,17,0.459375,False,20,21
2HvMCoKkzNvhYKJgp,18,0.53125,False,20,21
2HvMCoKkzNvhYKJgp,19,0.5,False,20,21
2HvMCoKkzNvhYKJgp,20,0.4375,False,20,21
2YFxArCtvNNrLdMEh,0,0.5,False,10,11
2YFxArCtvNNrLdMEh,1,0.8,False,10,11
2YFxArCtvNNrLdMEh,2,0.8,False,10,11
2YFxArCtvNNrLdMEh,3,0.75,False,10,11
2YFxArCtvNNrLdMEh,4,0.8125,False,10,11
2YFxArCtvNNrLdMEh,5,0.9125,False,10,11
2YFxArCtvNNrLdMEh,6,0.55,False,10,11
2YFxArCtvNNrLdMEh,7,0.5875,False,10,11
2YFxArCtvNNrLdMEh,8,0.5,False,10,11
2YFxArCtvNNrLdMEh,9,0.25,False,10,11
2YFxArCtvNNrLdMEh,10,0.4125,False,10,11
2fKfFJWpm9wfoPMfx,0,0.6000000000000001,False,27,28
2fKfFJWpm9wfoPMfx,1,0.7666666666666667,False,27,28
2fKfFJWpm9wfoPMfx,2,0.8166666666666667,False,27,28
2fKfFJWpm9wfoPMfx,3,0.9500000000000001,False,27,28
2fKfFJWpm9wfoPMfx,4,1.0,False,27,28
2fKfFJWpm9wfoPMfx,5,0.9500000000000001,False,27,28
2fKfFJWpm9wfoPMfx,6,0.9388888888888888,False,27,28
2fKfFJWpm9wfoPMfx,7,0.8999999999999999,False,27,28
2fKfFJWpm9wfoPMfx,8,0.9277777777777777,False,27,28
2fKfFJWpm9wfoPMfx,9,1.0,False,27,28
2fKfFJWpm9wfoPMfx,10,0.8888888888888888,False,27,28
2fKfFJWpm9wfoPMfx,11,0.8333333333333334,False,27,28
2fKfFJWpm9wfoPMfx,12,0.8666666666666667,False,27,28
2fKfFJWpm9wfoPMfx,13,1.0,False,27,28
2fKfFJWpm9wfoPMfx,14,0.9166666666666666,False,27,28
2fKfFJWpm9wfoPMfx,15,1.0,False,27,28
2fKfFJWpm9wfoPMfx,16,1.0,False,27,28
2fKfFJWpm9wfoPMfx,17,1.0,False,27,28
2fKfFJWpm9wfoPMfx,18,1.0,False,27,28
2fKfFJWpm9wfoPMfx,19,0.9444444444444444,False,27,28
2fKfFJWpm9wfoPMfx,20,0.9444444444444444,False,27,28
2fKfFJWpm9wfoPMfx,21,0.9444444444444444,False,27,28
2fKfFJWpm9wfoPMfx,22,0.8888888888888888,False,27,28
2fKfFJWpm9wfoPMfx,23,1.0,False,27,28
2fKfFJWpm9wfoPMfx,24,0.8888888888888888,False,27,28
2fKfFJWpm9wfoPMfx,25,1.0,False,27,28
2fKfFJWpm9wfoPMfx,26,1.0,False,27,28
2fKfFJWpm9wfoPMfx,27,1.0,False,27,28
2kZ3jKdHmB57javWy,0,0.6666666666666666,True,12,13
2kZ3jKdHmB57javWy,1,0.7166666666666667,True,12,13
2kZ3jKdHmB57javWy,2,0.6666666666666666,True,12,13
2kZ3jKdHmB57javWy,3,0.6416666666666666,True,12,13
2kZ3jKdHmB57javWy,4,0.625,True,12,13
2kZ3jKdHmB57javWy,5,0.5,True,12,13
2kZ3jKdHmB57javWy,6,0.5833333333333334,True,12,13
2kZ3jKdHmB57javWy,7,0.75,True,12,13
2kZ3jKdHmB57javWy,8,0.9166666666666666,True,12,13
2kZ3jKdHmB57javWy,9,0.9166666666666666,True,12,13
2kZ3jKdHmB57javWy,10,0.9166666666666666,True,12,13
2kZ3jKdHmB57javWy,11,1.0,True,12,13
2kZ3jKdHmB57javWy,12,1.0,True,12,13
2r5xvh4mLkmbyTPuW,0,0.7,True,22,23
2r5xvh4mLkmbyTPuW,1,0.9,True,22,23
2r5xvh4mLkmbyTPuW,2,0.9,True,22,23
2r5xvh4mLkmbyTPuW,3,0.9,True,22,23
2r5xvh4mLkmbyTPuW,4,1.0,True,22,23
2r5xvh4mLkmbyTPuW,5,1.0,True,22,23
2r5xvh4mLkmbyTPuW,6,0.8888888888888888,True,22,23
2r5xvh4mLkmbyTPuW,7,0.8888888888888888,True,22,23
2r5xvh4mLkmbyTPuW,8,0.8888888888888888,True,22,23
2r5xvh4mLkmbyTPuW,9,0.8888888888888888,True,22,23
2r5xvh4mLkmbyTPuW,10,0.8888888888888888,True,22,23
2r5xvh4mLkmbyTPuW,11,0.8888888888888888,True,22,23
2r5xvh4mLkmbyTPuW,12,0.8888888888888888,True,22,23
2r5xvh4mLkmbyTPuW,13,0.8888888888888888,True,22,23
2r5xvh4mLkmbyTPuW,14,0.8888888888888888,True,22,23
2r5xvh4mLkmbyTPuW,15,0.8888888888888888,True,22,23
2r5xvh4mLkmbyTPuW,16,0.8888888888888888,True,22,23
2r5xvh4mLkmbyTPuW,17,0.8888888888888888,True,22,23
2r5xvh4mLkmbyTPuW,18,0.7777777777777778,True,22,23
2r5xvh4mLkmbyTPuW,19,0.8888888888888888,True,22,23
2r5xvh4mLkmbyTPuW,20,0.8888888888888888,True,22,23
2r5xvh4mLkmbyTPuW,21,0.8888888888888888,True,22,23
2r5xvh4mLkmbyTPuW,22,0.8888888888888888,True,22,23
33TyenkkqmAAHQSom,0,0.3382352941176471,False,16,17
33TyenkkqmAAHQSom,1,0.4533333333333333,False,16,17
33TyenkkqmAAHQSom,2,0.55,False,16,17
33TyenkkqmAAHQSom,3,0.46,False,16,17
33TyenkkqmAAHQSom,4,0.4,False,16,17
33TyenkkqmAAHQSom,5,0.47333333333333333,False,16,17
33TyenkkqmAAHQSom,6,0.4857142857142857,False,16,17
33TyenkkqmAAHQSom,7,0.4714285714285714,False,16,17
33TyenkkqmAAHQSom,8,0.43928571428571433,False,16,17
33TyenkkqmAAHQSom,9,0.4714285714285714,False,16,17
33TyenkkqmAAHQSom,10,0.5214285714285715,False,16,17
33TyenkkqmAAHQSom,11,0.5285714285714286,False,16,17
33TyenkkqmAAHQSom,12,0.4785714285714286,False,16,17
33TyenkkqmAAHQSom,13,0.45357142857142857,False,16,17
33TyenkkqmAAHQSom,14,0.5142857142857143,False,16,17
33TyenkkqmAAHQSom,15,0.4571428571428572,False,16,17
33TyenkkqmAAHQSom,16,0.32142857142857145,False,16,17
3p9Tuh3Z59cdmPNA7,0,0.6642857142857144,True,26,27
3p9Tuh3Z59cdmPNA7,1,0.7857142857142857,True,26,27
3p9Tuh3Z59cdmPNA7,2,0.8571428571428571,True,26,27
3p9Tuh3Z59cdmPNA7,3,1.0,True,26,27
3p9Tuh3Z59cdmPNA7,4,1.0,True,26,27
3p9Tuh3Z59cdmPNA7,5,1.0,True,26,27
3p9Tuh3Z59cdmPNA7,6,1.0,True,26,27
3p9Tuh3Z59cdmPNA7,7,1.0,True,26,27
3p9Tuh3Z59cdmPNA7,8,1.0,True,26,27
3p9Tuh3Z59cdmPNA7,9,1.0,True,26,27
3p9Tuh3Z59cdmPNA7,10,1.0,True,26,27
3p9Tuh3Z59cdmPNA7,11,1.0,True,26,27
3p9Tuh3Z59cdmPNA7,12,1.0,True,26,27
3p9Tuh3Z59cdmPNA7,13,1.0,True,26,27
3p9Tuh3Z59cdmPNA7,14,1.0,True,26,27
3p9Tuh3Z59cdmPNA7,15,1.0,True,26,27
3p9Tuh3Z59cdmPNA7,16,1.0,True,26,27
3p9Tuh3Z59cdmPNA7,17,1.0,True,26,27
3p9Tuh3Z59cdmPNA7,18,1.0,True,26,27
3p9Tuh3Z59cdmPNA7,19,1.0,True,26,27
3p9Tuh3Z59cdmPNA7,20,1.0,True,26,27
3p9Tuh3Z59cdmPNA7,21,1.0,True,26,27
3p9Tuh3Z59cdmPNA7,22,1.0,True,26,27
3p9Tuh3Z59cdmPNA7,23,1.0,True,26,27
3p9Tuh3Z59cdmPNA7,24,1.0,True,26,27
3p9Tuh3Z59cdmPNA7,25,1.0,True,26,27
3p9Tuh3Z59cdmPNA7,26,1.0,True,26,27
3sZW8GmBWg97noGXL,0,0.6,False,17,18
3sZW8GmBWg97noGXL,1,0.8888888888888888,False,17,18
3sZW8GmBWg97noGXL,2,0.6666666666666666,False,17,18
3sZW8GmBWg97noGXL,3,0.5555555555555556,False,17,18
3sZW8GmBWg97noGXL,4,0.5555555555555556,False,17,18
3sZW8GmBWg97noGXL,5,0.5555555555555556,False,17,18
3sZW8GmBWg97noGXL,6,0.5555555555555556,False,17,18
3sZW8GmBWg97noGXL,7,0.4444444444444444,False,17,18
3sZW8GmBWg97noGXL,8,0.3333333333333333,False,17,18
3sZW8GmBWg97noGXL,9,0.4444444444444444,False,17,18
3sZW8GmBWg97noGXL,10,0.3333333333333333,False,17,18
3sZW8GmBWg97noGXL,11,0.5555555555555556,False,17,18
3sZW8GmBWg97noGXL,12,0.4444444444444444,False,17,18
3sZW8GmBWg97noGXL,13,0.3333333333333333,False,17,18
3sZW8GmBWg97noGXL,14,0.2222222222222222,False,17,18
3sZW8GmBWg97noGXL,15,0.3333333333333333,False,17,18
3sZW8GmBWg97noGXL,16,0.6666666666666666,False,17,18
3sZW8GmBWg97noGXL,17,0.5555555555555556,False,17,18
3tST6tuakPSj9tKTJ,0,0.7857142857142857,False,3,4
3tST6tuakPSj9tKTJ,1,0.7692307692307693,False,3,4
3tST6tuakPSj9tKTJ,2,0.7692307692307693,False,3,4
3tST6tuakPSj9tKTJ,3,0.6153846153846154,False,3,4
3uYh9GbzKBb7ZadHf,0,0.48333333333333334,True,22,23
3uYh9GbzKBb7ZadHf,1,0.5,True,22,23
3uYh9GbzKBb7ZadHf,2,1.0,True,22,23
3uYh9GbzKBb7ZadHf,3,0.875,True,22,23
3uYh9GbzKBb7ZadHf,4,0.7083333333333334,True,22,23
3uYh9GbzKBb7ZadHf,5,0.7083333333333334,True,22,23
3uYh9GbzKBb7ZadHf,6,0.6749999999999999,True,22,23
3uYh9GbzKBb7ZadHf,7,0.625,True,22,23
3uYh9GbzKBb7ZadHf,8,0.625,True,22,23
3uYh9GbzKBb7ZadHf,9,0.5416666666666666,True,22,23
3uYh9GbzKBb7ZadHf,10,0.625,True,22,23
3uYh9GbzKBb7ZadHf,11,0.5833333333333334,True,22,23
3uYh9GbzKBb7ZadHf,12,0.5833333333333334,True,22,23
3uYh9GbzKBb7ZadHf,13,0.5,True,22,23
3uYh9GbzKBb7ZadHf,14,0.3333333333333333,True,22,23
3uYh9GbzKBb7ZadHf,15,0.4166666666666667,True,22,23
3uYh9GbzKBb7ZadHf,16,0.4583333333333333,True,22,23
3uYh9GbzKBb7ZadHf,17,0.4666666666666666,True,22,23
3uYh9GbzKBb7ZadHf,18,0.4666666666666666,True,22,23
3uYh9GbzKBb7ZadHf,19,0.48333333333333334,True,22,23
3uYh9GbzKBb7ZadHf,20,0.5416666666666666,True,22,23
3uYh9GbzKBb7ZadHf,21,0.4583333333333333,True,22,23
3uYh9GbzKBb7ZadHf,22,0.5,True,22,23
3uqZPGxnY38PPCreu,0,0.25,True,19,20
3uqZPGxnY38PPCreu,1,0.625,True,19,20
3uqZPGxnY38PPCreu,2,0.75,True,19,20
3uqZPGxnY38PPCreu,3,0.75,True,19,20
3uqZPGxnY38PPCreu,4,0.75,True,19,20
3uqZPGxnY38PPCreu,5,0.875,True,19,20
3uqZPGxnY38PPCreu,6,0.875,True,19,20
3uqZPGxnY38PPCreu,7,0.875,True,19,20
3uqZPGxnY38PPCreu,8,0.875,True,19,20
3uqZPGxnY38PPCreu,9,0.875,True,19,20
3uqZPGxnY38PPCreu,10,0.875,True,19,20
3uqZPGxnY38PPCreu,11,1.0,True,19,20
3uqZPGxnY38PPCreu,12,1.0,True,19,20
3uqZPGxnY38PPCreu,13,1.0,True,19,20
3uqZPGxnY38PPCreu,14,1.0,True,19,20
3uqZPGxnY38PPCreu,15,1.0,True,19,20
3uqZPGxnY38PPCreu,16,1.0,True,19,20
3uqZPGxnY38PPCreu,17,1.0,True,19,20
3uqZPGxnY38PPCreu,18,1.0,True,19,20
3uqZPGxnY38PPCreu,19,1.0,True,19,20
3zSNGrLvJJYZhmW2p,0,0.5,True,18,19
3zSNGrLvJJYZhmW2p,1,0.4166666666666667,True,18,19
3zSNGrLvJJYZhmW2p,2,0.5,True,18,19
3zSNGrLvJJYZhmW2p,3,0.3333333333333333,True,18,19
3zSNGrLvJJYZhmW2p,4,0.5,True,18,19
3zSNGrLvJJYZhmW2p,5,0.6666666666666666,True,18,19
3zSNGrLvJJYZhmW2p,6,0.75,True,18,19
3zSNGrLvJJYZhmW2p,7,0.4166666666666667,True,18,19
3zSNGrLvJJYZhmW2p,8,0.75,True,18,19
3zSNGrLvJJYZhmW2p,9,0.5833333333333334,True,18,19
3zSNGrLvJJYZhmW2p,10,0.5833333333333334,True,18,19
3zSNGrLvJJYZhmW2p,11,0.3333333333333333,True,18,19
3zSNGrLvJJYZhmW2p,12,0.4166666666666667,True,18,19
3zSNGrLvJJYZhmW2p,13,0.5,True,18,19
3zSNGrLvJJYZhmW2p,14,0.6666666666666666,True,18,19
3zSNGrLvJJYZhmW2p,15,0.75,True,18,19
3zSNGrLvJJYZhmW2p,16,0.6666666666666666,True,18,19
3zSNGrLvJJYZhmW2p,17,0.75,True,18,19
3zSNGrLvJJYZhmW2p,18,0.8333333333333334,True,18,19
4Menw33JLbdtzSvug,0,0.8150000000000001,False,11,12
4Menw33JLbdtzSvug,1,0.985,False,11,12
4Menw33JLbdtzSvug,2,0.9,False,11,12
4Menw33JLbdtzSvug,3,0.8699999999999999,False,11,12
4Menw33JLbdtzSvug,4,0.9949999999999999,False,11,12
4Menw33JLbdtzSvug,5,0.9,False,11,12
4Menw33JLbdtzSvug,6,0.9722222222222222,False,11,12
4Menw33JLbdtzSvug,7,1.0,False,11,12
4Menw33JLbdtzSvug,8,1.0,False,11,12
4Menw33JLbdtzSvug,9,0.8888888888888888,False,11,12
4Menw33JLbdtzSvug,10,1.0,False,11,12
4Menw33JLbdtzSvug,11,0.8888888888888888,False,11,12
4Z5uDYPcFsmMAnBJf,0,0.65,True,9,10
4Z5uDYPcFsmMAnBJf,1,0.65,True,9,10
4Z5uDYPcFsmMAnBJf,2,0.8,True,9,10
4Z5uDYPcFsmMAnBJf,3,0.8,True,9,10
4Z5uDYPcFsmMAnBJf,4,0.85,True,9,10
4Z5uDYPcFsmMAnBJf,5,0.85,True,9,10
4Z5uDYPcFsmMAnBJf,6,0.85,True,9,10
4Z5uDYPcFsmMAnBJf,7,0.9,True,9,10
4Z5uDYPcFsmMAnBJf,8,0.9,True,9,10
4Z5uDYPcFsmMAnBJf,9,0.95,True,9,10
4jSXooYhn8K6Cucgv,0,0.725,False,11,12
4jSXooYhn8K6Cucgv,1,0.86,False,11,12
4jSXooYhn8K6Cucgv,2,0.8099999999999999,False,11,12
4jSXooYhn8K6Cucgv,3,0.775,False,11,12
4jSXooYhn8K6Cucgv,4,0.825,False,11,12
4jSXooYhn8K6Cucgv,5,0.8,False,11,12
4jSXooYhn8K6Cucgv,6,0.9,False,11,12
4jSXooYhn8K6Cucgv,7,0.9,False,11,12
4jSXooYhn8K6Cucgv,8,0.8,False,11,12
4jSXooYhn8K6Cucgv,9,0.9,False,11,12
4jSXooYhn8K6Cucgv,10,0.8699999999999999,False,11,12
4jSXooYhn8K6Cucgv,11,0.75,False,11,12
4nKD5eDXT2JfQEFC2,0,0.6875,True,17,18
4nKD5eDXT2JfQEFC2,1,0.75,True,17,18
4nKD5eDXT2JfQEFC2,2,0.75,True,17,18
4nKD5eDXT2JfQEFC2,3,0.75,True,17,18
4nKD5eDXT2JfQEFC2,4,0.6875,True,17,18
4nKD5eDXT2JfQEFC2,5,0.875,True,17,18
4nKD5eDXT2JfQEFC2,6,0.75,True,17,18
4nKD5eDXT2JfQEFC2,7,0.8125,True,17,18
4nKD5eDXT2JfQEFC2,8,0.875,True,17,18
4nKD5eDXT2JfQEFC2,9,0.9375,True,17,18
4nKD5eDXT2JfQEFC2,10,0.9375,True,17,18
4nKD5eDXT2JfQEFC2,11,0.8125,True,17,18
4nKD5eDXT2JfQEFC2,12,0.9375,True,17,18
4nKD5eDXT2JfQEFC2,13,1.0,True,17,18
4nKD5eDXT2JfQEFC2,14,1.0,True,17,18
4nKD5eDXT2JfQEFC2,15,0.9375,True,17,18
4nKD5eDXT2JfQEFC2,16,1.0,True,17,18
4nKD5eDXT2JfQEFC2,17,1.0,True,17,18
56mkyKr2q9hbfJo5e,0,0.6666666666666666,True,19,20
56mkyKr2q9hbfJo5e,1,0.6666666666666666,True,19,20
56mkyKr2q9hbfJo5e,2,0.3333333333333333,True,19,20
56mkyKr2q9hbfJo5e,3,0.6666666666666666,True,19,20
56mkyKr2q9hbfJo5e,4,0.3333333333333333,True,19,20
56mkyKr2q9hbfJo5e,5,0.0,True,19,20
56mkyKr2q9hbfJo5e,6,0.3333333333333333,True,19,20
56mkyKr2q9hbfJo5e,7,0.3333333333333333,True,19,20
56mkyKr2q9hbfJo5e,8,0.0,True,19,20
56mkyKr2q9hbfJo5e,9,0.3333333333333333,True,19,20
56mkyKr2q9hbfJo5e,10,0.0,True,19,20
56mkyKr2q9hbfJo5e,11,0.0,True,19,20
56mkyKr2q9hbfJo5e,12,0.3333333333333333,True,19,20
56mkyKr2q9hbfJo5e,13,0.0,True,19,20
56mkyKr2q9hbfJo5e,14,0.6666666666666666,True,19,20
56mkyKr2q9hbfJo5e,15,0.6666666666666666,True,19,20
56mkyKr2q9hbfJo5e,16,0.0,True,19,20
56mkyKr2q9hbfJo5e,17,0.0,True,19,20
56mkyKr2q9hbfJo5e,18,0.3333333333333333,True,19,20
56mkyKr2q9hbfJo5e,19,0.0,True,19,20
5JcvB7tm4oqd3iXPL,0,0.5499999999999999,False,11,12
5JcvB7tm4oqd3iXPL,1,0.5236842105263158,False,11,12
5JcvB7tm4oqd3iXPL,2,0.4421052631578948,False,11,12
5JcvB7tm4oqd3iXPL,3,0.5289473684210527,False,11,12
5JcvB7tm4oqd3iXPL,4,0.4052631578947368,False,11,12
5JcvB7tm4oqd3iXPL,5,0.37105263157894736,False,11,12
5JcvB7tm4oqd3iXPL,6,0.3763157894736842,False,11,12
5JcvB7tm4oqd3iXPL,7,0.39999999999999997,False,11,12
5JcvB7tm4oqd3iXPL,8,0.2736842105263158,False,11,12
5JcvB7tm4oqd3iXPL,9,0.3263157894736842,False,11,12
5JcvB7tm4oqd3iXPL,10,0.40789473684210525,False,11,12
5JcvB7tm4oqd3iXPL,11,0.3157894736842105,False,11,12
5QNEkruDSQpYQ54a7,0,1.0,True,19,20
5QNEkruDSQpYQ54a7,1,1.0,True,19,20
5QNEkruDSQpYQ54a7,2,1.0,True,19,20
5QNEkruDSQpYQ54a7,3,1.0,True,19,20
5QNEkruDSQpYQ54a7,4,1.0,True,19,20
5QNEkruDSQpYQ54a7,5,1.0,True,19,20
5QNEkruDSQpYQ54a7,6,1.0,True,19,20
5QNEkruDSQpYQ54a7,7,1.0,True,19,20
5QNEkruDSQpYQ54a7,8,1.0,True,19,20
5QNEkruDSQpYQ54a7,9,1.0,True,19,20
5QNEkruDSQpYQ54a7,10,1.0,True,19,20
5QNEkruDSQpYQ54a7,11,1.0,True,19,20
5QNEkruDSQpYQ54a7,12,1.0,True,19,20
5QNEkruDSQpYQ54a7,13,1.0,True,19,20
5QNEkruDSQpYQ54a7,14,1.0,True,19,20
5QNEkruDSQpYQ54a7,15,1.0,True,19,20
5QNEkruDSQpYQ54a7,16,1.0,True,19,20
5QNEkruDSQpYQ54a7,17,1.0,True,19,20
5QNEkruDSQpYQ54a7,18,1.0,True,19,20
5QNEkruDSQpYQ54a7,19,1.0,True,19,20
5R4kRpHMWpazH7csB,0,0.75,True,10,11
5R4kRpHMWpazH7csB,1,0.8333333333333334,True,10,11
5R4kRpHMWpazH7csB,2,0.7666666666666666,True,10,11
5R4kRpHMWpazH7csB,3,0.7833333333333333,True,10,11
5R4kRpHMWpazH7csB,4,0.7333333333333334,True,10,11
5R4kRpHMWpazH7csB,5,0.85,True,10,11
5R4kRpHMWpazH7csB,6,1.0,True,10,11
5R4kRpHMWpazH7csB,7,1.0,True,10,11
5R4kRpHMWpazH7csB,8,1.0,True,10,11
5R4kRpHMWpazH7csB,9,1.0,True,10,11
5R4kRpHMWpazH7csB,10,1.0,True,10,11
5peepGs4D4ExMXS4R,0,0.7,True,9,10
5peepGs4D4ExMXS4R,1,0.99375,True,9,10
5peepGs4D4ExMXS4R,2,0.98125,True,9,10
5peepGs4D4ExMXS4R,3,0.971875,True,9,10
5peepGs4D4ExMXS4R,4,0.946875,True,9,10
5peepGs4D4ExMXS4R,5,0.95625,True,9,10
5peepGs4D4ExMXS4R,6,1.0,True,9,10
5peepGs4D4ExMXS4R,7,1.0,True,9,10
5peepGs4D4ExMXS4R,8,0.946875,True,9,10
5peepGs4D4ExMXS4R,9,0.990625,True,9,10
5qNajwPqTHZR4hzfB,0,0.7,True,9,10
5qNajwPqTHZR4hzfB,1,0.7,True,9,10
5qNajwPqTHZR4hzfB,2,0.7894736842105263,True,9,10
5qNajwPqTHZR4hzfB,3,0.7894736842105263,True,9,10
5qNajwPqTHZR4hzfB,4,0.9473684210526315,True,9,10
5qNajwPqTHZR4hzfB,5,0.8947368421052632,True,9,10
5qNajwPqTHZR4hzfB,6,0.8421052631578947,True,9,10
5qNajwPqTHZR4hzfB,7,0.6842105263157895,True,9,10
5qNajwPqTHZR4hzfB,8,0.631578947368421,True,9,10
5qNajwPqTHZR4hzfB,9,0.3157894736842105,True,9,10
5srShkDRaeNasJntF,0,0.6147058823529411,True,11,12
5srShkDRaeNasJntF,1,0.7794117647058824,True,11,12
5srShkDRaeNasJntF,2,0.7088235294117647,True,11,12
5srShkDRaeNasJntF,3,0.8205882352941176,True,11,12
5srShkDRaeNasJntF,4,0.8529411764705882,True,11,12
5srShkDRaeNasJntF,5,0.828125,True,11,12
5srShkDRaeNasJntF,6,0.8,True,11,12
5srShkDRaeNasJntF,7,0.8333333333333334,True,11,12
5srShkDRaeNasJntF,8,0.7333333333333333,True,11,12
5srShkDRaeNasJntF,9,0.73,True,11,12
5srShkDRaeNasJntF,10,0.6333333333333333,True,11,12
5srShkDRaeNasJntF,11,0.6666666666666666,True,11,12
5t4Ap8vtxqkcQ9zKZ,0,0.3375,False,20,21
5t4Ap8vtxqkcQ9zKZ,1,0.4125,False,20,21
5t4Ap8vtxqkcQ9zKZ,2,0.375,False,20,21
5t4Ap8vtxqkcQ9zKZ,3,0.4375,False,20,21
5t4Ap8vtxqkcQ9zKZ,4,0.525,False,20,21
5t4Ap8vtxqkcQ9zKZ,5,0.4375,False,20,21
5t4Ap8vtxqkcQ9zKZ,6,0.5875,False,20,21
5t4Ap8vtxqkcQ9zKZ,7,0.625,False,20,21
5t4Ap8vtxqkcQ9zKZ,8,0.35,False,20,21
5t4Ap8vtxqkcQ9zKZ,9,0.2125,False,20,21
5t4Ap8vtxqkcQ9zKZ,10,0.125,False,20,21
5t4Ap8vtxqkcQ9zKZ,11,0.325,False,20,21
5t4Ap8vtxqkcQ9zKZ,12,0.4125,False,20,21
5t4Ap8vtxqkcQ9zKZ,13,0.4375,False,20,21
5t4Ap8vtxqkcQ9zKZ,14,0.325,False,20,21
5t4Ap8vtxqkcQ9zKZ,15,0.1875,False,20,21
5t4Ap8vtxqkcQ9zKZ,16,0.475,False,20,21
5t4Ap8vtxqkcQ9zKZ,17,0.3125,False,20,21
5t4Ap8vtxqkcQ9zKZ,18,0.5,False,20,21
5t4Ap8vtxqkcQ9zKZ,19,0.3375,False,20,21
5t4Ap8vtxqkcQ9zKZ,20,0.5875,False,20,21
5wPa3KXc3CN6CzKyT,0,0.74,True,16,17
5wPa3KXc3CN6CzKyT,1,0.8099999999999999,True,16,17
5wPa3KXc3CN6CzKyT,2,0.85,True,16,17
5wPa3KXc3CN6CzKyT,3,0.9349999999999999,True,16,17
5wPa3KXc3CN6CzKyT,4,0.8400000000000001,True,16,17
5wPa3KXc3CN6CzKyT,5,0.78,True,16,17
5wPa3KXc3CN6CzKyT,6,0.775,True,16,17
5wPa3KXc3CN6CzKyT,7,0.9650000000000001,True,16,17
5wPa3KXc3CN6CzKyT,8,0.78,True,16,17
5wPa3KXc3CN6CzKyT,9,0.9400000000000001,True,16,17
5wPa3KXc3CN6CzKyT,10,0.8,True,16,17
5wPa3KXc3CN6CzKyT,11,0.82,True,16,17
5wPa3KXc3CN6CzKyT,12,0.9400000000000001,True,16,17
5wPa3KXc3CN6CzKyT,13,0.96,True,16,17
5wPa3KXc3CN6CzKyT,14,0.8949999999999999,True,16,17
5wPa3KXc3CN6CzKyT,15,0.975,True,16,17
5wPa3KXc3CN6CzKyT,16,0.795,True,16,17
62jkonBJNwxE4uxCc,0,0.6153846153846154,True,18,19
62jkonBJNwxE4uxCc,1,0.6363636363636364,True,18,19
62jkonBJNwxE4uxCc,2,0.7272727272727273,True,18,19
62jkonBJNwxE4uxCc,3,0.9,True,18,19
62jkonBJNwxE4uxCc,4,0.9,True,18,19
62jkonBJNwxE4uxCc,5,1.0,True,18,19
62jkonBJNwxE4uxCc,6,0.7,True,18,19
62jkonBJNwxE4uxCc,7,0.8,True,18,19
62jkonBJNwxE4uxCc,8,1.0,True,18,19
62jkonBJNwxE4uxCc,9,0.9,True,18,19
62jkonBJNwxE4uxCc,10,0.9,True,18,19
62jkonBJNwxE4uxCc,11,0.8,True,18,19
62jkonBJNwxE4uxCc,12,1.0,True,18,19
62jkonBJNwxE4uxCc,13,0.9,True,18,19
62jkonBJNwxE4uxCc,14,1.0,True,18,19
62jkonBJNwxE4uxCc,15,0.9,True,18,19
62jkonBJNwxE4uxCc,16,0.8,True,18,19
62jkonBJNwxE4uxCc,17,0.9,True,18,19
62jkonBJNwxE4uxCc,18,0.8,True,18,19
6AnZ2gcC3gTC5kA9j,0,0.55,True,21,22
6AnZ2gcC3gTC5kA9j,1,0.6277777777777778,True,21,22
6AnZ2gcC3gTC5kA9j,2,0.6944444444444444,True,21,22
6AnZ2gcC3gTC5kA9j,3,0.5555555555555556,True,21,22
6AnZ2gcC3gTC5kA9j,4,0.4222222222222222,True,21,22
6AnZ2gcC3gTC5kA9j,5,0.2777777777777778,True,21,22
6AnZ2gcC3gTC5kA9j,6,0.34444444444444444,True,21,22
6AnZ2gcC3gTC5kA9j,7,0.5833333333333334,True,21,22
6AnZ2gcC3gTC5kA9j,8,0.6611111111111111,True,21,22
6AnZ2gcC3gTC5kA9j,9,0.6111111111111112,True,21,22
6AnZ2gcC3gTC5kA9j,10,0.5555555555555556,True,21,22
6AnZ2gcC3gTC5kA9j,11,0.5333333333333333,True,21,22
6AnZ2gcC3gTC5kA9j,12,0.4666666666666667,True,21,22
6AnZ2gcC3gTC5kA9j,13,0.55,True,21,22
6AnZ2gcC3gTC5kA9j,14,0.5555555555555556,True,21,22
6AnZ2gcC3gTC5kA9j,15,0.6444444444444444,True,21,22
6AnZ2gcC3gTC5kA9j,16,0.6555555555555556,True,21,22
6AnZ2gcC3gTC5kA9j,17,0.55,True,21,22
6AnZ2gcC3gTC5kA9j,18,0.49444444444444446,True,21,22
6AnZ2gcC3gTC5kA9j,19,0.4555555555555555,True,21,22
6AnZ2gcC3gTC5kA9j,20,0.5388888888888889,True,21,22
6AnZ2gcC3gTC5kA9j,21,0.37222222222222223,True,21,22
6DXFKd9xB82wP9Jgv,0,0.75,True,3,4
6DXFKd9xB82wP9Jgv,1,0.625,True,3,4
6DXFKd9xB82wP9Jgv,2,0.625,True,3,4
6DXFKd9xB82wP9Jgv,3,0.625,True,3,4
6SoC6epyahaHq4Aqk,0,0.628125,False,7,8
6SoC6epyahaHq4Aqk,1,0.6933333333333334,False,7,8
6SoC6epyahaHq4Aqk,2,0.8366666666666667,False,7,8
6SoC6epyahaHq4Aqk,3,0.8066666666666666,False,7,8
6SoC6epyahaHq4Aqk,4,0.7633333333333333,False,7,8
6SoC6epyahaHq4Aqk,5,0.7966666666666666,False,7,8
6SoC6epyahaHq4Aqk,6,0.75,False,7,8
6SoC6epyahaHq4Aqk,7,0.6866666666666668,False,7,8
6dqvAvzRitgMgaghe,0,0.8235294117647058,False,8,9
6dqvAvzRitgMgaghe,1,0.8823529411764706,False,8,9
6dqvAvzRitgMgaghe,2,0.8823529411764706,False,8,9
6dqvAvzRitgMgaghe,3,0.8823529411764706,False,8,9
6dqvAvzRitgMgaghe,4,0.8823529411764706,False,8,9
6dqvAvzRitgMgaghe,5,0.9411764705882353,False,8,9
6dqvAvzRitgMgaghe,6,1.0,False,8,9
6dqvAvzRitgMgaghe,7,0.8235294117647058,False,8,9
6dqvAvzRitgMgaghe,8,0.7058823529411765,False,8,9
6g6EedD8XEyQjFWFq,0,0.8,True,28,29
6g6EedD8XEyQjFWFq,1,0.6,True,28,29
6g6EedD8XEyQjFWFq,2,0.6,True,28,29
6g6EedD8XEyQjFWFq,3,0.4,True,28,29
6g6EedD8XEyQjFWFq,4,0.8,True,28,29
6g6EedD8XEyQjFWFq,5,0.6,True,28,29
6g6EedD8XEyQjFWFq,6,0.8,True,28,29
6g6EedD8XEyQjFWFq,7,0.8,True,28,29
6g6EedD8XEyQjFWFq,8,0.8,True,28,29
6g6EedD8XEyQjFWFq,9,1.0,True,28,29
6g6EedD8XEyQjFWFq,10,1.0,True,28,29
6g6EedD8XEyQjFWFq,11,1.0,True,28,29
6g6EedD8XEyQjFWFq,12,1.0,True,28,29
6g6EedD8XEyQjFWFq,13,1.0,True,28,29
6g6EedD8XEyQjFWFq,14,1.0,True,28,29
6g6EedD8XEyQjFWFq,15,1.0,True,28,29
6g6EedD8XEyQjFWFq,16,1.0,True,28,29
6g6EedD8XEyQjFWFq,17,1.0,True,28,29
6g6EedD8XEyQjFWFq,18,1.0,True,28,29
6g6EedD8XEyQjFWFq,19,1.0,True,28,29
6g6EedD8XEyQjFWFq,20,1.0,True,28,29
6g6EedD8XEyQjFWFq,21,1.0,True,28,29
6g6EedD8XEyQjFWFq,22,1.0,True,28,29
6g6EedD8XEyQjFWFq,23,1.0,True,28,29
6g6EedD8XEyQjFWFq,24,1.0,True,28,29
6g6EedD8XEyQjFWFq,25,1.0,True,28,29
6g6EedD8XEyQjFWFq,26,1.0,True,28,29
6g6EedD8XEyQjFWFq,27,1.0,True,28,29
6g6EedD8XEyQjFWFq,28,0.6,True,28,29
6iLBXJmhY7rAmsriu,0,0.6923076923076923,True,4,5
6iLBXJmhY7rAmsriu,1,0.8181818181818182,True,4,5
6iLBXJmhY7rAmsriu,2,0.9090909090909091,True,4,5
6iLBXJmhY7rAmsriu,3,0.9090909090909091,True,4,5
6iLBXJmhY7rAmsriu,4,0.9090909090909091,True,4,5
6t8NHQ8iTzuxsgpr3,0,0.6111111111111112,False,17,18
6t8NHQ8iTzuxsgpr3,1,0.6470588235294118,False,17,18
6t8NHQ8iTzuxsgpr3,2,0.7647058823529411,False,17,18
6t8NHQ8iTzuxsgpr3,3,0.6875,False,17,18
6t8NHQ8iTzuxsgpr3,4,0.6,False,17,18
6t8NHQ8iTzuxsgpr3,5,0.6666666666666666,False,17,18
6t8NHQ8iTzuxsgpr3,6,0.6666666666666666,False,17,18
6t8NHQ8iTzuxsgpr3,7,0.6,False,17,18
6t8NHQ8iTzuxsgpr3,8,0.6666666666666666,False,17,18
6t8NHQ8iTzuxsgpr3,9,0.5333333333333333,False,17,18
6t8NHQ8iTzuxsgpr3,10,0.6666666666666666,False,17,18
6t8NHQ8iTzuxsgpr3,11,0.4666666666666667,False,17,18
6t8NHQ8iTzuxsgpr3,12,0.5333333333333333,False,17,18
6t8NHQ8iTzuxsgpr3,13,0.6,False,17,18
6t8NHQ8iTzuxsgpr3,14,0.4666666666666667,False,17,18
6t8NHQ8iTzuxsgpr3,15,0.4666666666666667,False,17,18
6t8NHQ8iTzuxsgpr3,16,0.5333333333333333,False,17,18
6t8NHQ8iTzuxsgpr3,17,0.3333333333333333,False,17,18
7Dqmxs3oHzzCzEY25,0,0.6181818181818182,False,12,13
7Dqmxs3oHzzCzEY25,1,0.7818181818181817,False,12,13
7Dqmxs3oHzzCzEY25,2,0.9,False,12,13
7Dqmxs3oHzzCzEY25,3,0.8772727272727273,False,12,13
7Dqmxs3oHzzCzEY25,4,0.8272727272727273,False,12,13
7Dqmxs3oHzzCzEY25,5,0.9045454545454544,False,12,13
7Dqmxs3oHzzCzEY25,6,0.8727272727272727,False,12,13
7Dqmxs3oHzzCzEY25,7,0.8636363636363636,False,12,13
7Dqmxs3oHzzCzEY25,8,0.85,False,12,13
7Dqmxs3oHzzCzEY25,9,0.8545454545454546,False,12,13
7Dqmxs3oHzzCzEY25,10,0.8636363636363636,False,12,13
7Dqmxs3oHzzCzEY25,11,0.890909090909091,False,12,13
7Dqmxs3oHzzCzEY25,12,0.9136363636363637,False,12,13
7MAEDhNrj9dbwaxXN,0,0.6868421052631579,True,15,16
7MAEDhNrj9dbwaxXN,1,0.7289473684210526,True,15,16
7MAEDhNrj9dbwaxXN,2,0.75,True,15,16
7MAEDhNrj9dbwaxXN,3,0.7236842105263158,True,15,16
7MAEDhNrj9dbwaxXN,4,0.8236842105263158,True,15,16
7MAEDhNrj9dbwaxXN,5,0.8236842105263158,True,15,16
7MAEDhNrj9dbwaxXN,6,0.8947368421052632,True,15,16
7MAEDhNrj9dbwaxXN,7,1.0,True,15,16
7MAEDhNrj9dbwaxXN,8,1.0,True,15,16
7MAEDhNrj9dbwaxXN,9,1.0,True,15,16
7MAEDhNrj9dbwaxXN,10,1.0,True,15,16
7MAEDhNrj9dbwaxXN,11,1.0,True,15,16
7MAEDhNrj9dbwaxXN,12,1.0,True,15,16
7MAEDhNrj9dbwaxXN,13,1.0,True,15,16
7MAEDhNrj9dbwaxXN,14,1.0,True,15,16
7MAEDhNrj9dbwaxXN,15,1.0,True,15,16
7SL3Ldc2fSvv9ysFY,0,0.4,False,3,4
7SL3Ldc2fSvv9ysFY,1,0.6,False,3,4
7SL3Ldc2fSvv9ysFY,2,0.0,False,3,4
7SL3Ldc2fSvv9ysFY,3,0.0,False,3,4
7XaGiWpfnXcbSBRB7,0,0.9,True,21,22
7XaGiWpfnXcbSBRB7,1,1.0,True,21,22
7XaGiWpfnXcbSBRB7,2,1.0,True,21,22
7XaGiWpfnXcbSBRB7,3,1.0,True,21,22
7XaGiWpfnXcbSBRB7,4,1.0,True,21,22
7XaGiWpfnXcbSBRB7,5,1.0,True,21,22
7XaGiWpfnXcbSBRB7,6,1.0,True,21,22
7XaGiWpfnXcbSBRB7,7,1.0,True,21,22
7XaGiWpfnXcbSBRB7,8,1.0,True,21,22
7XaGiWpfnXcbSBRB7,9,1.0,True,21,22
7XaGiWpfnXcbSBRB7,10,1.0,True,21,22
7XaGiWpfnXcbSBRB7,11,1.0,True,21,22
7XaGiWpfnXcbSBRB7,12,1.0,True,21,22
7XaGiWpfnXcbSBRB7,13,1.0,True,21,22
7XaGiWpfnXcbSBRB7,14,1.0,True,21,22
7XaGiWpfnXcbSBRB7,15,1.0,True,21,22
7XaGiWpfnXcbSBRB7,16,1.0,True,21,22
7XaGiWpfnXcbSBRB7,17,1.0,True,21,22
7XaGiWpfnXcbSBRB7,18,1.0,True,21,22
7XaGiWpfnXcbSBRB7,19,1.0,True,21,22
7XaGiWpfnXcbSBRB7,20,1.0,True,21,22
7XaGiWpfnXcbSBRB7,21,1.0,True,21,22
7errvqpTxvn2FkWnS,0,0.7894736842105263,True,22,23
7errvqpTxvn2FkWnS,1,0.8421052631578947,True,22,23
7errvqpTxvn2FkWnS,2,1.0,True,22,23
7errvqpTxvn2FkWnS,3,0.9473684210526315,True,22,23
7errvqpTxvn2FkWnS,4,0.9473684210526315,True,22,23
7errvqpTxvn2FkWnS,5,1.0,True,22,23
7errvqpTxvn2FkWnS,6,0.9444444444444444,True,22,23
7errvqpTxvn2FkWnS,7,0.9444444444444444,True,22,23
7errvqpTxvn2FkWnS,8,1.0,True,22,23
7errvqpTxvn2FkWnS,9,1.0,True,22,23
7errvqpTxvn2FkWnS,10,1.0,True,22,23
7errvqpTxvn2FkWnS,11,1.0,True,22,23
7errvqpTxvn2FkWnS,12,0.9411764705882353,True,22,23
7errvqpTxvn2FkWnS,13,1.0,True,22,23
7errvqpTxvn2FkWnS,14,0.9411764705882353,True,22,23
7errvqpTxvn2FkWnS,15,0.9411764705882353,True,22,23
7errvqpTxvn2FkWnS,16,1.0,True,22,23
7errvqpTxvn2FkWnS,17,0.875,True,22,23
7errvqpTxvn2FkWnS,18,1.0,True,22,23
7errvqpTxvn2FkWnS,19,1.0,True,22,23
7errvqpTxvn2FkWnS,20,1.0,True,22,23
7errvqpTxvn2FkWnS,21,0.9375,True,22,23
7errvqpTxvn2FkWnS,22,1.0,True,22,23
7o9sxLHXffQ4YEE3L,0,0.7692307692307693,True,18,19
7o9sxLHXffQ4YEE3L,1,0.9230769230769231,True,18,19
7o9sxLHXffQ4YEE3L,2,0.8461538461538461,True,18,19
7o9sxLHXffQ4YEE3L,3,1.0,True,18,19
7o9sxLHXffQ4YEE3L,4,1.0,True,18,19
7o9sxLHXffQ4YEE3L,5,0.9230769230769231,True,18,19
7o9sxLHXffQ4YEE3L,6,0.9230769230769231,True,18,19
7o9sxLHXffQ4YEE3L,7,1.0,True,18,19
7o9sxLHXffQ4YEE3L,8,1.0,True,18,19
7o9sxLHXffQ4YEE3L,9,1.0,True,18,19
7o9sxLHXffQ4YEE3L,10,1.0,True,18,19
7o9sxLHXffQ4YEE3L,11,0.9230769230769231,True,18,19
7o9sxLHXffQ4YEE3L,12,1.0,True,18,19
7o9sxLHXffQ4YEE3L,13,1.0,True,18,19
7o9sxLHXffQ4YEE3L,14,1.0,True,18,19
7o9sxLHXffQ4YEE3L,15,1.0,True,18,19
7o9sxLHXffQ4YEE3L,16,1.0,True,18,19
7o9sxLHXffQ4YEE3L,17,0.9166666666666666,True,18,19
7o9sxLHXffQ4YEE3L,18,1.0,True,18,19
7rRMrZEp457b9pC3m,0,0.72,True,7,8
7rRMrZEp457b9pC3m,1,0.97,True,7,8
7rRMrZEp457b9pC3m,2,1.0,True,7,8
7rRMrZEp457b9pC3m,3,1.0,True,7,8
7rRMrZEp457b9pC3m,4,1.0,True,7,8
7rRMrZEp457b9pC3m,5,1.0,True,7,8
7rRMrZEp457b9pC3m,6,1.0,True,7,8
7rRMrZEp457b9pC3m,7,1.0,True,7,8
7to5RiJpshY2MvBNu,0,0.47500000000000003,False,9,10
7to5RiJpshY2MvBNu,1,0.47500000000000003,False,9,10
7to5RiJpshY2MvBNu,2,0.5,False,9,10
7to5RiJpshY2MvBNu,3,0.5499999999999999,False,9,10
7to5RiJpshY2MvBNu,4,0.35000000000000003,False,9,10
7to5RiJpshY2MvBNu,5,0.39166666666666666,False,9,10
7to5RiJpshY2MvBNu,6,0.525,False,9,10
7to5RiJpshY2MvBNu,7,0.5833333333333334,False,9,10
7to5RiJpshY2MvBNu,8,0.5,False,9,10
7to5RiJpshY2MvBNu,9,0.4000000000000001,False,9,10
7yyirNGEzfjhQMfbx,0,0.5266666666666667,False,12,13
7yyirNGEzfjhQMfbx,1,0.5966666666666666,False,12,13
7yyirNGEzfjhQMfbx,2,0.6233333333333333,False,12,13
7yyirNGEzfjhQMfbx,3,0.67,False,12,13
7yyirNGEzfjhQMfbx,4,0.6533333333333334,False,12,13
7yyirNGEzfjhQMfbx,5,0.5833333333333334,False,12,13
7yyirNGEzfjhQMfbx,6,0.5750000000000001,False,12,13
7yyirNGEzfjhQMfbx,7,0.625,False,12,13
7yyirNGEzfjhQMfbx,8,0.7000000000000001,False,12,13
7yyirNGEzfjhQMfbx,9,0.5464285714285715,False,12,13
7yyirNGEzfjhQMfbx,10,0.5928571428571429,False,12,13
7yyirNGEzfjhQMfbx,11,0.5714285714285714,False,12,13
7yyirNGEzfjhQMfbx,12,0.6357142857142858,False,12,13
8Q9xrERA837uZzPPq,0,0.4916666666666667,True,22,23
8Q9xrERA837uZzPPq,1,0.65,True,22,23
8Q9xrERA837uZzPPq,2,0.6666666666666666,True,22,23
8Q9xrERA837uZzPPq,3,0.85,True,22,23
8Q9xrERA837uZzPPq,4,0.8166666666666668,True,22,23
8Q9xrERA837uZzPPq,5,0.8916666666666666,True,22,23
8Q9xrERA837uZzPPq,6,0.9666666666666667,True,22,23
8Q9xrERA837uZzPPq,7,0.875,True,22,23
8Q9xrERA837uZzPPq,8,1.0,True,22,23
8Q9xrERA837uZzPPq,9,0.875,True,22,23
8Q9xrERA837uZzPPq,10,0.8833333333333333,True,22,23
8Q9xrERA837uZzPPq,11,0.8833333333333333,True,22,23
8Q9xrERA837uZzPPq,12,0.8583333333333334,True,22,23
8Q9xrERA837uZzPPq,13,0.7833333333333333,True,22,23
8Q9xrERA837uZzPPq,14,0.6666666666666666,True,22,23
8Q9xrERA837uZzPPq,15,0.7166666666666667,True,22,23
8Q9xrERA837uZzPPq,16,0.4666666666666666,True,22,23
8Q9xrERA837uZzPPq,17,0.20833333333333334,True,22,23
8Q9xrERA837uZzPPq,18,0.2916666666666667,True,22,23
8Q9xrERA837uZzPPq,19,0.225,True,22,23
8Q9xrERA837uZzPPq,20,0.0,True,22,23
8Q9xrERA837uZzPPq,21,0.024999999999999998,True,22,23
8Q9xrERA837uZzPPq,22,0.0,True,22,23
8RwSyFp46rjQwX2zM,0,0.6264705882352941,False,6,7
8RwSyFp46rjQwX2zM,1,0.7558823529411764,False,6,7
8RwSyFp46rjQwX2zM,2,0.6264705882352941,False,6,7
8RwSyFp46rjQwX2zM,3,0.6823529411764706,False,6,7
8RwSyFp46rjQwX2zM,4,0.6617647058823529,False,6,7
8RwSyFp46rjQwX2zM,5,0.5411764705882353,False,6,7
8RwSyFp46rjQwX2zM,6,0.5588235294117647,False,6,7
8YXh4RiGFyz2WzNsM,0,0.51,True,21,22
8YXh4RiGFyz2WzNsM,1,0.5,True,21,22
8YXh4RiGFyz2WzNsM,2,0.61,True,21,22
8YXh4RiGFyz2WzNsM,3,0.6699999999999999,True,21,22
8YXh4RiGFyz2WzNsM,4,0.8300000000000001,True,21,22
8YXh4RiGFyz2WzNsM,5,0.8400000000000001,True,21,22
8YXh4RiGFyz2WzNsM,6,0.86,True,21,22
8YXh4RiGFyz2WzNsM,7,0.86,True,21,22
8YXh4RiGFyz2WzNsM,8,0.85,True,21,22
8YXh4RiGFyz2WzNsM,9,0.9400000000000001,True,21,22
8YXh4RiGFyz2WzNsM,10,0.8400000000000001,True,21,22
8YXh4RiGFyz2WzNsM,11,0.9099999999999999,True,21,22
8YXh4RiGFyz2WzNsM,12,0.6799999999999999,True,21,22
8YXh4RiGFyz2WzNsM,13,0.82,True,21,22
8YXh4RiGFyz2WzNsM,14,0.93,True,21,22
8YXh4RiGFyz2WzNsM,15,0.9800000000000001,True,21,22
8YXh4RiGFyz2WzNsM,16,0.93,True,21,22
8YXh4RiGFyz2WzNsM,17,0.95,True,21,22
8YXh4RiGFyz2WzNsM,18,0.7,True,21,22
8YXh4RiGFyz2WzNsM,19,0.82,True,21,22
8YXh4RiGFyz2WzNsM,20,0.9199999999999999,True,21,22
8YXh4RiGFyz2WzNsM,21,0.9800000000000001,True,21,22
8g559tzcyHknHhGqS,0,0.7272727272727273,True,29,30
8g559tzcyHknHhGqS,1,0.8,True,29,30
8g559tzcyHknHhGqS,2,0.7,True,29,30
8g559tzcyHknHhGqS,3,0.7,True,29,30
8g559tzcyHknHhGqS,4,0.5,True,29,30
8g559tzcyHknHhGqS,5,0.7,True,29,30
8g559tzcyHknHhGqS,6,0.7,True,29,30
8g559tzcyHknHhGqS,7,0.6,True,29,30
8g559tzcyHknHhGqS,8,0.6,True,29,30
8g559tzcyHknHhGqS,9,0.7,True,29,30
8g559tzcyHknHhGqS,10,0.6,True,29,30
8g559tzcyHknHhGqS,11,0.6,True,29,30
8g559tzcyHknHhGqS,12,0.6,True,29,30
8g559tzcyHknHhGqS,13,0.6,True,29,30
8g559tzcyHknHhGqS,14,0.6,True,29,30
8g559tzcyHknHhGqS,15,0.8,True,29,30
8g559tzcyHknHhGqS,16,0.8,True,29,30
8g559tzcyHknHhGqS,17,0.9,True,29,30
8g559tzcyHknHhGqS,18,0.9,True,29,30
8g559tzcyHknHhGqS,19,0.9,True,29,30
8g559tzcyHknHhGqS,20,0.9,True,29,30
8g559tzcyHknHhGqS,21,0.8,True,29,30
8g559tzcyHknHhGqS,22,0.9,True,29,30
8g559tzcyHknHhGqS,23,0.9,True,29,30
8g559tzcyHknHhGqS,24,0.9,True,29,30
8g559tzcyHknHhGqS,25,0.9,True,29,30
8g559tzcyHknHhGqS,26,0.9,True,29,30
8g559tzcyHknHhGqS,27,0.9,True,29,30
8g559tzcyHknHhGqS,28,0.9,True,29,30
8g559tzcyHknHhGqS,29,0.9,True,29,30
8hq66JYxzJDaMrXT3,0,0.3333333333333333,False,23,24
8hq66JYxzJDaMrXT3,1,0.0,False,23,24
8hq66JYxzJDaMrXT3,2,0.6666666666666666,False,23,24
8hq66JYxzJDaMrXT3,3,0.0,False,23,24
8hq66JYxzJDaMrXT3,4,0.0,False,23,24
8hq66JYxzJDaMrXT3,5,0.0,False,23,24
8hq66JYxzJDaMrXT3,6,0.0,False,23,24
8hq66JYxzJDaMrXT3,7,0.0,False,23,24
8hq66JYxzJDaMrXT3,8,0.0,False,23,24
8hq66JYxzJDaMrXT3,9,0.0,False,23,24
8hq66JYxzJDaMrXT3,10,0.0,False,23,24
8hq66JYxzJDaMrXT3,11,0.3333333333333333,False,23,24
8hq66JYxzJDaMrXT3,12,0.3333333333333333,False,23,24
8hq66JYxzJDaMrXT3,13,0.3333333333333333,False,23,24
8hq66JYxzJDaMrXT3,14,0.3333333333333333,False,23,24
8hq66JYxzJDaMrXT3,15,0.6666666666666666,False,23,24
8hq66JYxzJDaMrXT3,16,0.6666666666666666,False,23,24
8hq66JYxzJDaMrXT3,17,0.6666666666666666,False,23,24
8hq66JYxzJDaMrXT3,18,0.3333333333333333,False,23,24
8hq66JYxzJDaMrXT3,19,0.3333333333333333,False,23,24
8hq66JYxzJDaMrXT3,20,0.0,False,23,24
8hq66JYxzJDaMrXT3,21,0.3333333333333333,False,23,24
8hq66JYxzJDaMrXT3,22,0.6666666666666666,False,23,24
8hq66JYxzJDaMrXT3,23,0.3333333333333333,False,23,24
97LHwQWTy4RY2qNDb,0,0.6666666666666666,False,4,5
97LHwQWTy4RY2qNDb,1,0.6666666666666666,False,4,5
97LHwQWTy4RY2qNDb,2,0.4444444444444444,False,4,5
97LHwQWTy4RY2qNDb,3,0.5555555555555556,False,4,5
97LHwQWTy4RY2qNDb,4,0.4444444444444444,False,4,5
9ASf6qit6vvva9hTQ,0,0.5714285714285714,True,26,27
9ASf6qit6vvva9hTQ,1,0.6357142857142858,True,26,27
9ASf6qit6vvva9hTQ,2,0.6642857142857144,True,26,27
9ASf6qit6vvva9hTQ,3,0.6428571428571429,True,26,27
9ASf6qit6vvva9hTQ,4,0.6857142857142857,True,26,27
9ASf6qit6vvva9hTQ,5,0.5785714285714285,True,26,27
9ASf6qit6vvva9hTQ,6,0.6357142857142858,True,26,27
9ASf6qit6vvva9hTQ,7,0.7214285714285714,True,26,27
9ASf6qit6vvva9hTQ,8,0.6642857142857144,True,26,27
9ASf6qit6vvva9hTQ,9,0.65,True,26,27
9ASf6qit6vvva9hTQ,10,0.6,True,26,27
9ASf6qit6vvva9hTQ,11,0.6857142857142857,True,26,27
9ASf6qit6vvva9hTQ,12,0.6357142857142858,True,26,27
9ASf6qit6vvva9hTQ,13,0.5857142857142856,True,26,27
9ASf6qit6vvva9hTQ,14,0.5285714285714286,True,26,27
9ASf6qit6vvva9hTQ,15,0.6428571428571429,True,26,27
9ASf6qit6vvva9hTQ,16,0.6928571428571428,True,26,27
9ASf6qit6vvva9hTQ,17,0.6857142857142857,True,26,27
9ASf6qit6vvva9hTQ,18,0.5642857142857143,True,26,27
9ASf6qit6vvva9hTQ,19,0.6357142857142858,True,26,27
9ASf6qit6vvva9hTQ,20,0.6428571428571429,True,26,27
9ASf6qit6vvva9hTQ,21,0.7071428571428572,True,26,27
9ASf6qit6vvva9hTQ,22,0.6357142857142858,True,26,27
9ASf6qit6vvva9hTQ,23,0.6428571428571429,True,26,27
9ASf6qit6vvva9hTQ,24,0.6928571428571428,True,26,27
9ASf6qit6vvva9hTQ,25,0.6285714285714287,True,26,27
9ASf6qit6vvva9hTQ,26,0.4785714285714286,True,26,27
9CKnSuooyXfNQ7SmZ,0,0.75,False,28,29
9CKnSuooyXfNQ7SmZ,1,0.8125,False,28,29
9CKnSuooyXfNQ7SmZ,2,0.75,False,28,29
9CKnSuooyXfNQ7SmZ,3,0.8125,False,28,29
9CKnSuooyXfNQ7SmZ,4,0.8,False,28,29
9CKnSuooyXfNQ7SmZ,5,0.8666666666666667,False,28,29
9CKnSuooyXfNQ7SmZ,6,0.9333333333333333,False,28,29
9CKnSuooyXfNQ7SmZ,7,0.8666666666666667,False,28,29
9CKnSuooyXfNQ7SmZ,8,0.0,False,28,29
9CKnSuooyXfNQ7SmZ,9,0.9285714285714286,False,28,29
9CKnSuooyXfNQ7SmZ,10,1.0,False,28,29
9CKnSuooyXfNQ7SmZ,11,1.0,False,28,29
9CKnSuooyXfNQ7SmZ,12,1.0,False,28,29
9CKnSuooyXfNQ7SmZ,13,1.0,False,28,29
9CKnSuooyXfNQ7SmZ,14,1.0,False,28,29
9CKnSuooyXfNQ7SmZ,15,1.0,False,28,29
9CKnSuooyXfNQ7SmZ,16,0.9285714285714286,False,28,29
9CKnSuooyXfNQ7SmZ,17,1.0,False,28,29
9CKnSuooyXfNQ7SmZ,18,0.9285714285714286,False,28,29
9CKnSuooyXfNQ7SmZ,19,0.9285714285714286,False,28,29
9CKnSuooyXfNQ7SmZ,20,0.9285714285714286,False,28,29
9CKnSuooyXfNQ7SmZ,21,1.0,False,28,29
9CKnSuooyXfNQ7SmZ,22,1.0,False,28,29
9CKnSuooyXfNQ7SmZ,23,1.0,False,28,29
9CKnSuooyXfNQ7SmZ,24,1.0,False,28,29
9CKnSuooyXfNQ7SmZ,25,1.0,False,28,29
9CKnSuooyXfNQ7SmZ,26,1.0,False,28,29
9CKnSuooyXfNQ7SmZ,27,1.0,False,28,29
9CKnSuooyXfNQ7SmZ,28,0.9285714285714286,False,28,29
9T5eQaLgunhkheb4d,0,0.23750000000000002,False,6,7
9T5eQaLgunhkheb4d,1,0.35000000000000003,False,6,7
9T5eQaLgunhkheb4d,2,0.43333333333333335,False,6,7
9T5eQaLgunhkheb4d,3,0.6666666666666666,False,6,7
9T5eQaLgunhkheb4d,4,0.7166666666666667,False,6,7
9T5eQaLgunhkheb4d,5,0.8333333333333334,False,6,7
9T5eQaLgunhkheb4d,6,0.8833333333333333,False,6,7
9dyp2Lrvn5EkHXHdL,0,0.73,False,10,11
9dyp2Lrvn5EkHXHdL,1,0.7799999999999999,False,10,11
9dyp2Lrvn5EkHXHdL,2,0.6566666666666666,False,10,11
9dyp2Lrvn5EkHXHdL,3,0.6933333333333334,False,10,11
9dyp2Lrvn5EkHXHdL,4,0.5633333333333332,False,10,11
9dyp2Lrvn5EkHXHdL,5,0.6166666666666667,False,10,11
9dyp2Lrvn5EkHXHdL,6,0.5566666666666666,False,10,11
9dyp2Lrvn5EkHXHdL,7,0.44666666666666666,False,10,11
9dyp2Lrvn5EkHXHdL,8,0.4966666666666667,False,10,11
9dyp2Lrvn5EkHXHdL,9,0.5066666666666666,False,10,11
9dyp2Lrvn5EkHXHdL,10,0.48666666666666664,False,10,11
9yZTFePmTSHgajWgp,0,0.875,False,28,29
9yZTFePmTSHgajWgp,1,0.875,False,28,29
9yZTFePmTSHgajWgp,2,0.6875,False,28,29
9yZTFePmTSHgajWgp,3,0.6875,False,28,29
9yZTFePmTSHgajWgp,4,0.625,False,28,29
9yZTFePmTSHgajWgp,5,0.7333333333333333,False,28,29
9yZTFePmTSHgajWgp,6,0.7142857142857143,False,28,29
9yZTFePmTSHgajWgp,7,0.5714285714285714,False,28,29
9yZTFePmTSHgajWgp,8,0.7142857142857143,False,28,29
9yZTFePmTSHgajWgp,9,0.7857142857142857,False,28,29
9yZTFePmTSHgajWgp,10,0.6428571428571429,False,28,29
9yZTFePmTSHgajWgp,11,0.7857142857142857,False,28,29
9yZTFePmTSHgajWgp,12,0.6428571428571429,False,28,29
9yZTFePmTSHgajWgp,13,0.5714285714285714,False,28,29
9yZTFePmTSHgajWgp,14,0.6428571428571429,False,28,29
9yZTFePmTSHgajWgp,15,0.6428571428571429,False,28,29
9yZTFePmTSHgajWgp,16,0.8571428571428571,False,28,29
9yZTFePmTSHgajWgp,17,0.5,False,28,29
9yZTFePmTSHgajWgp,18,0.6153846153846154,False,28,29
9yZTFePmTSHgajWgp,19,0.6923076923076923,False,28,29
9yZTFePmTSHgajWgp,20,0.6923076923076923,False,28,29
9yZTFePmTSHgajWgp,21,0.5384615384615384,False,28,29
9yZTFePmTSHgajWgp,22,0.6923076923076923,False,28,29
9yZTFePmTSHgajWgp,23,0.6923076923076923,False,28,29
9yZTFePmTSHgajWgp,24,0.7692307692307693,False,28,29
9yZTFePmTSHgajWgp,25,0.6153846153846154,False,28,29
9yZTFePmTSHgajWgp,26,0.6153846153846154,False,28,29
9yZTFePmTSHgajWgp,27,0.7692307692307693,False,28,29
9yZTFePmTSHgajWgp,28,0.7692307692307693,False,28,29
AHpeQMPttm2nCchKx,0,0.45909090909090905,False,11,12
AHpeQMPttm2nCchKx,1,0.6950000000000001,False,11,12
AHpeQMPttm2nCchKx,2,0.775,False,11,12
AHpeQMPttm2nCchKx,3,0.7849999999999999,False,11,12
AHpeQMPttm2nCchKx,4,0.55,False,11,12
AHpeQMPttm2nCchKx,5,0.37,False,11,12
AHpeQMPttm2nCchKx,6,0.385,False,11,12
AHpeQMPttm2nCchKx,7,0.5599999999999999,False,11,12
AHpeQMPttm2nCchKx,8,0.43499999999999994,False,11,12
AHpeQMPttm2nCchKx,9,0.5,False,11,12
AHpeQMPttm2nCchKx,10,0.41500000000000004,False,11,12
AHpeQMPttm2nCchKx,11,0.5599999999999999,False,11,12
AfQEs5mo2WvAMib5t,0,0.78,True,7,8
AfQEs5mo2WvAMib5t,1,0.835,True,7,8
AfQEs5mo2WvAMib5t,2,0.7,True,7,8
AfQEs5mo2WvAMib5t,3,0.9,True,7,8
AfQEs5mo2WvAMib5t,4,0.9,True,7,8
AfQEs5mo2WvAMib5t,5,1.0,True,7,8
AfQEs5mo2WvAMib5t,6,0.9,True,7,8
AfQEs5mo2WvAMib5t,7,1.0,True,7,8
AkKpXm5WKgPqgXTX5,0,0.559375,False,7,8
AkKpXm5WKgPqgXTX5,1,0.71875,False,7,8
AkKpXm5WKgPqgXTX5,2,0.7625,False,7,8
AkKpXm5WKgPqgXTX5,3,0.775,False,7,8
AkKpXm5WKgPqgXTX5,4,0.775,False,7,8
AkKpXm5WKgPqgXTX5,5,0.859375,False,7,8
AkKpXm5WKgPqgXTX5,6,0.878125,False,7,8
AkKpXm5WKgPqgXTX5,7,0.95,False,7,8
AqPfaaLHAaHtiD862,0,0.75,False,8,9
AqPfaaLHAaHtiD862,1,0.75,False,8,9
AqPfaaLHAaHtiD862,2,0.25,False,8,9
AqPfaaLHAaHtiD862,3,0.75,False,8,9
AqPfaaLHAaHtiD862,4,0.25,False,8,9
AqPfaaLHAaHtiD862,5,0.0,False,8,9
AqPfaaLHAaHtiD862,6,0.25,False,8,9
AqPfaaLHAaHtiD862,7,0.0,False,8,9
AqPfaaLHAaHtiD862,8,0.0,False,8,9
AwYmEZGGC7Z6PcHd8,0,1.0,False,5,6
AwYmEZGGC7Z6PcHd8,1,0.75,False,5,6
AwYmEZGGC7Z6PcHd8,2,1.0,False,5,6
AwYmEZGGC7Z6PcHd8,3,1.0,False,5,6
AwYmEZGGC7Z6PcHd8,4,0.75,False,5,6
AwYmEZGGC7Z6PcHd8,5,0.5,False,5,6
CATbsDaTRRiuSjM6F,0,1.0,True,18,19
CATbsDaTRRiuSjM6F,1,1.0,True,18,19
CATbsDaTRRiuSjM6F,2,1.0,True,18,19
CATbsDaTRRiuSjM6F,3,1.0,True,18,19
CATbsDaTRRiuSjM6F,4,1.0,True,18,19
CATbsDaTRRiuSjM6F,5,1.0,True,18,19
CATbsDaTRRiuSjM6F,6,1.0,True,18,19
CATbsDaTRRiuSjM6F,7,1.0,True,18,19
CATbsDaTRRiuSjM6F,8,1.0,True,18,19
CATbsDaTRRiuSjM6F,9,1.0,True,18,19
CATbsDaTRRiuSjM6F,10,1.0,True,18,19
CATbsDaTRRiuSjM6F,11,1.0,True,18,19
CATbsDaTRRiuSjM6F,12,1.0,True,18,19
CATbsDaTRRiuSjM6F,13,1.0,True,18,19
CATbsDaTRRiuSjM6F,14,1.0,True,18,19
CATbsDaTRRiuSjM6F,15,1.0,True,18,19
CATbsDaTRRiuSjM6F,16,1.0,True,18,19
CATbsDaTRRiuSjM6F,17,1.0,True,18,19
CATbsDaTRRiuSjM6F,18,1.0,True,18,19
CEe8uDycRbaQrEx6u,0,0.7272727272727273,False,8,9
CEe8uDycRbaQrEx6u,1,0.8181818181818182,False,8,9
CEe8uDycRbaQrEx6u,2,0.8181818181818182,False,8,9
CEe8uDycRbaQrEx6u,3,0.9090909090909091,False,8,9
CEe8uDycRbaQrEx6u,4,1.0,False,8,9
CEe8uDycRbaQrEx6u,5,1.0,False,8,9
CEe8uDycRbaQrEx6u,6,1.0,False,8,9
CEe8uDycRbaQrEx6u,7,1.0,False,8,9
CEe8uDycRbaQrEx6u,8,1.0,False,8,9
CK2s6TSodhYoinW7Z,0,0.6071428571428571,True,26,27
CK2s6TSodhYoinW7Z,1,0.8333333333333334,True,26,27
CK2s6TSodhYoinW7Z,2,0.9166666666666666,True,26,27
CK2s6TSodhYoinW7Z,3,0.9166666666666666,True,26,27
CK2s6TSodhYoinW7Z,4,1.0,True,26,27
CK2s6TSodhYoinW7Z,5,0.8333333333333334,True,26,27
CK2s6TSodhYoinW7Z,6,1.0,True,26,27
CK2s6TSodhYoinW7Z,7,1.0,True,26,27
CK2s6TSodhYoinW7Z,8,1.0,True,26,27
CK2s6TSodhYoinW7Z,9,1.0,True,26,27
CK2s6TSodhYoinW7Z,10,1.0,True,26,27
CK2s6TSodhYoinW7Z,11,1.0,True,26,27
CK2s6TSodhYoinW7Z,12,1.0,True,26,27
CK2s6TSodhYoinW7Z,13,1.0,True,26,27
CK2s6TSodhYoinW7Z,14,1.0,True,26,27
CK2s6TSodhYoinW7Z,15,1.0,True,26,27
CK2s6TSodhYoinW7Z,16,1.0,True,26,27
CK2s6TSodhYoinW7Z,17,1.0,True,26,27
CK2s6TSodhYoinW7Z,18,1.0,True,26,27
CK2s6TSodhYoinW7Z,19,1.0,True,26,27
CK2s6TSodhYoinW7Z,20,1.0,True,26,27
CK2s6TSodhYoinW7Z,21,1.0,True,26,27
CK2s6TSodhYoinW7Z,22,1.0,True,26,27
CK2s6TSodhYoinW7Z,23,1.0,True,26,27
CK2s6TSodhYoinW7Z,24,1.0,True,26,27
CK2s6TSodhYoinW7Z,25,1.0,True,26,27
CK2s6TSodhYoinW7Z,26,1.0,True,26,27
CMvkdTcrwEhdeWTQF,0,0.5,True,29,30
CMvkdTcrwEhdeWTQF,1,0.6666666666666666,True,29,30
CMvkdTcrwEhdeWTQF,2,0.8235294117647058,True,29,30
CMvkdTcrwEhdeWTQF,3,0.8235294117647058,True,29,30
CMvkdTcrwEhdeWTQF,4,0.8235294117647058,True,29,30
CMvkdTcrwEhdeWTQF,5,0.9375,True,29,30
CMvkdTcrwEhdeWTQF,6,0.875,True,29,30
CMvkdTcrwEhdeWTQF,7,0.875,True,29,30
CMvkdTcrwEhdeWTQF,8,0.8125,True,29,30
CMvkdTcrwEhdeWTQF,9,0.875,True,29,30
CMvkdTcrwEhdeWTQF,10,0.875,True,29,30
CMvkdTcrwEhdeWTQF,11,0.875,True,29,30
CMvkdTcrwEhdeWTQF,12,0.9333333333333333,True,29,30
CMvkdTcrwEhdeWTQF,13,1.0,True,29,30
CMvkdTcrwEhdeWTQF,14,0.9333333333333333,True,29,30
CMvkdTcrwEhdeWTQF,15,1.0,True,29,30
CMvkdTcrwEhdeWTQF,16,0.9333333333333333,True,29,30
CMvkdTcrwEhdeWTQF,17,1.0,True,29,30
CMvkdTcrwEhdeWTQF,18,0.9333333333333333,True,29,30
CMvkdTcrwEhdeWTQF,19,1.0,True,29,30
CMvkdTcrwEhdeWTQF,20,0.9333333333333333,True,29,30
CMvkdTcrwEhdeWTQF,21,1.0,True,29,30
CMvkdTcrwEhdeWTQF,22,0.9333333333333333,True,29,30
CMvkdTcrwEhdeWTQF,23,1.0,True,29,30
CMvkdTcrwEhdeWTQF,24,0.9333333333333333,True,29,30
CMvkdTcrwEhdeWTQF,25,0.9333333333333333,True,29,30
CMvkdTcrwEhdeWTQF,26,0.9333333333333333,True,29,30
CMvkdTcrwEhdeWTQF,27,0.9333333333333333,True,29,30
CMvkdTcrwEhdeWTQF,28,1.0,True,29,30
CMvkdTcrwEhdeWTQF,29,0.9333333333333333,True,29,30
CTvcrHrFCpBQgc69c,0,0.3333333333333333,True,2,3
CTvcrHrFCpBQgc69c,1,0.6666666666666666,True,2,3
CTvcrHrFCpBQgc69c,2,0.3333333333333333,True,2,3
CXhR5Losv8TykWDsP,0,0.8421052631578947,True,14,15
CXhR5Losv8TykWDsP,1,0.8421052631578947,True,14,15
CXhR5Losv8TykWDsP,2,0.8421052631578947,True,14,15
CXhR5Losv8TykWDsP,3,0.7894736842105263,True,14,15
CXhR5Losv8TykWDsP,4,0.5263157894736842,True,14,15
CXhR5Losv8TykWDsP,5,0.7894736842105263,True,14,15
CXhR5Losv8TykWDsP,6,0.7368421052631579,True,14,15
CXhR5Losv8TykWDsP,7,0.8947368421052632,True,14,15
CXhR5Losv8TykWDsP,8,0.8421052631578947,True,14,15
CXhR5Losv8TykWDsP,9,0.9473684210526315,True,14,15
CXhR5Losv8TykWDsP,10,0.9473684210526315,True,14,15
CXhR5Losv8TykWDsP,11,0.9473684210526315,True,14,15
CXhR5Losv8TykWDsP,12,0.8947368421052632,True,14,15
CXhR5Losv8TykWDsP,13,0.9473684210526315,True,14,15
CXhR5Losv8TykWDsP,14,0.8947368421052632,True,14,15
CanYG4YQsqhfKD3Xd,0,0.6849999999999999,True,21,22
CanYG4YQsqhfKD3Xd,1,0.905,True,21,22
CanYG4YQsqhfKD3Xd,2,0.9,True,21,22
CanYG4YQsqhfKD3Xd,3,0.9,True,21,22
CanYG4YQsqhfKD3Xd,4,0.9025000000000001,True,21,22
CanYG4YQsqhfKD3Xd,5,0.925,True,21,22
CanYG4YQsqhfKD3Xd,6,0.95,True,21,22
CanYG4YQsqhfKD3Xd,7,0.95,True,21,22
CanYG4YQsqhfKD3Xd,8,0.975,True,21,22
CanYG4YQsqhfKD3Xd,9,0.95,True,21,22
CanYG4YQsqhfKD3Xd,10,0.9,True,21,22
CanYG4YQsqhfKD3Xd,11,0.925,True,21,22
CanYG4YQsqhfKD3Xd,12,0.9,True,21,22
CanYG4YQsqhfKD3Xd,13,0.95,True,21,22
CanYG4YQsqhfKD3Xd,14,0.95,True,21,22
CanYG4YQsqhfKD3Xd,15,0.9525,True,21,22
CanYG4YQsqhfKD3Xd,16,0.925,True,21,22
CanYG4YQsqhfKD3Xd,17,0.9,True,21,22
CanYG4YQsqhfKD3Xd,18,0.95,True,21,22
CanYG4YQsqhfKD3Xd,19,0.95,True,21,22
CanYG4YQsqhfKD3Xd,20,0.95,True,21,22
CanYG4YQsqhfKD3Xd,21,0.95,True,21,22
CpXBMpH9LgEtvy6rk,0,0.5833333333333334,True,2,3
CpXBMpH9LgEtvy6rk,1,0.5,True,2,3
CpXBMpH9LgEtvy6rk,2,0.4166666666666667,True,2,3
D3pgvsuYGiHAwiKqT,0,0.6375,True,12,13
D3pgvsuYGiHAwiKqT,1,0.5625,True,12,13
D3pgvsuYGiHAwiKqT,2,0.4375,True,12,13
D3pgvsuYGiHAwiKqT,3,0.6375,True,12,13
D3pgvsuYGiHAwiKqT,4,0.625,True,12,13
D3pgvsuYGiHAwiKqT,5,0.4875,True,12,13
D3pgvsuYGiHAwiKqT,6,0.5625,True,12,13
D3pgvsuYGiHAwiKqT,7,0.475,True,12,13
D3pgvsuYGiHAwiKqT,8,0.375,True,12,13
D3pgvsuYGiHAwiKqT,9,0.3125,True,12,13
D3pgvsuYGiHAwiKqT,10,0.45,True,12,13
D3pgvsuYGiHAwiKqT,11,0.375,True,12,13
D3pgvsuYGiHAwiKqT,12,0.375,True,12,13
DSsdrRSwh7dgd9Bjr,0,0.4,False,20,21
DSsdrRSwh7dgd9Bjr,1,0.8,False,20,21
DSsdrRSwh7dgd9Bjr,2,0.8,False,20,21
DSsdrRSwh7dgd9Bjr,3,0.8,False,20,21
DSsdrRSwh7dgd9Bjr,4,1.0,False,20,21
DSsdrRSwh7dgd9Bjr,5,1.0,False,20,21
DSsdrRSwh7dgd9Bjr,6,1.0,False,20,21
DSsdrRSwh7dgd9Bjr,7,1.0,False,20,21
DSsdrRSwh7dgd9Bjr,8,1.0,False,20,21
DSsdrRSwh7dgd9Bjr,9,1.0,False,20,21
DSsdrRSwh7dgd9Bjr,10,0.8,False,20,21
DSsdrRSwh7dgd9Bjr,11,1.0,False,20,21
DSsdrRSwh7dgd9Bjr,12,0.8,False,20,21
DSsdrRSwh7dgd9Bjr,13,1.0,False,20,21
DSsdrRSwh7dgd9Bjr,14,1.0,False,20,21
DSsdrRSwh7dgd9Bjr,15,1.0,False,20,21
DSsdrRSwh7dgd9Bjr,16,1.0,False,20,21
DSsdrRSwh7dgd9Bjr,17,1.0,False,20,21
DSsdrRSwh7dgd9Bjr,18,1.0,False,20,21
DSsdrRSwh7dgd9Bjr,19,1.0,False,20,21
DSsdrRSwh7dgd9Bjr,20,0.8,False,20,21
DarckEFSLhSjKubHc,0,0.8888888888888888,False,3,4
DarckEFSLhSjKubHc,1,0.5555555555555556,False,3,4
DarckEFSLhSjKubHc,2,0.7777777777777778,False,3,4
DarckEFSLhSjKubHc,3,0.6666666666666666,False,3,4
E5tqSkPqBYAYuYAdK,0,0.6666666666666666,True,19,20
E5tqSkPqBYAYuYAdK,1,1.0,True,19,20
E5tqSkPqBYAYuYAdK,2,1.0,True,19,20
E5tqSkPqBYAYuYAdK,3,0.6666666666666666,True,19,20
E5tqSkPqBYAYuYAdK,4,0.6666666666666666,True,19,20
E5tqSkPqBYAYuYAdK,5,1.0,True,19,20
E5tqSkPqBYAYuYAdK,6,1.0,True,19,20
E5tqSkPqBYAYuYAdK,7,0.6666666666666666,True,19,20
E5tqSkPqBYAYuYAdK,8,0.3333333333333333,True,19,20
E5tqSkPqBYAYuYAdK,9,1.0,True,19,20
E5tqSkPqBYAYuYAdK,10,0.6666666666666666,True,19,20
E5tqSkPqBYAYuYAdK,11,1.0,True,19,20
E5tqSkPqBYAYuYAdK,12,0.6666666666666666,True,19,20
E5tqSkPqBYAYuYAdK,13,0.6666666666666666,True,19,20
E5tqSkPqBYAYuYAdK,14,0.6666666666666666,True,19,20
E5tqSkPqBYAYuYAdK,15,1.0,True,19,20
E5tqSkPqBYAYuYAdK,16,0.6666666666666666,True,19,20
E5tqSkPqBYAYuYAdK,17,0.6666666666666666,True,19,20
E5tqSkPqBYAYuYAdK,18,0.3333333333333333,True,19,20
E5tqSkPqBYAYuYAdK,19,0.3333333333333333,True,19,20
E6L8vyqcceMYRFhuC,0,0.8,False,16,17
E6L8vyqcceMYRFhuC,1,0.8,False,16,17
E6L8vyqcceMYRFhuC,2,0.8666666666666667,False,16,17
E6L8vyqcceMYRFhuC,3,0.8571428571428571,False,16,17
E6L8vyqcceMYRFhuC,4,0.7857142857142857,False,16,17
E6L8vyqcceMYRFhuC,5,0.8571428571428571,False,16,17
E6L8vyqcceMYRFhuC,6,0.8571428571428571,False,16,17
E6L8vyqcceMYRFhuC,7,0.7857142857142857,False,16,17
E6L8vyqcceMYRFhuC,8,0.8571428571428571,False,16,17
E6L8vyqcceMYRFhuC,9,0.9285714285714286,False,16,17
E6L8vyqcceMYRFhuC,10,0.9285714285714286,False,16,17
E6L8vyqcceMYRFhuC,11,0.9285714285714286,False,16,17
E6L8vyqcceMYRFhuC,12,0.9285714285714286,False,16,17
E6L8vyqcceMYRFhuC,13,0.9285714285714286,False,16,17
E6L8vyqcceMYRFhuC,14,0.9285714285714286,False,16,17
E6L8vyqcceMYRFhuC,15,0.7857142857142857,False,16,17
E6L8vyqcceMYRFhuC,16,0.7857142857142857,False,16,17
EEe5Aynbvexiu25Q4,0,0.25,False,17,18
EEe5Aynbvexiu25Q4,1,0.5,False,17,18
EEe5Aynbvexiu25Q4,2,0.75,False,17,18
EEe5Aynbvexiu25Q4,3,0.75,False,17,18
EEe5Aynbvexiu25Q4,4,0.75,False,17,18
EEe5Aynbvexiu25Q4,5,0.5,False,17,18
EEe5Aynbvexiu25Q4,6,0.75,False,17,18
EEe5Aynbvexiu25Q4,7,0.75,False,17,18
EEe5Aynbvexiu25Q4,8,0.75,False,17,18
EEe5Aynbvexiu25Q4,9,0.75,False,17,18
EEe5Aynbvexiu25Q4,10,0.75,False,17,18
EEe5Aynbvexiu25Q4,11,0.5,False,17,18
EEe5Aynbvexiu25Q4,12,0.75,False,17,18
EEe5Aynbvexiu25Q4,13,0.75,False,17,18
EEe5Aynbvexiu25Q4,14,0.75,False,17,18
EEe5Aynbvexiu25Q4,15,0.75,False,17,18
EEe5Aynbvexiu25Q4,16,0.75,False,17,18
EEe5Aynbvexiu25Q4,17,0.75,False,17,18
EEpd3uZzuS7TShmdH,0,0.8181818181818182,True,29,30
EEpd3uZzuS7TShmdH,1,0.8181818181818182,True,29,30
EEpd3uZzuS7TShmdH,2,0.6363636363636364,True,29,30
EEpd3uZzuS7TShmdH,3,0.9090909090909091,True,29,30
EEpd3uZzuS7TShmdH,4,0.9090909090909091,True,29,30
EEpd3uZzuS7TShmdH,5,0.8181818181818182,True,29,30
EEpd3uZzuS7TShmdH,6,0.8181818181818182,True,29,30
EEpd3uZzuS7TShmdH,7,0.8181818181818182,True,29,30
EEpd3uZzuS7TShmdH,8,0.9090909090909091,True,29,30
EEpd3uZzuS7TShmdH,9,0.9090909090909091,True,29,30
EEpd3uZzuS7TShmdH,10,0.8181818181818182,True,29,30
EEpd3uZzuS7TShmdH,11,1.0,True,29,30
EEpd3uZzuS7TShmdH,12,0.9090909090909091,True,29,30
EEpd3uZzuS7TShmdH,13,0.8181818181818182,True,29,30
EEpd3uZzuS7TShmdH,14,0.8181818181818182,True,29,30
EEpd3uZzuS7TShmdH,15,0.9090909090909091,True,29,30
EEpd3uZzuS7TShmdH,16,0.9090909090909091,True,29,30
EEpd3uZzuS7TShmdH,17,0.8181818181818182,True,29,30
EEpd3uZzuS7TShmdH,18,0.8181818181818182,True,29,30
EEpd3uZzuS7TShmdH,19,0.8181818181818182,True,29,30
EEpd3uZzuS7TShmdH,20,0.9090909090909091,True,29,30
EEpd3uZzuS7TShmdH,21,0.8181818181818182,True,29,30
EEpd3uZzuS7TShmdH,22,0.7272727272727273,True,29,30
EEpd3uZzuS7TShmdH,23,0.7272727272727273,True,29,30
EEpd3uZzuS7TShmdH,24,0.9090909090909091,True,29,30
EEpd3uZzuS7TShmdH,25,0.8181818181818182,True,29,30
EEpd3uZzuS7TShmdH,26,0.9090909090909091,True,29,30
EEpd3uZzuS7TShmdH,27,0.8181818181818182,True,29,30
EEpd3uZzuS7TShmdH,28,0.8181818181818182,True,29,30
EEpd3uZzuS7TShmdH,29,0.8181818181818182,True,29,30
ESikYmAwPYqz6DLkw,0,0.8333333333333334,True,6,7
ESikYmAwPYqz6DLkw,1,0.7916666666666666,True,6,7
ESikYmAwPYqz6DLkw,2,0.9027777777777778,True,6,7
ESikYmAwPYqz6DLkw,3,0.8694444444444445,True,6,7
ESikYmAwPYqz6DLkw,4,0.7888888888888889,True,6,7
ESikYmAwPYqz6DLkw,5,0.8055555555555556,True,6,7
ESikYmAwPYqz6DLkw,6,0.8861111111111111,True,6,7
EiQexzqKqzprkv8Rh,0,0.7526315789473684,False,10,11
EiQexzqKqzprkv8Rh,1,0.7763157894736842,False,10,11
EiQexzqKqzprkv8Rh,2,0.8605263157894738,False,10,11
EiQexzqKqzprkv8Rh,3,0.8894736842105262,False,10,11
EiQexzqKqzprkv8Rh,4,0.8842105263157896,False,10,11
EiQexzqKqzprkv8Rh,5,0.9052631578947368,False,10,11
EiQexzqKqzprkv8Rh,6,0.9052631578947368,False,10,11
EiQexzqKqzprkv8Rh,7,0.9694444444444444,False,10,11
EiQexzqKqzprkv8Rh,8,0.9444444444444444,False,10,11
EiQexzqKqzprkv8Rh,9,0.9249999999999999,False,10,11
EiQexzqKqzprkv8Rh,10,0.9722222222222222,False,10,11
Ep7RASWzHevNh78dL,0,0.75,True,4,5
Ep7RASWzHevNh78dL,1,0.8125,True,4,5
Ep7RASWzHevNh78dL,2,0.8125,True,4,5
Ep7RASWzHevNh78dL,3,0.7142857142857143,True,4,5
Ep7RASWzHevNh78dL,4,0.7857142857142857,True,4,5
FDhgaavSuHcHqTnoY,0,0.6923076923076923,False,28,29
FDhgaavSuHcHqTnoY,1,0.75,False,28,29
FDhgaavSuHcHqTnoY,2,0.6363636363636364,False,28,29
FDhgaavSuHcHqTnoY,3,0.7272727272727273,False,28,29
FDhgaavSuHcHqTnoY,4,0.9090909090909091,False,28,29
FDhgaavSuHcHqTnoY,5,0.7272727272727273,False,28,29
FDhgaavSuHcHqTnoY,6,0.6363636363636364,False,28,29
FDhgaavSuHcHqTnoY,7,0.8181818181818182,False,28,29
FDhgaavSuHcHqTnoY,8,0.8181818181818182,False,28,29
FDhgaavSuHcHqTnoY,9,0.7272727272727273,False,28,29
FDhgaavSuHcHqTnoY,10,0.8181818181818182,False,28,29
FDhgaavSuHcHqTnoY,11,0.9090909090909091,False,28,29
FDhgaavSuHcHqTnoY,12,0.9090909090909091,False,28,29
FDhgaavSuHcHqTnoY,13,0.7272727272727273,False,28,29
FDhgaavSuHcHqTnoY,14,0.8181818181818182,False,28,29
FDhgaavSuHcHqTnoY,15,0.8181818181818182,False,28,29
FDhgaavSuHcHqTnoY,16,0.8181818181818182,False,28,29
FDhgaavSuHcHqTnoY,17,0.9090909090909091,False,28,29
FDhgaavSuHcHqTnoY,18,0.9090909090909091,False,28,29
FDhgaavSuHcHqTnoY,19,0.8181818181818182,False,28,29
FDhgaavSuHcHqTnoY,20,0.8181818181818182,False,28,29
FDhgaavSuHcHqTnoY,21,1.0,False,28,29
FDhgaavSuHcHqTnoY,22,0.9090909090909091,False,28,29
FDhgaavSuHcHqTnoY,23,0.8181818181818182,False,28,29
FDhgaavSuHcHqTnoY,24,0.7272727272727273,False,28,29
FDhgaavSuHcHqTnoY,25,0.8181818181818182,False,28,29
FDhgaavSuHcHqTnoY,26,0.9090909090909091,False,28,29
FDhgaavSuHcHqTnoY,27,0.7272727272727273,False,28,29
FDhgaavSuHcHqTnoY,28,0.5454545454545454,False,28,29
FPPMdHLDRKNWZpFjA,0,0.6666666666666666,False,27,28
FPPMdHLDRKNWZpFjA,1,0.5555555555555556,False,27,28
FPPMdHLDRKNWZpFjA,2,0.5555555555555556,False,27,28
FPPMdHLDRKNWZpFjA,3,0.3333333333333333,False,27,28
FPPMdHLDRKNWZpFjA,4,0.5555555555555556,False,27,28
FPPMdHLDRKNWZpFjA,5,0.5555555555555556,False,27,28
FPPMdHLDRKNWZpFjA,6,0.4444444444444444,False,27,28
FPPMdHLDRKNWZpFjA,7,0.2222222222222222,False,27,28
FPPMdHLDRKNWZpFjA,8,0.4444444444444444,False,27,28
FPPMdHLDRKNWZpFjA,9,0.2222222222222222,False,27,28
FPPMdHLDRKNWZpFjA,10,0.3333333333333333,False,27,28
FPPMdHLDRKNWZpFjA,11,0.3333333333333333,False,27,28
FPPMdHLDRKNWZpFjA,12,0.1111111111111111,False,27,28
FPPMdHLDRKNWZpFjA,13,0.4444444444444444,False,27,28
FPPMdHLDRKNWZpFjA,14,0.3333333333333333,False,27,28
FPPMdHLDRKNWZpFjA,15,0.3333333333333333,False,27,28
FPPMdHLDRKNWZpFjA,16,0.3333333333333333,False,27,28
FPPMdHLDRKNWZpFjA,17,0.2222222222222222,False,27,28
FPPMdHLDRKNWZpFjA,18,0.2222222222222222,False,27,28
FPPMdHLDRKNWZpFjA,19,0.1111111111111111,False,27,28
FPPMdHLDRKNWZpFjA,20,0.2222222222222222,False,27,28
FPPMdHLDRKNWZpFjA,21,0.1111111111111111,False,27,28
FPPMdHLDRKNWZpFjA,22,0.3333333333333333,False,27,28
FPPMdHLDRKNWZpFjA,23,0.0,False,27,28
FPPMdHLDRKNWZpFjA,24,0.1111111111111111,False,27,28
FPPMdHLDRKNWZpFjA,25,0.2222222222222222,False,27,28
FPPMdHLDRKNWZpFjA,26,0.3333333333333333,False,27,28
FPPMdHLDRKNWZpFjA,27,0.3333333333333333,False,27,28
Fj9DT3BL4SG26wNCY,0,0.8,False,19,20
Fj9DT3BL4SG26wNCY,1,0.9,False,19,20
Fj9DT3BL4SG26wNCY,2,0.9,False,19,20
Fj9DT3BL4SG26wNCY,3,1.0,False,19,20
Fj9DT3BL4SG26wNCY,4,1.0,False,19,20
Fj9DT3BL4SG26wNCY,5,0.9,False,19,20
Fj9DT3BL4SG26wNCY,6,1.0,False,19,20
Fj9DT3BL4SG26wNCY,7,0.9,False,19,20
Fj9DT3BL4SG26wNCY,8,0.8,False,19,20
Fj9DT3BL4SG26wNCY,9,0.8,False,19,20
Fj9DT3BL4SG26wNCY,10,0.9,False,19,20
Fj9DT3BL4SG26wNCY,11,0.7,False,19,20
Fj9DT3BL4SG26wNCY,12,0.7,False,19,20
Fj9DT3BL4SG26wNCY,13,1.0,False,19,20
Fj9DT3BL4SG26wNCY,14,1.0,False,19,20
Fj9DT3BL4SG26wNCY,15,1.0,False,19,20
Fj9DT3BL4SG26wNCY,16,1.0,False,19,20
Fj9DT3BL4SG26wNCY,17,1.0,False,19,20
Fj9DT3BL4SG26wNCY,18,1.0,False,19,20
Fj9DT3BL4SG26wNCY,19,0.9,False,19,20
FmkaCSorD3a94QiTC,0,0.8666666666666667,False,16,17
FmkaCSorD3a94QiTC,1,1.0,False,16,17
FmkaCSorD3a94QiTC,2,1.0,False,16,17
FmkaCSorD3a94QiTC,3,1.0,False,16,17
FmkaCSorD3a94QiTC,4,0.9285714285714286,False,16,17
FmkaCSorD3a94QiTC,5,1.0,False,16,17
FmkaCSorD3a94QiTC,6,1.0,False,16,17
FmkaCSorD3a94QiTC,7,1.0,False,16,17
FmkaCSorD3a94QiTC,8,1.0,False,16,17
FmkaCSorD3a94QiTC,9,1.0,False,16,17
FmkaCSorD3a94QiTC,10,1.0,False,16,17
FmkaCSorD3a94QiTC,11,0.9285714285714286,False,16,17
FmkaCSorD3a94QiTC,12,1.0,False,16,17
FmkaCSorD3a94QiTC,13,0.9285714285714286,False,16,17
FmkaCSorD3a94QiTC,14,1.0,False,16,17
FmkaCSorD3a94QiTC,15,1.0,False,16,17
FmkaCSorD3a94QiTC,16,0.9285714285714286,False,16,17
FpYh3P5jAMzox9jXF,0,0.7333333333333333,True,23,24
FpYh3P5jAMzox9jXF,1,0.6666666666666666,True,23,24
FpYh3P5jAMzox9jXF,2,0.7333333333333333,True,23,24
FpYh3P5jAMzox9jXF,3,0.8,True,23,24
FpYh3P5jAMzox9jXF,4,0.6666666666666666,True,23,24
FpYh3P5jAMzox9jXF,5,0.9333333333333333,True,23,24
FpYh3P5jAMzox9jXF,6,0.9333333333333333,True,23,24
FpYh3P5jAMzox9jXF,7,0.8666666666666667,True,23,24
FpYh3P5jAMzox9jXF,8,0.8666666666666667,True,23,24
FpYh3P5jAMzox9jXF,9,0.8666666666666667,True,23,24
FpYh3P5jAMzox9jXF,10,0.8666666666666667,True,23,24
FpYh3P5jAMzox9jXF,11,0.8666666666666667,True,23,24
FpYh3P5jAMzox9jXF,12,0.9333333333333333,True,23,24
FpYh3P5jAMzox9jXF,13,0.9333333333333333,True,23,24
FpYh3P5jAMzox9jXF,14,0.9333333333333333,True,23,24
FpYh3P5jAMzox9jXF,15,0.9333333333333333,True,23,24
FpYh3P5jAMzox9jXF,16,0.9333333333333333,True,23,24
FpYh3P5jAMzox9jXF,17,0.9333333333333333,True,23,24
FpYh3P5jAMzox9jXF,18,0.9333333333333333,True,23,24
FpYh3P5jAMzox9jXF,19,1.0,True,23,24
FpYh3P5jAMzox9jXF,20,1.0,True,23,24
FpYh3P5jAMzox9jXF,21,1.0,True,23,24
FpYh3P5jAMzox9jXF,22,1.0,True,23,24
FpYh3P5jAMzox9jXF,23,1.0,True,23,24
FvZe9PNTuF273SJxa,0,0.6964285714285714,True,21,22
FvZe9PNTuF273SJxa,1,1.0,True,21,22
FvZe9PNTuF273SJxa,2,0.9230769230769231,True,21,22
FvZe9PNTuF273SJxa,3,0.9230769230769231,True,21,22
FvZe9PNTuF273SJxa,4,0.9166666666666666,True,21,22
FvZe9PNTuF273SJxa,5,1.0,True,21,22
FvZe9PNTuF273SJxa,6,1.0,True,21,22
FvZe9PNTuF273SJxa,7,1.0,True,21,22
FvZe9PNTuF273SJxa,8,1.0,True,21,22
FvZe9PNTuF273SJxa,9,1.0,True,21,22
FvZe9PNTuF273SJxa,10,1.0,True,21,22
FvZe9PNTuF273SJxa,11,1.0,True,21,22
FvZe9PNTuF273SJxa,12,1.0,True,21,22
FvZe9PNTuF273SJxa,13,1.0,True,21,22
FvZe9PNTuF273SJxa,14,1.0,True,21,22
FvZe9PNTuF273SJxa,15,1.0,True,21,22
FvZe9PNTuF273SJxa,16,1.0,True,21,22
FvZe9PNTuF273SJxa,17,1.0,True,21,22
FvZe9PNTuF273SJxa,18,1.0,True,21,22
FvZe9PNTuF273SJxa,19,1.0,True,21,22
FvZe9PNTuF273SJxa,20,1.0,True,21,22
FvZe9PNTuF273SJxa,21,1.0,True,21,22
FxN4ETksRuuZDFtEm,0,0.5,False,8,9
FxN4ETksRuuZDFtEm,1,0.5,False,8,9
FxN4ETksRuuZDFtEm,2,0.5,False,8,9
FxN4ETksRuuZDFtEm,3,0.5,False,8,9
FxN4ETksRuuZDFtEm,4,0.5,False,8,9
FxN4ETksRuuZDFtEm,5,0.75,False,8,9
FxN4ETksRuuZDFtEm,6,0.75,False,8,9
FxN4ETksRuuZDFtEm,7,0.5,False,8,9
FxN4ETksRuuZDFtEm,8,0.75,False,8,9
G6ZjvG8cmjw4tAj6T,0,0.8333333333333334,True,5,6
G6ZjvG8cmjw4tAj6T,1,0.75,True,5,6
G6ZjvG8cmjw4tAj6T,2,0.75,True,5,6
G6ZjvG8cmjw4tAj6T,3,0.6666666666666666,True,5,6
G6ZjvG8cmjw4tAj6T,4,0.6666666666666666,True,5,6
G6ZjvG8cmjw4tAj6T,5,0.6666666666666666,True,5,6
G7MK9MeuEdEmnrf8g,0,0.8875,True,13,14
G7MK9MeuEdEmnrf8g,1,0.9,True,13,14
G7MK9MeuEdEmnrf8g,2,1.0,True,13,14
G7MK9MeuEdEmnrf8g,3,1.0,True,13,14
G7MK9MeuEdEmnrf8g,4,1.0,True,13,14
G7MK9MeuEdEmnrf8g,5,1.0,True,13,14
G7MK9MeuEdEmnrf8g,6,1.0,True,13,14
G7MK9MeuEdEmnrf8g,7,1.0,True,13,14
G7MK9MeuEdEmnrf8g,8,1.0,True,13,14
G7MK9MeuEdEmnrf8g,9,1.0,True,13,14
G7MK9MeuEdEmnrf8g,10,1.0,True,13,14
G7MK9MeuEdEmnrf8g,11,1.0,True,13,14
G7MK9MeuEdEmnrf8g,12,1.0,True,13,14
G7MK9MeuEdEmnrf8g,13,1.0,True,13,14
GCnCvjXC59gJ6uqDL,0,0.75,True,23,24
GCnCvjXC59gJ6uqDL,1,0.9333333333333333,True,23,24
GCnCvjXC59gJ6uqDL,2,1.0,True,23,24
GCnCvjXC59gJ6uqDL,3,0.8666666666666667,True,23,24
GCnCvjXC59gJ6uqDL,4,0.8666666666666667,True,23,24
GCnCvjXC59gJ6uqDL,5,0.8666666666666667,True,23,24
GCnCvjXC59gJ6uqDL,6,0.8666666666666667,True,23,24
GCnCvjXC59gJ6uqDL,7,0.9333333333333333,True,23,24
GCnCvjXC59gJ6uqDL,8,0.9333333333333333,True,23,24
GCnCvjXC59gJ6uqDL,9,0.9333333333333333,True,23,24
GCnCvjXC59gJ6uqDL,10,1.0,True,23,24
GCnCvjXC59gJ6uqDL,11,0.9333333333333333,True,23,24
GCnCvjXC59gJ6uqDL,12,1.0,True,23,24
GCnCvjXC59gJ6uqDL,13,0.9333333333333333,True,23,24
GCnCvjXC59gJ6uqDL,14,0.9333333333333333,True,23,24
GCnCvjXC59gJ6uqDL,15,1.0,True,23,24
GCnCvjXC59gJ6uqDL,16,0.9285714285714286,True,23,24
GCnCvjXC59gJ6uqDL,17,0.9285714285714286,True,23,24
GCnCvjXC59gJ6uqDL,18,1.0,True,23,24
GCnCvjXC59gJ6uqDL,19,1.0,True,23,24
GCnCvjXC59gJ6uqDL,20,1.0,True,23,24
GCnCvjXC59gJ6uqDL,21,1.0,True,23,24
GCnCvjXC59gJ6uqDL,22,1.0,True,23,24
GCnCvjXC59gJ6uqDL,23,1.0,True,23,24
GEg4HoG4betWJeQrA,0,0.7333333333333333,False,23,24
GEg4HoG4betWJeQrA,1,0.8,False,23,24
GEg4HoG4betWJeQrA,2,0.8,False,23,24
GEg4HoG4betWJeQrA,3,0.8,False,23,24
GEg4HoG4betWJeQrA,4,0.8,False,23,24
GEg4HoG4betWJeQrA,5,0.6,False,23,24
GEg4HoG4betWJeQrA,6,0.8666666666666667,False,23,24
GEg4HoG4betWJeQrA,7,0.6666666666666666,False,23,24
GEg4HoG4betWJeQrA,8,0.7333333333333333,False,23,24
GEg4HoG4betWJeQrA,9,0.6666666666666666,False,23,24
GEg4HoG4betWJeQrA,10,0.7333333333333333,False,23,24
GEg4HoG4betWJeQrA,11,0.8,False,23,24
GEg4HoG4betWJeQrA,12,0.6666666666666666,False,23,24
GEg4HoG4betWJeQrA,13,0.5333333333333333,False,23,24
GEg4HoG4betWJeQrA,14,0.6666666666666666,False,23,24
GEg4HoG4betWJeQrA,15,0.7333333333333333,False,23,24
GEg4HoG4betWJeQrA,16,0.8,False,23,24
GEg4HoG4betWJeQrA,17,0.7333333333333333,False,23,24
GEg4HoG4betWJeQrA,18,0.8,False,23,24
GEg4HoG4betWJeQrA,19,0.7333333333333333,False,23,24
GEg4HoG4betWJeQrA,20,0.5333333333333333,False,23,24
GEg4HoG4betWJeQrA,21,0.6666666666666666,False,23,24
GEg4HoG4betWJeQrA,22,0.6,False,23,24
GEg4HoG4betWJeQrA,23,0.6,False,23,24
GX7zLsMwHfJaT4w4m,0,0.5625,False,8,9
GX7zLsMwHfJaT4w4m,1,0.5714285714285714,False,8,9
GX7zLsMwHfJaT4w4m,2,0.5714285714285714,False,8,9
GX7zLsMwHfJaT4w4m,3,0.6428571428571429,False,8,9
GX7zLsMwHfJaT4w4m,4,0.5,False,8,9
GX7zLsMwHfJaT4w4m,5,0.5714285714285714,False,8,9
GX7zLsMwHfJaT4w4m,6,0.5714285714285714,False,8,9
GX7zLsMwHfJaT4w4m,7,0.35714285714285715,False,8,9
GX7zLsMwHfJaT4w4m,8,0.42857142857142855,False,8,9
GbjwyJcfLQpH5cCu3,0,0.5714285714285714,False,14,15
GbjwyJcfLQpH5cCu3,1,0.7142857142857143,False,14,15
GbjwyJcfLQpH5cCu3,2,0.6666666666666666,False,14,15
GbjwyJcfLQpH5cCu3,3,0.8,False,14,15
GbjwyJcfLQpH5cCu3,4,0.8,False,14,15
GbjwyJcfLQpH5cCu3,5,0.8,False,14,15
GbjwyJcfLQpH5cCu3,6,0.8,False,14,15
GbjwyJcfLQpH5cCu3,7,0.6,False,14,15
GbjwyJcfLQpH5cCu3,8,0.8,False,14,15
GbjwyJcfLQpH5cCu3,9,0.8,False,14,15
GbjwyJcfLQpH5cCu3,10,0.8,False,14,15
GbjwyJcfLQpH5cCu3,11,0.6,False,14,15
GbjwyJcfLQpH5cCu3,12,1.0,False,14,15
GbjwyJcfLQpH5cCu3,13,0.8,False,14,15
GbjwyJcfLQpH5cCu3,14,0.8,False,14,15
Gp8geFeTE57EuwX8L,0,0.8571428571428571,False,7,8
Gp8geFeTE57EuwX8L,1,0.7142857142857143,False,7,8
Gp8geFeTE57EuwX8L,2,0.8571428571428571,False,7,8
Gp8geFeTE57EuwX8L,3,0.7142857142857143,False,7,8
Gp8geFeTE57EuwX8L,4,0.5714285714285714,False,7,8
Gp8geFeTE57EuwX8L,5,0.2857142857142857,False,7,8
Gp8geFeTE57EuwX8L,6,0.2857142857142857,False,7,8
Gp8geFeTE57EuwX8L,7,0.14285714285714285,False,7,8
GtzSjujsFLASFExF2,0,1.0,True,18,19
GtzSjujsFLASFExF2,1,1.0,True,18,19
GtzSjujsFLASFExF2,2,0.5,True,18,19
GtzSjujsFLASFExF2,3,1.0,True,18,19
GtzSjujsFLASFExF2,4,1.0,True,18,19
GtzSjujsFLASFExF2,5,1.0,True,18,19
GtzSjujsFLASFExF2,6,1.0,True,18,19
GtzSjujsFLASFExF2,7,1.0,True,18,19
GtzSjujsFLASFExF2,8,1.0,True,18,19
GtzSjujsFLASFExF2,9,1.0,True,18,19
GtzSjujsFLASFExF2,10,1.0,True,18,19
GtzSjujsFLASFExF2,11,1.0,True,18,19
GtzSjujsFLASFExF2,12,1.0,True,18,19
GtzSjujsFLASFExF2,13,1.0,True,18,19
GtzSjujsFLASFExF2,14,1.0,True,18,19
GtzSjujsFLASFExF2,15,1.0,True,18,19
GtzSjujsFLASFExF2,16,1.0,True,18,19
GtzSjujsFLASFExF2,17,1.0,True,18,19
GtzSjujsFLASFExF2,18,1.0,True,18,19
H3yngXww4Fk2g9Ara,0,0.5833333333333334,False,22,23
H3yngXww4Fk2g9Ara,1,0.3333333333333333,False,22,23
H3yngXww4Fk2g9Ara,2,0.45454545454545453,False,22,23
H3yngXww4Fk2g9Ara,3,0.36363636363636365,False,22,23
H3yngXww4Fk2g9Ara,4,0.36363636363636365,False,22,23
H3yngXww4Fk2g9Ara,5,0.09090909090909091,False,22,23
H3yngXww4Fk2g9Ara,6,0.18181818181818182,False,22,23
H3yngXww4Fk2g9Ara,7,0.09090909090909091,False,22,23
H3yngXww4Fk2g9Ara,8,0.36363636363636365,False,22,23
H3yngXww4Fk2g9Ara,9,0.5454545454545454,False,22,23
H3yngXww4Fk2g9Ara,10,0.5454545454545454,False,22,23
H3yngXww4Fk2g9Ara,11,0.5454545454545454,False,22,23
H3yngXww4Fk2g9Ara,12,0.36363636363636365,False,22,23
H3yngXww4Fk2g9Ara,13,0.36363636363636365,False,22,23
H3yngXww4Fk2g9Ara,14,0.2727272727272727,False,22,23
H3yngXww4Fk2g9Ara,15,0.18181818181818182,False,22,23
H3yngXww4Fk2g9Ara,16,0.2727272727272727,False,22,23
H3yngXww4Fk2g9Ara,17,0.36363636363636365,False,22,23
H3yngXww4Fk2g9Ara,18,0.18181818181818182,False,22,23
H3yngXww4Fk2g9Ara,19,0.36363636363636365,False,22,23
H3yngXww4Fk2g9Ara,20,0.36363636363636365,False,22,23
H3yngXww4Fk2g9Ara,21,0.2727272727272727,False,22,23
H3yngXww4Fk2g9Ara,22,0.2727272727272727,False,22,23
HBxzHrnfDWC4phmdw,0,0.8125,True,11,12
HBxzHrnfDWC4phmdw,1,0.9375,True,11,12
HBxzHrnfDWC4phmdw,2,0.8125,True,11,12
HBxzHrnfDWC4phmdw,3,0.875,True,11,12
HBxzHrnfDWC4phmdw,4,0.5625,True,11,12
HBxzHrnfDWC4phmdw,5,0.625,True,11,12
HBxzHrnfDWC4phmdw,6,0.6875,True,11,12
HBxzHrnfDWC4phmdw,7,0.8125,True,11,12
HBxzHrnfDWC4phmdw,8,0.6,True,11,12
HBxzHrnfDWC4phmdw,9,0.8125,True,11,12
HBxzHrnfDWC4phmdw,10,0.375,True,11,12
HBxzHrnfDWC4phmdw,11,0.4375,True,11,12
HohcuivFAp5Q6BGuP,0,0.7,True,22,23
HohcuivFAp5Q6BGuP,1,0.7777777777777778,True,22,23
HohcuivFAp5Q6BGuP,2,0.6666666666666666,True,22,23
HohcuivFAp5Q6BGuP,3,1.0,True,22,23
HohcuivFAp5Q6BGuP,4,0.8888888888888888,True,22,23
HohcuivFAp5Q6BGuP,5,0.7777777777777778,True,22,23
HohcuivFAp5Q6BGuP,6,0.8888888888888888,True,22,23
HohcuivFAp5Q6BGuP,7,0.8888888888888888,True,22,23
HohcuivFAp5Q6BGuP,8,0.7777777777777778,True,22,23
HohcuivFAp5Q6BGuP,9,0.7777777777777778,True,22,23
HohcuivFAp5Q6BGuP,10,0.7777777777777778,True,22,23
HohcuivFAp5Q6BGuP,11,0.7777777777777778,True,22,23
HohcuivFAp5Q6BGuP,12,0.8888888888888888,True,22,23
HohcuivFAp5Q6BGuP,13,0.8888888888888888,True,22,23
HohcuivFAp5Q6BGuP,14,0.7777777777777778,True,22,23
HohcuivFAp5Q6BGuP,15,0.7777777777777778,True,22,23
HohcuivFAp5Q6BGuP,16,0.8888888888888888,True,22,23
HohcuivFAp5Q6BGuP,17,0.8888888888888888,True,22,23
HohcuivFAp5Q6BGuP,18,1.0,True,22,23
HohcuivFAp5Q6BGuP,19,0.7777777777777778,True,22,23
HohcuivFAp5Q6BGuP,20,0.8888888888888888,True,22,23
HohcuivFAp5Q6BGuP,21,0.7777777777777778,True,22,23
HohcuivFAp5Q6BGuP,22,0.8888888888888888,True,22,23
HrczRL6YXMbvaEsqf,0,0.25,True,2,3
HrczRL6YXMbvaEsqf,1,0.44000000000000006,True,2,3
HrczRL6YXMbvaEsqf,2,0.95,True,2,3
JFERtdbEhHGdPKL5G,0,0.5970588235294118,True,11,12
JFERtdbEhHGdPKL5G,1,0.9852941176470589,True,11,12
JFERtdbEhHGdPKL5G,2,0.9794117647058823,True,11,12
JFERtdbEhHGdPKL5G,3,0.9558823529411765,True,11,12
JFERtdbEhHGdPKL5G,4,0.9117647058823529,True,11,12
JFERtdbEhHGdPKL5G,5,0.9705882352941176,True,11,12
JFERtdbEhHGdPKL5G,6,0.9411764705882353,True,11,12
JFERtdbEhHGdPKL5G,7,0.9411764705882353,True,11,12
JFERtdbEhHGdPKL5G,8,0.9411764705882353,True,11,12
JFERtdbEhHGdPKL5G,9,0.8235294117647058,True,11,12
JFERtdbEhHGdPKL5G,10,0.8823529411764706,True,11,12
JFERtdbEhHGdPKL5G,11,0.9411764705882353,True,11,12
JLFHg4eNsf6DvtZwo,0,0.6470588235294118,False,14,15
JLFHg4eNsf6DvtZwo,1,0.8235294117647058,False,14,15
JLFHg4eNsf6DvtZwo,2,0.8235294117647058,False,14,15
JLFHg4eNsf6DvtZwo,3,0.8235294117647058,False,14,15
JLFHg4eNsf6DvtZwo,4,0.7058823529411765,False,14,15
JLFHg4eNsf6DvtZwo,5,0.7058823529411765,False,14,15
JLFHg4eNsf6DvtZwo,6,0.7647058823529411,False,14,15
JLFHg4eNsf6DvtZwo,7,0.6470588235294118,False,14,15
JLFHg4eNsf6DvtZwo,8,0.7058823529411765,False,14,15
JLFHg4eNsf6DvtZwo,9,0.5882352941176471,False,14,15
JLFHg4eNsf6DvtZwo,10,0.5294117647058824,False,14,15
JLFHg4eNsf6DvtZwo,11,0.4117647058823529,False,14,15
JLFHg4eNsf6DvtZwo,12,0.6470588235294118,False,14,15
JLFHg4eNsf6DvtZwo,13,0.6470588235294118,False,14,15
JLFHg4eNsf6DvtZwo,14,0.8235294117647058,False,14,15
JNimkKTMhv7RR3bxr,0,0.7368421052631579,True,23,24
JNimkKTMhv7RR3bxr,1,0.6470588235294118,True,23,24
JNimkKTMhv7RR3bxr,2,0.7647058823529411,True,23,24
JNimkKTMhv7RR3bxr,3,0.9411764705882353,True,23,24
JNimkKTMhv7RR3bxr,4,0.9411764705882353,True,23,24
JNimkKTMhv7RR3bxr,5,0.9411764705882353,True,23,24
JNimkKTMhv7RR3bxr,6,1.0,True,23,24
JNimkKTMhv7RR3bxr,7,1.0,True,23,24
JNimkKTMhv7RR3bxr,8,0.9411764705882353,True,23,24
JNimkKTMhv7RR3bxr,9,0.9411764705882353,True,23,24
JNimkKTMhv7RR3bxr,10,0.9375,True,23,24
JNimkKTMhv7RR3bxr,11,1.0,True,23,24
JNimkKTMhv7RR3bxr,12,1.0,True,23,24
JNimkKTMhv7RR3bxr,13,1.0,True,23,24
JNimkKTMhv7RR3bxr,14,1.0,True,23,24
JNimkKTMhv7RR3bxr,15,1.0,True,23,24
JNimkKTMhv7RR3bxr,16,1.0,True,23,24
JNimkKTMhv7RR3bxr,17,1.0,True,23,24
JNimkKTMhv7RR3bxr,18,1.0,True,23,24
JNimkKTMhv7RR3bxr,19,1.0,True,23,24
JNimkKTMhv7RR3bxr,20,1.0,True,23,24
JNimkKTMhv7RR3bxr,21,1.0,True,23,24
JNimkKTMhv7RR3bxr,22,1.0,True,23,24
JNimkKTMhv7RR3bxr,23,1.0,True,23,24
JcdTBoHFHKhHjTPrr,0,0.7375,True,9,10
JcdTBoHFHKhHjTPrr,1,0.953125,True,9,10
JcdTBoHFHKhHjTPrr,2,0.90625,True,9,10
JcdTBoHFHKhHjTPrr,3,1.0,True,9,10
JcdTBoHFHKhHjTPrr,4,1.0,True,9,10
JcdTBoHFHKhHjTPrr,5,1.0,True,9,10
JcdTBoHFHKhHjTPrr,6,1.0,True,9,10
JcdTBoHFHKhHjTPrr,7,1.0,True,9,10
JcdTBoHFHKhHjTPrr,8,1.0,True,9,10
JcdTBoHFHKhHjTPrr,9,0.9333333333333333,True,9,10
JhMYTnbwHvyhTu8Ls,0,1.0,False,28,29
JhMYTnbwHvyhTu8Ls,1,1.0,False,28,29
JhMYTnbwHvyhTu8Ls,2,1.0,False,28,29
JhMYTnbwHvyhTu8Ls,3,1.0,False,28,29
JhMYTnbwHvyhTu8Ls,4,1.0,False,28,29
JhMYTnbwHvyhTu8Ls,5,1.0,False,28,29
JhMYTnbwHvyhTu8Ls,6,1.0,False,28,29
JhMYTnbwHvyhTu8Ls,7,1.0,False,28,29
JhMYTnbwHvyhTu8Ls,8,1.0,False,28,29
JhMYTnbwHvyhTu8Ls,9,1.0,False,28,29
JhMYTnbwHvyhTu8Ls,10,1.0,False,28,29
JhMYTnbwHvyhTu8Ls,11,1.0,False,28,29
JhMYTnbwHvyhTu8Ls,12,1.0,False,28,29
JhMYTnbwHvyhTu8Ls,13,1.0,False,28,29
JhMYTnbwHvyhTu8Ls,14,1.0,False,28,29
JhMYTnbwHvyhTu8Ls,15,1.0,False,28,29
JhMYTnbwHvyhTu8Ls,16,1.0,False,28,29
JhMYTnbwHvyhTu8Ls,17,1.0,False,28,29
JhMYTnbwHvyhTu8Ls,18,1.0,False,28,29
JhMYTnbwHvyhTu8Ls,19,1.0,False,28,29
JhMYTnbwHvyhTu8Ls,20,1.0,False,28,29
JhMYTnbwHvyhTu8Ls,21,1.0,False,28,29
JhMYTnbwHvyhTu8Ls,22,1.0,False,28,29
JhMYTnbwHvyhTu8Ls,23,1.0,False,28,29
JhMYTnbwHvyhTu8Ls,24,1.0,False,28,29
JhMYTnbwHvyhTu8Ls,25,1.0,False,28,29
JhMYTnbwHvyhTu8Ls,26,1.0,False,28,29
JhMYTnbwHvyhTu8Ls,27,1.0,False,28,29
JhMYTnbwHvyhTu8Ls,28,1.0,False,28,29
Jk2TeDi3nXCYfBfYp,0,0.6875,False,23,24
Jk2TeDi3nXCYfBfYp,1,0.625,False,23,24
Jk2TeDi3nXCYfBfYp,2,0.8125,False,23,24
Jk2TeDi3nXCYfBfYp,3,0.8125,False,23,24
Jk2TeDi3nXCYfBfYp,4,0.8125,False,23,24
Jk2TeDi3nXCYfBfYp,5,0.75,False,23,24
Jk2TeDi3nXCYfBfYp,6,0.75,False,23,24
Jk2TeDi3nXCYfBfYp,7,0.875,False,23,24
Jk2TeDi3nXCYfBfYp,8,0.8125,False,23,24
Jk2TeDi3nXCYfBfYp,9,0.8125,False,23,24
Jk2TeDi3nXCYfBfYp,10,0.8125,False,23,24
Jk2TeDi3nXCYfBfYp,11,0.75,False,23,24
Jk2TeDi3nXCYfBfYp,12,0.6875,False,23,24
Jk2TeDi3nXCYfBfYp,13,0.8125,False,23,24
Jk2TeDi3nXCYfBfYp,14,0.8125,False,23,24
Jk2TeDi3nXCYfBfYp,15,0.875,False,23,24
Jk2TeDi3nXCYfBfYp,16,0.875,False,23,24
Jk2TeDi3nXCYfBfYp,17,0.8125,False,23,24
Jk2TeDi3nXCYfBfYp,18,0.875,False,23,24
Jk2TeDi3nXCYfBfYp,19,0.875,False,23,24
Jk2TeDi3nXCYfBfYp,20,0.8125,False,23,24
Jk2TeDi3nXCYfBfYp,21,0.75,False,23,24
Jk2TeDi3nXCYfBfYp,22,0.875,False,23,24
Jk2TeDi3nXCYfBfYp,23,0.8125,False,23,24
JmYG5zXxdsfdzSnMx,0,0.5357142857142857,True,26,27
JmYG5zXxdsfdzSnMx,1,0.41428571428571426,True,26,27
JmYG5zXxdsfdzSnMx,2,0.32857142857142857,True,26,27
JmYG5zXxdsfdzSnMx,3,0.39999999999999997,True,26,27
JmYG5zXxdsfdzSnMx,4,0.4428571428571429,True,26,27
JmYG5zXxdsfdzSnMx,5,0.4714285714285714,True,26,27
JmYG5zXxdsfdzSnMx,6,0.4785714285714286,True,26,27
JmYG5zXxdsfdzSnMx,7,0.4642857142857143,True,26,27
JmYG5zXxdsfdzSnMx,8,0.41428571428571426,True,26,27
JmYG5zXxdsfdzSnMx,9,0.38571428571428573,True,26,27
JmYG5zXxdsfdzSnMx,10,0.19999999999999998,True,26,27
JmYG5zXxdsfdzSnMx,11,0.7000000000000001,True,26,27
JmYG5zXxdsfdzSnMx,12,0.9285714285714286,True,26,27
JmYG5zXxdsfdzSnMx,13,1.0,True,26,27
JmYG5zXxdsfdzSnMx,14,1.0,True,26,27
JmYG5zXxdsfdzSnMx,15,1.0,True,26,27
JmYG5zXxdsfdzSnMx,16,1.0,True,26,27
JmYG5zXxdsfdzSnMx,17,1.0,True,26,27
JmYG5zXxdsfdzSnMx,18,1.0,True,26,27
JmYG5zXxdsfdzSnMx,19,1.0,True,26,27
JmYG5zXxdsfdzSnMx,20,1.0,True,26,27
JmYG5zXxdsfdzSnMx,21,1.0,True,26,27
JmYG5zXxdsfdzSnMx,22,1.0,True,26,27
JmYG5zXxdsfdzSnMx,23,1.0,True,26,27
JmYG5zXxdsfdzSnMx,24,1.0,True,26,27
JmYG5zXxdsfdzSnMx,25,1.0,True,26,27
JmYG5zXxdsfdzSnMx,26,0.8571428571428571,True,26,27
JyRS9pfe7NBuBTPwP,0,0.7666666666666666,True,26,27
JyRS9pfe7NBuBTPwP,1,0.8541666666666666,True,26,27
JyRS9pfe7NBuBTPwP,2,1.0,True,26,27
JyRS9pfe7NBuBTPwP,3,1.0,True,26,27
JyRS9pfe7NBuBTPwP,4,1.0,True,26,27
JyRS9pfe7NBuBTPwP,5,0.9545454545454546,True,26,27
JyRS9pfe7NBuBTPwP,6,1.0,True,26,27
JyRS9pfe7NBuBTPwP,7,1.0,True,26,27
JyRS9pfe7NBuBTPwP,8,0.9545454545454546,True,26,27
JyRS9pfe7NBuBTPwP,9,0.9545454545454546,True,26,27
JyRS9pfe7NBuBTPwP,10,0.9545454545454546,True,26,27
JyRS9pfe7NBuBTPwP,11,0.8681818181818183,True,26,27
JyRS9pfe7NBuBTPwP,12,0.8227272727272728,True,26,27
JyRS9pfe7NBuBTPwP,13,1.0,True,26,27
JyRS9pfe7NBuBTPwP,14,0.9545454545454546,True,26,27
JyRS9pfe7NBuBTPwP,15,1.0,True,26,27
JyRS9pfe7NBuBTPwP,16,1.0,True,26,27
JyRS9pfe7NBuBTPwP,17,1.0,True,26,27
JyRS9pfe7NBuBTPwP,18,1.0,True,26,27
JyRS9pfe7NBuBTPwP,19,1.0,True,26,27
JyRS9pfe7NBuBTPwP,20,1.0,True,26,27
JyRS9pfe7NBuBTPwP,21,1.0,True,26,27
JyRS9pfe7NBuBTPwP,22,0.9090909090909091,True,26,27
JyRS9pfe7NBuBTPwP,23,1.0,True,26,27
JyRS9pfe7NBuBTPwP,24,1.0,True,26,27
JyRS9pfe7NBuBTPwP,25,1.0,True,26,27
JyRS9pfe7NBuBTPwP,26,1.0,True,26,27
JzBnLNCjZmuywFp5a,0,0.7277777777777777,False,24,25
JzBnLNCjZmuywFp5a,1,0.6888888888888889,False,24,25
JzBnLNCjZmuywFp5a,2,0.7388888888888889,False,24,25
JzBnLNCjZmuywFp5a,3,0.6388888888888888,False,24,25
JzBnLNCjZmuywFp5a,4,0.5055555555555555,False,24,25
JzBnLNCjZmuywFp5a,5,0.55,False,24,25
JzBnLNCjZmuywFp5a,6,0.4666666666666667,False,24,25
JzBnLNCjZmuywFp5a,7,0.47777777777777775,False,24,25
JzBnLNCjZmuywFp5a,8,0.4388888888888889,False,24,25
JzBnLNCjZmuywFp5a,9,0.5055555555555555,False,24,25
JzBnLNCjZmuywFp5a,10,0.2833333333333333,False,24,25
JzBnLNCjZmuywFp5a,11,0.47777777777777775,False,24,25
JzBnLNCjZmuywFp5a,12,0.35555555555555557,False,24,25
JzBnLNCjZmuywFp5a,13,0.3777777777777778,False,24,25
JzBnLNCjZmuywFp5a,14,0.39444444444444443,False,24,25
JzBnLNCjZmuywFp5a,15,0.37777777777777777,False,24,25
JzBnLNCjZmuywFp5a,16,0.39444444444444443,False,24,25
JzBnLNCjZmuywFp5a,17,0.47777777777777775,False,24,25
JzBnLNCjZmuywFp5a,18,0.4555555555555555,False,24,25
JzBnLNCjZmuywFp5a,19,0.4222222222222222,False,24,25
JzBnLNCjZmuywFp5a,20,0.4388888888888889,False,24,25
JzBnLNCjZmuywFp5a,21,0.5333333333333333,False,24,25
JzBnLNCjZmuywFp5a,22,0.43333333333333335,False,24,25
JzBnLNCjZmuywFp5a,23,0.49444444444444446,False,24,25
JzBnLNCjZmuywFp5a,24,0.4166666666666667,False,24,25
K773SGk45bYd9k8j8,0,0.5882352941176471,False,14,15
K773SGk45bYd9k8j8,1,0.8125,False,14,15
K773SGk45bYd9k8j8,2,0.625,False,14,15
K773SGk45bYd9k8j8,3,0.625,False,14,15
K773SGk45bYd9k8j8,4,0.625,False,14,15
K773SGk45bYd9k8j8,5,0.6875,False,14,15
K773SGk45bYd9k8j8,6,0.875,False,14,15
K773SGk45bYd9k8j8,7,0.6875,False,14,15
K773SGk45bYd9k8j8,8,0.75,False,14,15
K773SGk45bYd9k8j8,9,0.75,False,14,15
K773SGk45bYd9k8j8,10,0.6875,False,14,15
K773SGk45bYd9k8j8,11,0.625,False,14,15
K773SGk45bYd9k8j8,12,0.625,False,14,15
K773SGk45bYd9k8j8,13,0.5625,False,14,15
K773SGk45bYd9k8j8,14,0.6875,False,14,15
KAwWsZ7sAi5tvbvaP,0,0.5366666666666667,False,25,26
KAwWsZ7sAi5tvbvaP,1,0.6533333333333334,False,25,26
KAwWsZ7sAi5tvbvaP,2,0.7366666666666667,False,25,26
KAwWsZ7sAi5tvbvaP,3,0.7633333333333333,False,25,26
KAwWsZ7sAi5tvbvaP,4,0.7533333333333334,False,25,26
KAwWsZ7sAi5tvbvaP,5,0.7933333333333333,False,25,26
KAwWsZ7sAi5tvbvaP,6,0.8766666666666667,False,25,26
KAwWsZ7sAi5tvbvaP,7,0.8333333333333334,False,25,26
KAwWsZ7sAi5tvbvaP,8,0.7799999999999999,False,25,26
KAwWsZ7sAi5tvbvaP,9,0.9,False,25,26
KAwWsZ7sAi5tvbvaP,10,0.8,False,25,26
KAwWsZ7sAi5tvbvaP,11,0.8678571428571429,False,25,26
KAwWsZ7sAi5tvbvaP,12,0.85,False,25,26
KAwWsZ7sAi5tvbvaP,13,0.85,False,25,26
KAwWsZ7sAi5tvbvaP,14,0.9571428571428572,False,25,26
KAwWsZ7sAi5tvbvaP,15,0.9178571428571428,False,25,26
KAwWsZ7sAi5tvbvaP,16,0.9285714285714286,False,25,26
KAwWsZ7sAi5tvbvaP,17,0.8714285714285713,False,25,26
KAwWsZ7sAi5tvbvaP,18,0.9071428571428571,False,25,26
KAwWsZ7sAi5tvbvaP,19,0.8571428571428571,False,25,26
KAwWsZ7sAi5tvbvaP,20,0.9178571428571428,False,25,26
KAwWsZ7sAi5tvbvaP,21,0.9428571428571428,False,25,26
KAwWsZ7sAi5tvbvaP,22,0.9214285714285715,False,25,26
KAwWsZ7sAi5tvbvaP,23,0.8892857142857142,False,25,26
KAwWsZ7sAi5tvbvaP,24,0.8428571428571429,False,25,26
KAwWsZ7sAi5tvbvaP,25,0.725,False,25,26
KSbkpoF7LDj2u2BBi,0,0.6875,True,25,26
KSbkpoF7LDj2u2BBi,1,0.725,True,25,26
KSbkpoF7LDj2u2BBi,2,0.740625,True,25,26
KSbkpoF7LDj2u2BBi,3,0.84375,True,25,26
KSbkpoF7LDj2u2BBi,4,0.8375,True,25,26
KSbkpoF7LDj2u2BBi,5,0.78125,True,25,26
KSbkpoF7LDj2u2BBi,6,0.8875,True,25,26
KSbkpoF7LDj2u2BBi,7,0.93125,True,25,26
KSbkpoF7LDj2u2BBi,8,0.921875,True,25,26
KSbkpoF7LDj2u2BBi,9,0.925,True,25,26
KSbkpoF7LDj2u2BBi,10,0.80625,True,25,26
KSbkpoF7LDj2u2BBi,11,0.825,True,25,26
KSbkpoF7LDj2u2BBi,12,0.909375,True,25,26
KSbkpoF7LDj2u2BBi,13,0.884375,True,25,26
KSbkpoF7LDj2u2BBi,14,0.90625,True,25,26
KSbkpoF7LDj2u2BBi,15,0.89375,True,25,26
KSbkpoF7LDj2u2BBi,16,0.940625,True,25,26
KSbkpoF7LDj2u2BBi,17,0.93125,True,25,26
KSbkpoF7LDj2u2BBi,18,0.878125,True,25,26
KSbkpoF7LDj2u2BBi,19,0.840625,True,25,26
KSbkpoF7LDj2u2BBi,20,0.90625,True,25,26
KSbkpoF7LDj2u2BBi,21,0.884375,True,25,26
KSbkpoF7LDj2u2BBi,22,0.896875,True,25,26
KSbkpoF7LDj2u2BBi,23,0.86875,True,25,26
KSbkpoF7LDj2u2BBi,24,0.8875,True,25,26
KSbkpoF7LDj2u2BBi,25,0.85,True,25,26
KuH5GTYQGFgwSdN9M,0,0.5625,False,11,12
KuH5GTYQGFgwSdN9M,1,0.625,False,11,12
KuH5GTYQGFgwSdN9M,2,0.5875,False,11,12
KuH5GTYQGFgwSdN9M,3,0.625,False,11,12
KuH5GTYQGFgwSdN9M,4,0.6875,False,11,12
KuH5GTYQGFgwSdN9M,5,0.725,False,11,12
KuH5GTYQGFgwSdN9M,6,0.8125,False,11,12
KuH5GTYQGFgwSdN9M,7,0.65,False,11,12
KuH5GTYQGFgwSdN9M,8,0.775,False,11,12
KuH5GTYQGFgwSdN9M,9,0.75,False,11,12
KuH5GTYQGFgwSdN9M,10,0.6875,False,11,12
KuH5GTYQGFgwSdN9M,11,0.7,False,11,12
L7eYzg2EeAZ7rHNen,0,0.6678571428571428,True,15,16
L7eYzg2EeAZ7rHNen,1,1.0,True,15,16
L7eYzg2EeAZ7rHNen,2,0.9692307692307692,True,15,16
L7eYzg2EeAZ7rHNen,3,1.0,True,15,16
L7eYzg2EeAZ7rHNen,4,1.0,True,15,16
L7eYzg2EeAZ7rHNen,5,1.0,True,15,16
L7eYzg2EeAZ7rHNen,6,1.0,True,15,16
L7eYzg2EeAZ7rHNen,7,1.0,True,15,16
L7eYzg2EeAZ7rHNen,8,1.0,True,15,16
L7eYzg2EeAZ7rHNen,9,1.0,True,15,16
L7eYzg2EeAZ7rHNen,10,1.0,True,15,16
L7eYzg2EeAZ7rHNen,11,1.0,True,15,16
L7eYzg2EeAZ7rHNen,12,1.0,True,15,16
L7eYzg2EeAZ7rHNen,13,1.0,True,15,16
L7eYzg2EeAZ7rHNen,14,1.0,True,15,16
L7eYzg2EeAZ7rHNen,15,1.0,True,15,16
L8WY4CNnoZWXGj9t9,0,0.42083333333333334,True,11,12
L8WY4CNnoZWXGj9t9,1,0.4583333333333333,True,11,12
L8WY4CNnoZWXGj9t9,2,0.5041666666666667,True,11,12
L8WY4CNnoZWXGj9t9,3,0.5041666666666667,True,11,12
L8WY4CNnoZWXGj9t9,4,0.48333333333333334,True,11,12
L8WY4CNnoZWXGj9t9,5,0.4818181818181818,True,11,12
L8WY4CNnoZWXGj9t9,6,0.6090909090909091,True,11,12
L8WY4CNnoZWXGj9t9,7,0.5818181818181819,True,11,12
L8WY4CNnoZWXGj9t9,8,0.6272727272727273,True,11,12
L8WY4CNnoZWXGj9t9,9,0.4454545454545455,True,11,12
L8WY4CNnoZWXGj9t9,10,0.44090909090909086,True,11,12
L8WY4CNnoZWXGj9t9,11,0.4727272727272727,True,11,12
LHE7C8Wv7mXiat35S,0,0.8333333333333334,False,4,5
LHE7C8Wv7mXiat35S,1,0.6666666666666666,False,4,5
LHE7C8Wv7mXiat35S,2,0.16666666666666666,False,4,5
LHE7C8Wv7mXiat35S,3,0.16666666666666666,False,4,5
LHE7C8Wv7mXiat35S,4,0.0,False,4,5
LTpAzDYyaNvK6Z9Bp,0,0.6,False,20,21
LTpAzDYyaNvK6Z9Bp,1,1.0,False,20,21
LTpAzDYyaNvK6Z9Bp,2,1.0,False,20,21
LTpAzDYyaNvK6Z9Bp,3,0.75,False,20,21
LTpAzDYyaNvK6Z9Bp,4,0.75,False,20,21
LTpAzDYyaNvK6Z9Bp,5,0.75,False,20,21
LTpAzDYyaNvK6Z9Bp,6,0.75,False,20,21
LTpAzDYyaNvK6Z9Bp,7,0.75,False,20,21
LTpAzDYyaNvK6Z9Bp,8,0.75,False,20,21
LTpAzDYyaNvK6Z9Bp,9,0.75,False,20,21
LTpAzDYyaNvK6Z9Bp,10,0.75,False,20,21
LTpAzDYyaNvK6Z9Bp,11,0.75,False,20,21
LTpAzDYyaNvK6Z9Bp,12,0.75,False,20,21
LTpAzDYyaNvK6Z9Bp,13,0.75,False,20,21
LTpAzDYyaNvK6Z9Bp,14,0.75,False,20,21
LTpAzDYyaNvK6Z9Bp,15,0.5,False,20,21
LTpAzDYyaNvK6Z9Bp,16,0.5,False,20,21
LTpAzDYyaNvK6Z9Bp,17,0.5,False,20,21
LTpAzDYyaNvK6Z9Bp,18,0.5,False,20,21
LTpAzDYyaNvK6Z9Bp,19,0.5,False,20,21
LTpAzDYyaNvK6Z9Bp,20,0.5,False,20,21
Ln9Kqj8uXAbkFSouT,0,0.7,True,22,23
Ln9Kqj8uXAbkFSouT,1,0.7,True,22,23
Ln9Kqj8uXAbkFSouT,2,0.7,True,22,23
Ln9Kqj8uXAbkFSouT,3,0.7,True,22,23
Ln9Kqj8uXAbkFSouT,4,0.8,True,22,23
Ln9Kqj8uXAbkFSouT,5,0.7,True,22,23
Ln9Kqj8uXAbkFSouT,6,0.7,True,22,23
Ln9Kqj8uXAbkFSouT,7,0.7,True,22,23
Ln9Kqj8uXAbkFSouT,8,0.7,True,22,23
Ln9Kqj8uXAbkFSouT,9,0.8,True,22,23
Ln9Kqj8uXAbkFSouT,10,0.7,True,22,23
Ln9Kqj8uXAbkFSouT,11,0.8,True,22,23
Ln9Kqj8uXAbkFSouT,12,0.7,True,22,23
Ln9Kqj8uXAbkFSouT,13,0.8,True,22,23
Ln9Kqj8uXAbkFSouT,14,0.8,True,22,23
Ln9Kqj8uXAbkFSouT,15,0.8,True,22,23
Ln9Kqj8uXAbkFSouT,16,0.7,True,22,23
Ln9Kqj8uXAbkFSouT,17,0.7,True,22,23
Ln9Kqj8uXAbkFSouT,18,0.8,True,22,23
Ln9Kqj8uXAbkFSouT,19,0.8,True,22,23
Ln9Kqj8uXAbkFSouT,20,0.7,True,22,23
Ln9Kqj8uXAbkFSouT,21,0.7,True,22,23
Ln9Kqj8uXAbkFSouT,22,0.7,True,22,23
LsGsx7FwgiRCtsDuF,0,0.875,False,20,21
LsGsx7FwgiRCtsDuF,1,0.8625,False,20,21
LsGsx7FwgiRCtsDuF,2,0.9,False,20,21
LsGsx7FwgiRCtsDuF,3,0.85,False,20,21
LsGsx7FwgiRCtsDuF,4,0.6875,False,20,21
LsGsx7FwgiRCtsDuF,5,0.8375,False,20,21
LsGsx7FwgiRCtsDuF,6,0.775,False,20,21
LsGsx7FwgiRCtsDuF,7,0.7625,False,20,21
LsGsx7FwgiRCtsDuF,8,0.625,False,20,21
LsGsx7FwgiRCtsDuF,9,0.5875,False,20,21
LsGsx7FwgiRCtsDuF,10,0.7125,False,20,21
LsGsx7FwgiRCtsDuF,11,0.6375,False,20,21
LsGsx7FwgiRCtsDuF,12,0.725,False,20,21
LsGsx7FwgiRCtsDuF,13,0.7,False,20,21
LsGsx7FwgiRCtsDuF,14,0.575,False,20,21
LsGsx7FwgiRCtsDuF,15,0.625,False,20,21
LsGsx7FwgiRCtsDuF,16,0.5625,False,20,21
LsGsx7FwgiRCtsDuF,17,0.7625,False,20,21
LsGsx7FwgiRCtsDuF,18,0.75,False,20,21
LsGsx7FwgiRCtsDuF,19,0.625,False,20,21
LsGsx7FwgiRCtsDuF,20,0.75,False,20,21
MLmHDwTJ3RPSmynJq,0,0.9285714285714286,True,9,10
MLmHDwTJ3RPSmynJq,1,0.9285714285714286,True,9,10
MLmHDwTJ3RPSmynJq,2,0.9285714285714286,True,9,10
MLmHDwTJ3RPSmynJq,3,0.9285714285714286,True,9,10
MLmHDwTJ3RPSmynJq,4,0.8571428571428571,True,9,10
MLmHDwTJ3RPSmynJq,5,0.9285714285714286,True,9,10
MLmHDwTJ3RPSmynJq,6,0.9285714285714286,True,9,10
MLmHDwTJ3RPSmynJq,7,0.9285714285714286,True,9,10
MLmHDwTJ3RPSmynJq,8,0.9285714285714286,True,9,10
MLmHDwTJ3RPSmynJq,9,0.9285714285714286,True,9,10
MMG6B6aWY2hw7Hf52,0,0.59375,False,7,8
MMG6B6aWY2hw7Hf52,1,0.81875,False,7,8
MMG6B6aWY2hw7Hf52,2,0.7875,False,7,8
MMG6B6aWY2hw7Hf52,3,0.8375,False,7,8
MMG6B6aWY2hw7Hf52,4,0.85625,False,7,8
MMG6B6aWY2hw7Hf52,5,0.84375,False,7,8
MMG6B6aWY2hw7Hf52,6,0.875,False,7,8
MMG6B6aWY2hw7Hf52,7,0.9125,False,7,8
MMjtNevGGub53cyqS,0,0.7777777777777778,False,19,20
MMjtNevGGub53cyqS,1,0.7222222222222222,False,19,20
MMjtNevGGub53cyqS,2,0.8333333333333334,False,19,20
MMjtNevGGub53cyqS,3,0.9444444444444444,False,19,20
MMjtNevGGub53cyqS,4,0.8333333333333334,False,19,20
MMjtNevGGub53cyqS,5,0.8888888888888888,False,19,20
MMjtNevGGub53cyqS,6,0.9444444444444444,False,19,20
MMjtNevGGub53cyqS,7,0.9444444444444444,False,19,20
MMjtNevGGub53cyqS,8,0.9444444444444444,False,19,20
MMjtNevGGub53cyqS,9,0.9444444444444444,False,19,20
MMjtNevGGub53cyqS,10,0.8888888888888888,False,19,20
MMjtNevGGub53cyqS,11,0.9444444444444444,False,19,20
MMjtNevGGub53cyqS,12,0.9444444444444444,False,19,20
MMjtNevGGub53cyqS,13,1.0,False,19,20
MMjtNevGGub53cyqS,14,1.0,False,19,20
MMjtNevGGub53cyqS,15,1.0,False,19,20
MMjtNevGGub53cyqS,16,1.0,False,19,20
MMjtNevGGub53cyqS,17,1.0,False,19,20
MMjtNevGGub53cyqS,18,1.0,False,19,20
MMjtNevGGub53cyqS,19,0.9444444444444444,False,19,20
McPNJRtjH4cL2Qic2,0,1.0,False,18,19
McPNJRtjH4cL2Qic2,1,0.9,False,18,19
McPNJRtjH4cL2Qic2,2,0.8,False,18,19
McPNJRtjH4cL2Qic2,3,0.5,False,18,19
McPNJRtjH4cL2Qic2,4,0.7,False,18,19
McPNJRtjH4cL2Qic2,5,0.7,False,18,19
McPNJRtjH4cL2Qic2,6,0.6,False,18,19
McPNJRtjH4cL2Qic2,7,0.8,False,18,19
McPNJRtjH4cL2Qic2,8,0.8,False,18,19
McPNJRtjH4cL2Qic2,9,0.7,False,18,19
McPNJRtjH4cL2Qic2,10,0.7,False,18,19
McPNJRtjH4cL2Qic2,11,0.8,False,18,19
McPNJRtjH4cL2Qic2,12,0.9,False,18,19
McPNJRtjH4cL2Qic2,13,0.9,False,18,19
McPNJRtjH4cL2Qic2,14,0.9,False,18,19
McPNJRtjH4cL2Qic2,15,0.8,False,18,19
McPNJRtjH4cL2Qic2,16,0.9,False,18,19
McPNJRtjH4cL2Qic2,17,0.7,False,18,19
McPNJRtjH4cL2Qic2,18,0.7,False,18,19
MfwXsdpam9gYYghKo,0,0.7058823529411765,False,8,9
MfwXsdpam9gYYghKo,1,0.6875,False,8,9
MfwXsdpam9gYYghKo,2,0.625,False,8,9
MfwXsdpam9gYYghKo,3,0.5625,False,8,9
MfwXsdpam9gYYghKo,4,0.6875,False,8,9
MfwXsdpam9gYYghKo,5,0.6875,False,8,9
MfwXsdpam9gYYghKo,6,0.75,False,8,9
MfwXsdpam9gYYghKo,7,0.5625,False,8,9
MfwXsdpam9gYYghKo,8,0.6875,False,8,9
MpZECmkJ2ZQNxFGjK,0,0.5555555555555556,True,29,30
MpZECmkJ2ZQNxFGjK,1,0.5,True,29,30
MpZECmkJ2ZQNxFGjK,2,0.6666666666666666,True,29,30
MpZECmkJ2ZQNxFGjK,3,0.5555555555555556,True,29,30
MpZECmkJ2ZQNxFGjK,4,0.6111111111111112,True,29,30
MpZECmkJ2ZQNxFGjK,5,0.6666666666666666,True,29,30
MpZECmkJ2ZQNxFGjK,6,0.6666666666666666,True,29,30
MpZECmkJ2ZQNxFGjK,7,0.6666666666666666,True,29,30
MpZECmkJ2ZQNxFGjK,8,0.7222222222222222,True,29,30
MpZECmkJ2ZQNxFGjK,9,0.7222222222222222,True,29,30
MpZECmkJ2ZQNxFGjK,10,0.7777777777777778,True,29,30
MpZECmkJ2ZQNxFGjK,11,0.7777777777777778,True,29,30
MpZECmkJ2ZQNxFGjK,12,0.7777777777777778,True,29,30
MpZECmkJ2ZQNxFGjK,13,0.7777777777777778,True,29,30
MpZECmkJ2ZQNxFGjK,14,0.7647058823529411,True,29,30
MpZECmkJ2ZQNxFGjK,15,0.7647058823529411,True,29,30
MpZECmkJ2ZQNxFGjK,16,0.7647058823529411,True,29,30
MpZECmkJ2ZQNxFGjK,17,0.7333333333333333,True,29,30
MpZECmkJ2ZQNxFGjK,18,0.7333333333333333,True,29,30
MpZECmkJ2ZQNxFGjK,19,0.8,True,29,30
MpZECmkJ2ZQNxFGjK,20,0.8,True,29,30
MpZECmkJ2ZQNxFGjK,21,0.8,True,29,30
MpZECmkJ2ZQNxFGjK,22,0.8,True,29,30
MpZECmkJ2ZQNxFGjK,23,0.8666666666666667,True,29,30
MpZECmkJ2ZQNxFGjK,24,0.8,True,29,30
MpZECmkJ2ZQNxFGjK,25,0.8666666666666667,True,29,30
MpZECmkJ2ZQNxFGjK,26,0.8,True,29,30
MpZECmkJ2ZQNxFGjK,27,0.8666666666666667,True,29,30
MpZECmkJ2ZQNxFGjK,28,0.8,True,29,30
MpZECmkJ2ZQNxFGjK,29,0.8,True,29,30
N7QdFngfGaxNixLGp,0,0.5925,False,24,25
N7QdFngfGaxNixLGp,1,0.5657894736842105,False,24,25
N7QdFngfGaxNixLGp,2,0.5105263157894736,False,24,25
N7QdFngfGaxNixLGp,3,0.5499999999999999,False,24,25
N7QdFngfGaxNixLGp,4,0.5447368421052632,False,24,25
N7QdFngfGaxNixLGp,5,0.4368421052631579,False,24,25
N7QdFngfGaxNixLGp,6,0.47631578947368425,False,24,25
N7QdFngfGaxNixLGp,7,0.3763157894736842,False,24,25
N7QdFngfGaxNixLGp,8,0.33888888888888885,False,24,25
N7QdFngfGaxNixLGp,9,0.3764705882352941,False,24,25
N7QdFngfGaxNixLGp,10,0.27647058823529413,False,24,25
N7QdFngfGaxNixLGp,11,0.22647058823529412,False,24,25
N7QdFngfGaxNixLGp,12,0.27058823529411763,False,24,25
N7QdFngfGaxNixLGp,13,0.27647058823529413,False,24,25
N7QdFngfGaxNixLGp,14,0.18529411764705883,False,24,25
N7QdFngfGaxNixLGp,15,0.20588235294117646,False,24,25
N7QdFngfGaxNixLGp,16,0.16764705882352943,False,24,25
N7QdFngfGaxNixLGp,17,0.20588235294117646,False,24,25
N7QdFngfGaxNixLGp,18,0.2088235294117647,False,24,25
N7QdFngfGaxNixLGp,19,0.2235294117647059,False,24,25
N7QdFngfGaxNixLGp,20,0.17941176470588235,False,24,25
N7QdFngfGaxNixLGp,21,0.22647058823529412,False,24,25
N7QdFngfGaxNixLGp,22,0.19999999999999998,False,24,25
N7QdFngfGaxNixLGp,23,0.17058823529411765,False,24,25
N7QdFngfGaxNixLGp,24,0.2882352941176471,False,24,25
NC8foHQ7K3mkGhhgN,0,0.721875,True,13,14
NC8foHQ7K3mkGhhgN,1,0.725,True,13,14
NC8foHQ7K3mkGhhgN,2,1.0,True,13,14
NC8foHQ7K3mkGhhgN,3,0.96875,True,13,14
NC8foHQ7K3mkGhhgN,4,0.953125,True,13,14
NC8foHQ7K3mkGhhgN,5,0.953125,True,13,14
NC8foHQ7K3mkGhhgN,6,0.94375,True,13,14
NC8foHQ7K3mkGhhgN,7,0.90625,True,13,14
NC8foHQ7K3mkGhhgN,8,0.90625,True,13,14
NC8foHQ7K3mkGhhgN,9,0.89375,True,13,14
NC8foHQ7K3mkGhhgN,10,0.940625,True,13,14
NC8foHQ7K3mkGhhgN,11,0.940625,True,13,14
NC8foHQ7K3mkGhhgN,12,0.940625,True,13,14
NC8foHQ7K3mkGhhgN,13,1.0,True,13,14
NphNT2n89dprJcpgA,0,0.4954545454545455,False,25,26
NphNT2n89dprJcpgA,1,0.6,False,25,26
NphNT2n89dprJcpgA,2,0.5545454545454546,False,25,26
NphNT2n89dprJcpgA,3,0.5727272727272728,False,25,26
NphNT2n89dprJcpgA,4,0.5409090909090909,False,25,26
NphNT2n89dprJcpgA,5,0.44090909090909086,False,25,26
NphNT2n89dprJcpgA,6,0.2727272727272727,False,25,26
NphNT2n89dprJcpgA,7,0.3318181818181818,False,25,26
NphNT2n89dprJcpgA,8,0.3227272727272727,False,25,26
NphNT2n89dprJcpgA,9,0.3181818181818182,False,25,26
NphNT2n89dprJcpgA,10,0.3227272727272727,False,25,26
NphNT2n89dprJcpgA,11,0.29545454545454547,False,25,26
NphNT2n89dprJcpgA,12,0.21818181818181817,False,25,26
NphNT2n89dprJcpgA,13,0.3590909090909091,False,25,26
NphNT2n89dprJcpgA,14,0.29090909090909095,False,25,26
NphNT2n89dprJcpgA,15,0.3227272727272727,False,25,26
NphNT2n89dprJcpgA,16,0.4227272727272728,False,25,26
NphNT2n89dprJcpgA,17,0.34545454545454546,False,25,26
NphNT2n89dprJcpgA,18,0.15,False,25,26
NphNT2n89dprJcpgA,19,0.2772727272727273,False,25,26
NphNT2n89dprJcpgA,20,0.25,False,25,26
NphNT2n89dprJcpgA,21,0.1590909090909091,False,25,26
NphNT2n89dprJcpgA,22,0.2,False,25,26
NphNT2n89dprJcpgA,23,0.2,False,25,26
NphNT2n89dprJcpgA,24,0.16999999999999998,False,25,26
NphNT2n89dprJcpgA,25,0.15499999999999997,False,25,26
P4o2hu2wNEiWY2f4c,0,0.6666666666666666,True,28,29
P4o2hu2wNEiWY2f4c,1,0.625,True,28,29
P4o2hu2wNEiWY2f4c,2,0.75,True,28,29
P4o2hu2wNEiWY2f4c,3,0.75,True,28,29
P4o2hu2wNEiWY2f4c,4,0.875,True,28,29
P4o2hu2wNEiWY2f4c,5,0.75,True,28,29
P4o2hu2wNEiWY2f4c,6,0.875,True,28,29
P4o2hu2wNEiWY2f4c,7,0.75,True,28,29
P4o2hu2wNEiWY2f4c,8,0.75,True,28,29
P4o2hu2wNEiWY2f4c,9,0.875,True,28,29
P4o2hu2wNEiWY2f4c,10,0.875,True,28,29
P4o2hu2wNEiWY2f4c,11,0.875,True,28,29
P4o2hu2wNEiWY2f4c,12,0.75,True,28,29
P4o2hu2wNEiWY2f4c,13,0.875,True,28,29
P4o2hu2wNEiWY2f4c,14,0.75,True,28,29
P4o2hu2wNEiWY2f4c,15,0.875,True,28,29
P4o2hu2wNEiWY2f4c,16,0.75,True,28,29
P4o2hu2wNEiWY2f4c,17,0.625,True,28,29
P4o2hu2wNEiWY2f4c,18,0.625,True,28,29
P4o2hu2wNEiWY2f4c,19,0.75,True,28,29
P4o2hu2wNEiWY2f4c,20,0.875,True,28,29
P4o2hu2wNEiWY2f4c,21,0.875,True,28,29
P4o2hu2wNEiWY2f4c,22,0.625,True,28,29
P4o2hu2wNEiWY2f4c,23,0.75,True,28,29
P4o2hu2wNEiWY2f4c,24,0.625,True,28,29
P4o2hu2wNEiWY2f4c,25,0.5,True,28,29
P4o2hu2wNEiWY2f4c,26,0.5,True,28,29
P4o2hu2wNEiWY2f4c,27,0.5,True,28,29
P4o2hu2wNEiWY2f4c,28,0.5,True,28,29
PA8cKvjyAJyuH4C36,0,0.6305555555555555,False,26,27
PA8cKvjyAJyuH4C36,1,0.746875,False,26,27
PA8cKvjyAJyuH4C36,2,0.6733333333333333,False,26,27
PA8cKvjyAJyuH4C36,3,0.7766666666666667,False,26,27
PA8cKvjyAJyuH4C36,4,0.7799999999999999,False,26,27
PA8cKvjyAJyuH4C36,5,0.6866666666666668,False,26,27
PA8cKvjyAJyuH4C36,6,0.7966666666666666,False,26,27
PA8cKvjyAJyuH4C36,7,0.7633333333333333,False,26,27
PA8cKvjyAJyuH4C36,8,0.7566666666666666,False,26,27
PA8cKvjyAJyuH4C36,9,0.8666666666666667,False,26,27
PA8cKvjyAJyuH4C36,10,0.8178571428571428,False,26,27
PA8cKvjyAJyuH4C36,11,0.7821428571428571,False,26,27
PA8cKvjyAJyuH4C36,12,0.8928571428571429,False,26,27
PA8cKvjyAJyuH4C36,13,0.8892857142857142,False,26,27
PA8cKvjyAJyuH4C36,14,0.75,False,26,27
PA8cKvjyAJyuH4C36,15,0.8285714285714285,False,26,27
PA8cKvjyAJyuH4C36,16,0.7892857142857144,False,26,27
PA8cKvjyAJyuH4C36,17,0.7821428571428571,False,26,27
PA8cKvjyAJyuH4C36,18,0.7821428571428571,False,26,27
PA8cKvjyAJyuH4C36,19,0.8392857142857143,False,26,27
PA8cKvjyAJyuH4C36,20,0.8571428571428571,False,26,27
PA8cKvjyAJyuH4C36,21,0.7857142857142857,False,26,27
PA8cKvjyAJyuH4C36,22,0.6821428571428572,False,26,27
PA8cKvjyAJyuH4C36,23,0.85,False,26,27
PA8cKvjyAJyuH4C36,24,0.75,False,26,27
PA8cKvjyAJyuH4C36,25,0.8571428571428571,False,26,27
PA8cKvjyAJyuH4C36,26,0.7178571428571429,False,26,27
PHxHJu5s7CogZREzt,0,0.8461538461538461,True,9,10
PHxHJu5s7CogZREzt,1,0.7692307692307693,True,9,10
PHxHJu5s7CogZREzt,2,0.6923076923076923,True,9,10
PHxHJu5s7CogZREzt,3,0.6923076923076923,True,9,10
PHxHJu5s7CogZREzt,4,0.8461538461538461,True,9,10
PHxHJu5s7CogZREzt,5,0.75,True,9,10
PHxHJu5s7CogZREzt,6,0.8333333333333334,True,9,10
PHxHJu5s7CogZREzt,7,0.75,True,9,10
PHxHJu5s7CogZREzt,8,0.75,True,9,10
PHxHJu5s7CogZREzt,9,0.5,True,9,10
PLua4TqY8ncReacAe,0,0.6749999999999999,True,26,27
PLua4TqY8ncReacAe,1,0.75,True,26,27
PLua4TqY8ncReacAe,2,0.9583333333333334,True,26,27
PLua4TqY8ncReacAe,3,1.0,True,26,27
PLua4TqY8ncReacAe,4,0.9166666666666666,True,26,27
PLua4TqY8ncReacAe,5,1.0,True,26,27
PLua4TqY8ncReacAe,6,1.0,True,26,27
PLua4TqY8ncReacAe,7,1.0,True,26,27
PLua4TqY8ncReacAe,8,0.9166666666666666,True,26,27
PLua4TqY8ncReacAe,9,0.9166666666666666,True,26,27
PLua4TqY8ncReacAe,10,1.0,True,26,27
PLua4TqY8ncReacAe,11,1.0,True,26,27
PLua4TqY8ncReacAe,12,1.0,True,26,27
PLua4TqY8ncReacAe,13,1.0,True,26,27
PLua4TqY8ncReacAe,14,1.0,True,26,27
PLua4TqY8ncReacAe,15,1.0,True,26,27
PLua4TqY8ncReacAe,16,1.0,True,26,27
PLua4TqY8ncReacAe,17,1.0,True,26,27
PLua4TqY8ncReacAe,18,1.0,True,26,27
PLua4TqY8ncReacAe,19,1.0,True,26,27
PLua4TqY8ncReacAe,20,1.0,True,26,27
PLua4TqY8ncReacAe,21,1.0,True,26,27
PLua4TqY8ncReacAe,22,1.0,True,26,27
PLua4TqY8ncReacAe,23,1.0,True,26,27
PLua4TqY8ncReacAe,24,1.0,True,26,27
PLua4TqY8ncReacAe,25,1.0,True,26,27
PLua4TqY8ncReacAe,26,1.0,True,26,27
PbnbbT8MCiaZRzwgM,0,0.7692307692307693,False,13,14
PbnbbT8MCiaZRzwgM,1,0.5454545454545454,False,13,14
PbnbbT8MCiaZRzwgM,2,0.6363636363636364,False,13,14
PbnbbT8MCiaZRzwgM,3,0.45454545454545453,False,13,14
PbnbbT8MCiaZRzwgM,4,0.6363636363636364,False,13,14
PbnbbT8MCiaZRzwgM,5,0.36363636363636365,False,13,14
PbnbbT8MCiaZRzwgM,6,0.5454545454545454,False,13,14
PbnbbT8MCiaZRzwgM,7,0.6363636363636364,False,13,14
PbnbbT8MCiaZRzwgM,8,0.45454545454545453,False,13,14
PbnbbT8MCiaZRzwgM,9,0.5454545454545454,False,13,14
PbnbbT8MCiaZRzwgM,10,0.45454545454545453,False,13,14
PbnbbT8MCiaZRzwgM,11,0.7272727272727273,False,13,14
PbnbbT8MCiaZRzwgM,12,0.45454545454545453,False,13,14
PbnbbT8MCiaZRzwgM,13,0.5454545454545454,False,13,14
PjCXEN3TBc8qFJa5L,0,0.6625,True,9,10
PjCXEN3TBc8qFJa5L,1,0.65625,True,9,10
PjCXEN3TBc8qFJa5L,2,0.78125,True,9,10
PjCXEN3TBc8qFJa5L,3,0.675,True,9,10
PjCXEN3TBc8qFJa5L,4,0.71875,True,9,10
PjCXEN3TBc8qFJa5L,5,0.5428571428571428,True,9,10
PjCXEN3TBc8qFJa5L,6,0.7142857142857143,True,9,10
PjCXEN3TBc8qFJa5L,7,0.7571428571428571,True,9,10
PjCXEN3TBc8qFJa5L,8,0.75,True,9,10
PjCXEN3TBc8qFJa5L,9,0.8571428571428571,True,9,10
PjD5F5icMqLaaRiqu,0,0.4166666666666667,False,7,8
PjD5F5icMqLaaRiqu,1,0.3666666666666667,False,7,8
PjD5F5icMqLaaRiqu,2,0.31666666666666665,False,7,8
PjD5F5icMqLaaRiqu,3,0.5166666666666667,False,7,8
PjD5F5icMqLaaRiqu,4,0.5333333333333333,False,7,8
PjD5F5icMqLaaRiqu,5,0.5,False,7,8
PjD5F5icMqLaaRiqu,6,0.5333333333333333,False,7,8
PjD5F5icMqLaaRiqu,7,0.4166666666666667,False,7,8
PmQ3hZgkB8nKp5ZYE,0,0.8333333333333334,False,3,4
PmQ3hZgkB8nKp5ZYE,1,0.5,False,3,4
PmQ3hZgkB8nKp5ZYE,2,0.6666666666666666,False,3,4
PmQ3hZgkB8nKp5ZYE,3,0.8333333333333334,False,3,4
PpHzZC4Xx3gzgWCEE,0,1.0,False,9,10
PpHzZC4Xx3gzgWCEE,1,1.0,False,9,10
PpHzZC4Xx3gzgWCEE,2,1.0,False,9,10
PpHzZC4Xx3gzgWCEE,3,1.0,False,9,10
PpHzZC4Xx3gzgWCEE,4,1.0,False,9,10
PpHzZC4Xx3gzgWCEE,5,1.0,False,9,10
PpHzZC4Xx3gzgWCEE,6,1.0,False,9,10
PpHzZC4Xx3gzgWCEE,7,1.0,False,9,10
PpHzZC4Xx3gzgWCEE,8,1.0,False,9,10
PpHzZC4Xx3gzgWCEE,9,0.5,False,9,10
PsMJzGW45eYzHhmrn,0,0.8421052631578947,True,22,23
PsMJzGW45eYzHhmrn,1,0.8947368421052632,True,22,23
PsMJzGW45eYzHhmrn,2,0.8421052631578947,True,22,23
PsMJzGW45eYzHhmrn,3,0.8947368421052632,True,22,23
PsMJzGW45eYzHhmrn,4,0.8947368421052632,True,22,23
PsMJzGW45eYzHhmrn,5,0.6842105263157895,True,22,23
PsMJzGW45eYzHhmrn,6,0.6842105263157895,True,22,23
PsMJzGW45eYzHhmrn,7,0.7894736842105263,True,22,23
PsMJzGW45eYzHhmrn,8,0.7777777777777778,True,22,23
PsMJzGW45eYzHhmrn,9,0.7777777777777778,True,22,23
PsMJzGW45eYzHhmrn,10,0.7777777777777778,True,22,23
PsMJzGW45eYzHhmrn,11,0.7777777777777778,True,22,23
PsMJzGW45eYzHhmrn,12,0.7222222222222222,True,22,23
PsMJzGW45eYzHhmrn,13,0.7777777777777778,True,22,23
PsMJzGW45eYzHhmrn,14,0.7222222222222222,True,22,23
PsMJzGW45eYzHhmrn,15,0.7777777777777778,True,22,23
PsMJzGW45eYzHhmrn,16,0.7222222222222222,True,22,23
PsMJzGW45eYzHhmrn,17,0.6666666666666666,True,22,23
PsMJzGW45eYzHhmrn,18,0.7058823529411765,True,22,23
PsMJzGW45eYzHhmrn,19,0.8235294117647058,True,22,23
PsMJzGW45eYzHhmrn,20,0.7647058823529411,True,22,23
PsMJzGW45eYzHhmrn,21,0.8823529411764706,True,22,23
PsMJzGW45eYzHhmrn,22,0.7647058823529411,True,22,23
PsqZhCu3YwXicjGGa,0,0.725,False,11,12
PsqZhCu3YwXicjGGa,1,0.8625,False,11,12
PsqZhCu3YwXicjGGa,2,1.0,False,11,12
PsqZhCu3YwXicjGGa,3,1.0,False,11,12
PsqZhCu3YwXicjGGa,4,0.775,False,11,12
PsqZhCu3YwXicjGGa,5,1.0,False,11,12
PsqZhCu3YwXicjGGa,6,0.75,False,11,12
PsqZhCu3YwXicjGGa,7,0.95,False,11,12
PsqZhCu3YwXicjGGa,8,1.0,False,11,12
PsqZhCu3YwXicjGGa,9,1.0,False,11,12
PsqZhCu3YwXicjGGa,10,1.0,False,11,12
PsqZhCu3YwXicjGGa,11,0.675,False,11,12
Q7Lpuz4jZZ9WCd5JG,0,0.6071428571428571,False,27,28
Q7Lpuz4jZZ9WCd5JG,1,0.5642857142857143,False,27,28
Q7Lpuz4jZZ9WCd5JG,2,0.5642857142857143,False,27,28
Q7Lpuz4jZZ9WCd5JG,3,0.625,False,27,28
Q7Lpuz4jZZ9WCd5JG,4,0.7071428571428572,False,27,28
Q7Lpuz4jZZ9WCd5JG,5,0.6857142857142857,False,27,28
Q7Lpuz4jZZ9WCd5JG,6,0.6392857142857142,False,27,28
Q7Lpuz4jZZ9WCd5JG,7,0.6142857142857142,False,27,28
Q7Lpuz4jZZ9WCd5JG,8,0.6178571428571429,False,27,28
Q7Lpuz4jZZ9WCd5JG,9,0.6357142857142858,False,27,28
Q7Lpuz4jZZ9WCd5JG,10,0.6,False,27,28
Q7Lpuz4jZZ9WCd5JG,11,0.5928571428571429,False,27,28
Q7Lpuz4jZZ9WCd5JG,12,0.5464285714285715,False,27,28
Q7Lpuz4jZZ9WCd5JG,13,0.7071428571428572,False,27,28
Q7Lpuz4jZZ9WCd5JG,14,0.7857142857142857,False,27,28
Q7Lpuz4jZZ9WCd5JG,15,0.8035714285714286,False,27,28
Q7Lpuz4jZZ9WCd5JG,16,0.8142857142857143,False,27,28
Q7Lpuz4jZZ9WCd5JG,17,0.8107142857142857,False,27,28
Q7Lpuz4jZZ9WCd5JG,18,0.7357142857142858,False,27,28
Q7Lpuz4jZZ9WCd5JG,19,0.7214285714285714,False,27,28
Q7Lpuz4jZZ9WCd5JG,20,0.65,False,27,28
Q7Lpuz4jZZ9WCd5JG,21,0.65,False,27,28
Q7Lpuz4jZZ9WCd5JG,22,0.5928571428571429,False,27,28
Q7Lpuz4jZZ9WCd5JG,23,0.625,False,27,28
Q7Lpuz4jZZ9WCd5JG,24,0.5642857142857143,False,27,28
Q7Lpuz4jZZ9WCd5JG,25,0.6321428571428571,False,27,28
Q7Lpuz4jZZ9WCd5JG,26,0.5535714285714286,False,27,28
Q7Lpuz4jZZ9WCd5JG,27,0.5892857142857143,False,27,28
QDodERxmDfeJhH38w,0,0.6125,False,16,17
QDodERxmDfeJhH38w,1,0.625,False,16,17
QDodERxmDfeJhH38w,2,0.675,False,16,17
QDodERxmDfeJhH38w,3,0.6375,False,16,17
QDodERxmDfeJhH38w,4,0.55,False,16,17
QDodERxmDfeJhH38w,5,0.4375,False,16,17
QDodERxmDfeJhH38w,6,0.475,False,16,17
QDodERxmDfeJhH38w,7,0.8125,False,16,17
QDodERxmDfeJhH38w,8,0.9,False,16,17
QDodERxmDfeJhH38w,9,0.8875,False,16,17
QDodERxmDfeJhH38w,10,0.6875,False,16,17
QDodERxmDfeJhH38w,11,0.85,False,16,17
QDodERxmDfeJhH38w,12,0.8375,False,16,17
QDodERxmDfeJhH38w,13,0.8125,False,16,17
QDodERxmDfeJhH38w,14,0.6,False,16,17
QDodERxmDfeJhH38w,15,0.65,False,16,17
QDodERxmDfeJhH38w,16,0.9125,False,16,17
QHPKqFuSzy2W4kMoC,0,0.7777777777777778,True,29,30
QHPKqFuSzy2W4kMoC,1,0.8235294117647058,True,29,30
QHPKqFuSzy2W4kMoC,2,1.0,True,29,30
QHPKqFuSzy2W4kMoC,3,0.9411764705882353,True,29,30
QHPKqFuSzy2W4kMoC,4,0.9411764705882353,True,29,30
QHPKqFuSzy2W4kMoC,5,0.9411764705882353,True,29,30
QHPKqFuSzy2W4kMoC,6,0.9411764705882353,True,29,30
QHPKqFuSzy2W4kMoC,7,0.9411764705882353,True,29,30
QHPKqFuSzy2W4kMoC,8,1.0,True,29,30
QHPKqFuSzy2W4kMoC,9,1.0,True,29,30
QHPKqFuSzy2W4kMoC,10,1.0,True,29,30
QHPKqFuSzy2W4kMoC,11,1.0,True,29,30
QHPKqFuSzy2W4kMoC,12,1.0,True,29,30
QHPKqFuSzy2W4kMoC,13,1.0,True,29,30
QHPKqFuSzy2W4kMoC,14,1.0,True,29,30
QHPKqFuSzy2W4kMoC,15,1.0,True,29,30
QHPKqFuSzy2W4kMoC,16,1.0,True,29,30
QHPKqFuSzy2W4kMoC,17,1.0,True,29,30
QHPKqFuSzy2W4kMoC,18,1.0,True,29,30
QHPKqFuSzy2W4kMoC,19,1.0,True,29,30
QHPKqFuSzy2W4kMoC,20,1.0,True,29,30
QHPKqFuSzy2W4kMoC,21,1.0,True,29,30
QHPKqFuSzy2W4kMoC,22,1.0,True,29,30
QHPKqFuSzy2W4kMoC,23,1.0,True,29,30
QHPKqFuSzy2W4kMoC,24,1.0,True,29,30
QHPKqFuSzy2W4kMoC,25,1.0,True,29,30
QHPKqFuSzy2W4kMoC,26,1.0,True,29,30
QHPKqFuSzy2W4kMoC,27,1.0,True,29,30
QHPKqFuSzy2W4kMoC,28,1.0,True,29,30
QHPKqFuSzy2W4kMoC,29,1.0,True,29,30
QHkAuMSQ3PnXPPZFy,0,1.0,False,23,24
QHkAuMSQ3PnXPPZFy,1,1.0,False,23,24
QHkAuMSQ3PnXPPZFy,2,0.6666666666666666,False,23,24
QHkAuMSQ3PnXPPZFy,3,1.0,False,23,24
QHkAuMSQ3PnXPPZFy,4,1.0,False,23,24
QHkAuMSQ3PnXPPZFy,5,1.0,False,23,24
QHkAuMSQ3PnXPPZFy,6,1.0,False,23,24
QHkAuMSQ3PnXPPZFy,7,1.0,False,23,24
QHkAuMSQ3PnXPPZFy,8,0.6666666666666666,False,23,24
QHkAuMSQ3PnXPPZFy,9,1.0,False,23,24
QHkAuMSQ3PnXPPZFy,10,1.0,False,23,24
QHkAuMSQ3PnXPPZFy,11,1.0,False,23,24
QHkAuMSQ3PnXPPZFy,12,1.0,False,23,24
QHkAuMSQ3PnXPPZFy,13,1.0,False,23,24
QHkAuMSQ3PnXPPZFy,14,1.0,False,23,24
QHkAuMSQ3PnXPPZFy,15,1.0,False,23,24
QHkAuMSQ3PnXPPZFy,16,1.0,False,23,24
QHkAuMSQ3PnXPPZFy,17,1.0,False,23,24
QHkAuMSQ3PnXPPZFy,18,1.0,False,23,24
QHkAuMSQ3PnXPPZFy,19,1.0,False,23,24
QHkAuMSQ3PnXPPZFy,20,1.0,False,23,24
QHkAuMSQ3PnXPPZFy,21,1.0,False,23,24
QHkAuMSQ3PnXPPZFy,22,1.0,False,23,24
QHkAuMSQ3PnXPPZFy,23,1.0,False,23,24
QK4gCZ7BWrravTaAL,0,0.75,False,29,30
QK4gCZ7BWrravTaAL,1,0.75,False,29,30
QK4gCZ7BWrravTaAL,2,0.75,False,29,30
QK4gCZ7BWrravTaAL,3,1.0,False,29,30
QK4gCZ7BWrravTaAL,4,1.0,False,29,30
QK4gCZ7BWrravTaAL,5,0.75,False,29,30
QK4gCZ7BWrravTaAL,6,0.75,False,29,30
QK4gCZ7BWrravTaAL,7,1.0,False,29,30
QK4gCZ7BWrravTaAL,8,1.0,False,29,30
QK4gCZ7BWrravTaAL,9,0.75,False,29,30
QK4gCZ7BWrravTaAL,10,0.25,False,29,30
QK4gCZ7BWrravTaAL,11,0.75,False,29,30
QK4gCZ7BWrravTaAL,12,1.0,False,29,30
QK4gCZ7BWrravTaAL,13,0.75,False,29,30
QK4gCZ7BWrravTaAL,14,1.0,False,29,30
QK4gCZ7BWrravTaAL,15,1.0,False,29,30
QK4gCZ7BWrravTaAL,16,0.75,False,29,30
QK4gCZ7BWrravTaAL,17,1.0,False,29,30
QK4gCZ7BWrravTaAL,18,1.0,False,29,30
QK4gCZ7BWrravTaAL,19,1.0,False,29,30
QK4gCZ7BWrravTaAL,20,0.75,False,29,30
QK4gCZ7BWrravTaAL,21,0.75,False,29,30
QK4gCZ7BWrravTaAL,22,1.0,False,29,30
QK4gCZ7BWrravTaAL,23,1.0,False,29,30
QK4gCZ7BWrravTaAL,24,0.75,False,29,30
QK4gCZ7BWrravTaAL,25,1.0,False,29,30
QK4gCZ7BWrravTaAL,26,1.0,False,29,30
QK4gCZ7BWrravTaAL,27,1.0,False,29,30
QK4gCZ7BWrravTaAL,28,1.0,False,29,30
QK4gCZ7BWrravTaAL,29,1.0,False,29,30
QK7Qydbg5D3GvBnz6,0,0.8333333333333334,True,12,13
QK7Qydbg5D3GvBnz6,1,0.7999999999999999,True,12,13
QK7Qydbg5D3GvBnz6,2,0.8208333333333333,True,12,13
QK7Qydbg5D3GvBnz6,3,0.7583333333333333,True,12,13
QK7Qydbg5D3GvBnz6,4,0.8624999999999999,True,12,13
QK7Qydbg5D3GvBnz6,5,0.8583333333333334,True,12,13
QK7Qydbg5D3GvBnz6,6,0.8916666666666666,True,12,13
QK7Qydbg5D3GvBnz6,7,0.7916666666666666,True,12,13
QK7Qydbg5D3GvBnz6,8,0.8416666666666667,True,12,13
QK7Qydbg5D3GvBnz6,9,0.8375,True,12,13
QK7Qydbg5D3GvBnz6,10,0.7875,True,12,13
QK7Qydbg5D3GvBnz6,11,0.8541666666666666,True,12,13
QK7Qydbg5D3GvBnz6,12,0.725,True,12,13
QZDADs6WknHQaW4sq,0,0.3466666666666667,False,12,13
QZDADs6WknHQaW4sq,1,0.42857142857142855,False,12,13
QZDADs6WknHQaW4sq,2,0.42857142857142855,False,12,13
QZDADs6WknHQaW4sq,3,0.43928571428571433,False,12,13
QZDADs6WknHQaW4sq,4,0.42857142857142855,False,12,13
QZDADs6WknHQaW4sq,5,0.325,False,12,13
QZDADs6WknHQaW4sq,6,0.19642857142857142,False,12,13
QZDADs6WknHQaW4sq,7,0.34285714285714286,False,12,13
QZDADs6WknHQaW4sq,8,0.39285714285714285,False,12,13
QZDADs6WknHQaW4sq,9,0.41785714285714287,False,12,13
QZDADs6WknHQaW4sq,10,0.37857142857142856,False,12,13
QZDADs6WknHQaW4sq,11,0.375,False,12,13
QZDADs6WknHQaW4sq,12,0.4269230769230769,False,12,13
QkNKFYHokbndpGhph,0,0.8666666666666667,True,29,30
QkNKFYHokbndpGhph,1,0.8,True,29,30
QkNKFYHokbndpGhph,2,0.8,True,29,30
QkNKFYHokbndpGhph,3,0.26666666666666666,True,29,30
QkNKFYHokbndpGhph,4,0.2,True,29,30
QkNKFYHokbndpGhph,5,0.4666666666666667,True,29,30
QkNKFYHokbndpGhph,6,0.26666666666666666,True,29,30
QkNKFYHokbndpGhph,7,0.21428571428571427,True,29,30
QkNKFYHokbndpGhph,8,0.14285714285714285,True,29,30
QkNKFYHokbndpGhph,9,0.14285714285714285,True,29,30
QkNKFYHokbndpGhph,10,0.14285714285714285,True,29,30
QkNKFYHokbndpGhph,11,0.07692307692307693,True,29,30
QkNKFYHokbndpGhph,12,0.15384615384615385,True,29,30
QkNKFYHokbndpGhph,13,0.07692307692307693,True,29,30
QkNKFYHokbndpGhph,14,0.0,True,29,30
QkNKFYHokbndpGhph,15,0.0,True,29,30
QkNKFYHokbndpGhph,16,0.07692307692307693,True,29,30
QkNKFYHokbndpGhph,17,0.0,True,29,30
QkNKFYHokbndpGhph,18,0.0,True,29,30
QkNKFYHokbndpGhph,19,0.0,True,29,30
QkNKFYHokbndpGhph,20,0.0,True,29,30
QkNKFYHokbndpGhph,21,0.08333333333333333,True,29,30
QkNKFYHokbndpGhph,22,0.08333333333333333,True,29,30
QkNKFYHokbndpGhph,23,0.0,True,29,30
QkNKFYHokbndpGhph,24,0.0,True,29,30
QkNKFYHokbndpGhph,25,0.0,True,29,30
QkNKFYHokbndpGhph,26,0.0,True,29,30
QkNKFYHokbndpGhph,27,0.0,True,29,30
QkNKFYHokbndpGhph,28,0.0,True,29,30
QkNKFYHokbndpGhph,29,0.0,True,29,30
R2WKHrcFgikqLvYHG,0,0.7777777777777778,False,21,22
R2WKHrcFgikqLvYHG,1,0.8444444444444444,False,21,22
R2WKHrcFgikqLvYHG,2,0.8277777777777778,False,21,22
R2WKHrcFgikqLvYHG,3,0.9388888888888888,False,21,22
R2WKHrcFgikqLvYHG,4,0.8277777777777778,False,21,22
R2WKHrcFgikqLvYHG,5,0.8277777777777778,False,21,22
R2WKHrcFgikqLvYHG,6,0.9388888888888888,False,21,22
R2WKHrcFgikqLvYHG,7,0.8333333333333334,False,21,22
R2WKHrcFgikqLvYHG,8,0.8333333333333334,False,21,22
R2WKHrcFgikqLvYHG,9,0.8944444444444445,False,21,22
R2WKHrcFgikqLvYHG,10,0.9277777777777777,False,21,22
R2WKHrcFgikqLvYHG,11,0.8277777777777778,False,21,22
R2WKHrcFgikqLvYHG,12,0.7875,False,21,22
R2WKHrcFgikqLvYHG,13,0.80625,False,21,22
R2WKHrcFgikqLvYHG,14,0.7142857142857143,False,21,22
R2WKHrcFgikqLvYHG,15,0.6785714285714286,False,21,22
R2WKHrcFgikqLvYHG,16,0.7857142857142857,False,21,22
R2WKHrcFgikqLvYHG,17,0.7857142857142857,False,21,22
R2WKHrcFgikqLvYHG,18,0.7857142857142857,False,21,22
R2WKHrcFgikqLvYHG,19,0.6928571428571428,False,21,22
R2WKHrcFgikqLvYHG,20,0.7642857142857142,False,21,22
R2WKHrcFgikqLvYHG,21,0.7142857142857143,False,21,22
R9mg6ddTdNjw6MLDC,0,0.6111111111111112,False,12,13
R9mg6ddTdNjw6MLDC,1,0.6499999999999999,False,12,13
R9mg6ddTdNjw6MLDC,2,0.6388888888888888,False,12,13
R9mg6ddTdNjw6MLDC,3,0.7277777777777777,False,12,13
R9mg6ddTdNjw6MLDC,4,0.5611111111111111,False,12,13
R9mg6ddTdNjw6MLDC,5,0.7222222222222222,False,12,13
R9mg6ddTdNjw6MLDC,6,0.7055555555555555,False,12,13
R9mg6ddTdNjw6MLDC,7,0.7388888888888889,False,12,13
R9mg6ddTdNjw6MLDC,8,0.7277777777777777,False,12,13
R9mg6ddTdNjw6MLDC,9,0.7833333333333333,False,12,13
R9mg6ddTdNjw6MLDC,10,0.8500000000000001,False,12,13
R9mg6ddTdNjw6MLDC,11,0.7277777777777777,False,12,13
R9mg6ddTdNjw6MLDC,12,0.7555555555555555,False,12,13
RJwRqcdu4bN6ivwb6,0,0.9333333333333333,True,23,24
RJwRqcdu4bN6ivwb6,1,1.0,True,23,24
RJwRqcdu4bN6ivwb6,2,1.0,True,23,24
RJwRqcdu4bN6ivwb6,3,1.0,True,23,24
RJwRqcdu4bN6ivwb6,4,1.0,True,23,24
RJwRqcdu4bN6ivwb6,5,1.0,True,23,24
RJwRqcdu4bN6ivwb6,6,1.0,True,23,24
RJwRqcdu4bN6ivwb6,7,1.0,True,23,24
RJwRqcdu4bN6ivwb6,8,1.0,True,23,24
RJwRqcdu4bN6ivwb6,9,1.0,True,23,24
RJwRqcdu4bN6ivwb6,10,1.0,True,23,24
RJwRqcdu4bN6ivwb6,11,1.0,True,23,24
RJwRqcdu4bN6ivwb6,12,1.0,True,23,24
RJwRqcdu4bN6ivwb6,13,1.0,True,23,24
RJwRqcdu4bN6ivwb6,14,1.0,True,23,24
RJwRqcdu4bN6ivwb6,15,0.9333333333333333,True,23,24
RJwRqcdu4bN6ivwb6,16,1.0,True,23,24
RJwRqcdu4bN6ivwb6,17,1.0,True,23,24
RJwRqcdu4bN6ivwb6,18,1.0,True,23,24
RJwRqcdu4bN6ivwb6,19,1.0,True,23,24
RJwRqcdu4bN6ivwb6,20,1.0,True,23,24
RJwRqcdu4bN6ivwb6,21,1.0,True,23,24
RJwRqcdu4bN6ivwb6,22,1.0,True,23,24
RJwRqcdu4bN6ivwb6,23,0.9333333333333333,True,23,24
RSkgwZB2KQ6QLEwGR,0,0.5833333333333334,True,18,19
RSkgwZB2KQ6QLEwGR,1,0.5,True,18,19
RSkgwZB2KQ6QLEwGR,2,0.5,True,18,19
RSkgwZB2KQ6QLEwGR,3,0.5833333333333334,True,18,19
RSkgwZB2KQ6QLEwGR,4,0.6666666666666666,True,18,19
RSkgwZB2KQ6QLEwGR,5,0.8333333333333334,True,18,19
RSkgwZB2KQ6QLEwGR,6,0.9166666666666666,True,18,19
RSkgwZB2KQ6QLEwGR,7,0.8333333333333334,True,18,19
RSkgwZB2KQ6QLEwGR,8,0.9166666666666666,True,18,19
RSkgwZB2KQ6QLEwGR,9,0.9166666666666666,True,18,19
RSkgwZB2KQ6QLEwGR,10,0.9166666666666666,True,18,19
RSkgwZB2KQ6QLEwGR,11,0.9166666666666666,True,18,19
RSkgwZB2KQ6QLEwGR,12,0.9166666666666666,True,18,19
RSkgwZB2KQ6QLEwGR,13,0.9166666666666666,True,18,19
RSkgwZB2KQ6QLEwGR,14,0.9166666666666666,True,18,19
RSkgwZB2KQ6QLEwGR,15,0.9166666666666666,True,18,19
RSkgwZB2KQ6QLEwGR,16,0.9166666666666666,True,18,19
RSkgwZB2KQ6QLEwGR,17,0.9166666666666666,True,18,19
RSkgwZB2KQ6QLEwGR,18,0.9166666666666666,True,18,19
RYDvAYfJa4tRYaxoA,0,0.5425,False,24,25
RYDvAYfJa4tRYaxoA,1,0.635,False,24,25
RYDvAYfJa4tRYaxoA,2,0.6025,False,24,25
RYDvAYfJa4tRYaxoA,3,0.515,False,24,25
RYDvAYfJa4tRYaxoA,4,0.46749999999999997,False,24,25
RYDvAYfJa4tRYaxoA,5,0.41500000000000004,False,24,25
RYDvAYfJa4tRYaxoA,6,0.3825,False,24,25
RYDvAYfJa4tRYaxoA,7,0.335,False,24,25
RYDvAYfJa4tRYaxoA,8,0.3275,False,24,25
RYDvAYfJa4tRYaxoA,9,0.215,False,24,25
RYDvAYfJa4tRYaxoA,10,0.21749999999999997,False,24,25
RYDvAYfJa4tRYaxoA,11,0.2789473684210526,False,24,25
RYDvAYfJa4tRYaxoA,12,0.2973684210526316,False,24,25
RYDvAYfJa4tRYaxoA,13,0.31315789473684214,False,24,25
RYDvAYfJa4tRYaxoA,14,0.3,False,24,25
RYDvAYfJa4tRYaxoA,15,0.2736842105263158,False,24,25
RYDvAYfJa4tRYaxoA,16,0.15789473684210525,False,24,25
RYDvAYfJa4tRYaxoA,17,0.2131578947368421,False,24,25
RYDvAYfJa4tRYaxoA,18,0.12631578947368421,False,24,25
RYDvAYfJa4tRYaxoA,19,0.16578947368421051,False,24,25
RYDvAYfJa4tRYaxoA,20,0.1763157894736842,False,24,25
RYDvAYfJa4tRYaxoA,21,0.15789473684210525,False,24,25
RYDvAYfJa4tRYaxoA,22,0.20789473684210527,False,24,25
RYDvAYfJa4tRYaxoA,23,0.23421052631578948,False,24,25
RYDvAYfJa4tRYaxoA,24,0.2736842105263158,False,24,25
RdnAyEZrrHATsrgMq,0,0.5,False,17,18
RdnAyEZrrHATsrgMq,1,0.5,False,17,18
RdnAyEZrrHATsrgMq,2,0.5,False,17,18
RdnAyEZrrHATsrgMq,3,0.0,False,17,18
RdnAyEZrrHATsrgMq,4,0.5,False,17,18
RdnAyEZrrHATsrgMq,5,0.5,False,17,18
RdnAyEZrrHATsrgMq,6,0.5,False,17,18
RdnAyEZrrHATsrgMq,7,0.0,False,17,18
RdnAyEZrrHATsrgMq,8,0.5,False,17,18
RdnAyEZrrHATsrgMq,9,0.25,False,17,18
RdnAyEZrrHATsrgMq,10,0.25,False,17,18
RdnAyEZrrHATsrgMq,11,0.25,False,17,18
RdnAyEZrrHATsrgMq,12,0.25,False,17,18
RdnAyEZrrHATsrgMq,13,0.75,False,17,18
RdnAyEZrrHATsrgMq,14,0.5,False,17,18
RdnAyEZrrHATsrgMq,15,0.5,False,17,18
RdnAyEZrrHATsrgMq,16,0.25,False,17,18
RdnAyEZrrHATsrgMq,17,0.25,False,17,18
RfPtPem8ZuZLCyAEF,0,0.8181818181818182,True,17,18
RfPtPem8ZuZLCyAEF,1,0.8,True,17,18
RfPtPem8ZuZLCyAEF,2,0.8,True,17,18
RfPtPem8ZuZLCyAEF,3,0.8,True,17,18
RfPtPem8ZuZLCyAEF,4,0.9,True,17,18
RfPtPem8ZuZLCyAEF,5,0.8,True,17,18
RfPtPem8ZuZLCyAEF,6,0.9,True,17,18
RfPtPem8ZuZLCyAEF,7,0.6,True,17,18
RfPtPem8ZuZLCyAEF,8,0.8,True,17,18
RfPtPem8ZuZLCyAEF,9,0.9,True,17,18
RfPtPem8ZuZLCyAEF,10,1.0,True,17,18
RfPtPem8ZuZLCyAEF,11,0.8,True,17,18
RfPtPem8ZuZLCyAEF,12,1.0,True,17,18
RfPtPem8ZuZLCyAEF,13,1.0,True,17,18
RfPtPem8ZuZLCyAEF,14,1.0,True,17,18
RfPtPem8ZuZLCyAEF,15,1.0,True,17,18
RfPtPem8ZuZLCyAEF,16,1.0,True,17,18
RfPtPem8ZuZLCyAEF,17,1.0,True,17,18
Rj95WGKuMYoqNNdqw,0,0.525,False,24,25
Rj95WGKuMYoqNNdqw,1,0.625,False,24,25
Rj95WGKuMYoqNNdqw,2,0.6749999999999999,False,24,25
Rj95WGKuMYoqNNdqw,3,0.48333333333333334,False,24,25
Rj95WGKuMYoqNNdqw,4,0.6916666666666668,False,24,25
Rj95WGKuMYoqNNdqw,5,0.6083333333333333,False,24,25
Rj95WGKuMYoqNNdqw,6,0.45,False,24,25
Rj95WGKuMYoqNNdqw,7,0.5916666666666667,False,24,25
Rj95WGKuMYoqNNdqw,8,0.425,False,24,25
Rj95WGKuMYoqNNdqw,9,0.6083333333333334,False,24,25
Rj95WGKuMYoqNNdqw,10,0.45,False,24,25
Rj95WGKuMYoqNNdqw,11,0.48333333333333334,False,24,25
Rj95WGKuMYoqNNdqw,12,0.625,False,24,25
Rj95WGKuMYoqNNdqw,13,0.625,False,24,25
Rj95WGKuMYoqNNdqw,14,0.3,False,24,25
Rj95WGKuMYoqNNdqw,15,0.6416666666666667,False,24,25
Rj95WGKuMYoqNNdqw,16,0.4916666666666667,False,24,25
Rj95WGKuMYoqNNdqw,17,0.4666666666666666,False,24,25
Rj95WGKuMYoqNNdqw,18,0.6166666666666667,False,24,25
Rj95WGKuMYoqNNdqw,19,0.47500000000000003,False,24,25
Rj95WGKuMYoqNNdqw,20,0.4666666666666666,False,24,25
Rj95WGKuMYoqNNdqw,21,0.45,False,24,25
Rj95WGKuMYoqNNdqw,22,0.47500000000000003,False,24,25
Rj95WGKuMYoqNNdqw,23,0.25833333333333336,False,24,25
Rj95WGKuMYoqNNdqw,24,0.525,False,24,25
RttRcaDc9LL35QTSM,0,0.7578947368421053,True,6,7
RttRcaDc9LL35QTSM,1,0.7631578947368421,True,6,7
RttRcaDc9LL35QTSM,2,0.7526315789473684,True,6,7
RttRcaDc9LL35QTSM,3,0.7947368421052632,True,6,7
RttRcaDc9LL35QTSM,4,0.7578947368421053,True,6,7
RttRcaDc9LL35QTSM,5,0.85,True,6,7
RttRcaDc9LL35QTSM,6,0.8263157894736842,True,6,7
RwK2BFvCRH5G29wNT,0,0.4458333333333333,True,10,11
RwK2BFvCRH5G29wNT,1,0.6083333333333333,True,10,11
RwK2BFvCRH5G29wNT,2,0.7875,True,10,11
RwK2BFvCRH5G29wNT,3,0.9375,True,10,11
RwK2BFvCRH5G29wNT,4,0.8291666666666666,True,10,11
RwK2BFvCRH5G29wNT,5,0.5958333333333333,True,10,11
RwK2BFvCRH5G29wNT,6,0.5166666666666667,True,10,11
RwK2BFvCRH5G29wNT,7,0.8125,True,10,11
RwK2BFvCRH5G29wNT,8,0.7583333333333333,True,10,11
RwK2BFvCRH5G29wNT,9,0.6041666666666666,True,10,11
RwK2BFvCRH5G29wNT,10,0.4875,True,10,11
SYD94nQhuAJ5Ynbtj,0,0.875,True,3,4
SYD94nQhuAJ5Ynbtj,1,0.875,True,3,4
SYD94nQhuAJ5Ynbtj,2,1.0,True,3,4
SYD94nQhuAJ5Ynbtj,3,0.875,True,3,4
T4xySnt4inRAorEmh,0,0.55,True,9,10
T4xySnt4inRAorEmh,1,0.6714285714285715,True,9,10
T4xySnt4inRAorEmh,2,0.8928571428571429,True,9,10
T4xySnt4inRAorEmh,3,1.0,True,9,10
T4xySnt4inRAorEmh,4,1.0,True,9,10
T4xySnt4inRAorEmh,5,1.0,True,9,10
T4xySnt4inRAorEmh,6,1.0,True,9,10
T4xySnt4inRAorEmh,7,1.0,True,9,10
T4xySnt4inRAorEmh,8,1.0,True,9,10
T4xySnt4inRAorEmh,9,1.0,True,9,10
TApZTMBeJTdjxX76Q,0,0.6153846153846154,False,7,8
TApZTMBeJTdjxX76Q,1,0.7384615384615384,False,7,8
TApZTMBeJTdjxX76Q,2,0.7115384615384616,False,7,8
TApZTMBeJTdjxX76Q,3,0.7423076923076923,False,7,8
TApZTMBeJTdjxX76Q,4,0.6807692307692308,False,7,8
TApZTMBeJTdjxX76Q,5,0.7153846153846154,False,7,8
TApZTMBeJTdjxX76Q,6,0.7538461538461539,False,7,8
TApZTMBeJTdjxX76Q,7,0.7692307692307693,False,7,8
TTKqwzB7SrGWqTHvW,0,0.5973684210526315,False,11,12
TTKqwzB7SrGWqTHvW,1,0.6805555555555556,False,11,12
TTKqwzB7SrGWqTHvW,2,0.6305555555555555,False,11,12
TTKqwzB7SrGWqTHvW,3,0.6472222222222223,False,11,12
TTKqwzB7SrGWqTHvW,4,0.6222222222222222,False,11,12
TTKqwzB7SrGWqTHvW,5,0.6472222222222223,False,11,12
TTKqwzB7SrGWqTHvW,6,0.7194444444444444,False,11,12
TTKqwzB7SrGWqTHvW,7,0.675,False,11,12
TTKqwzB7SrGWqTHvW,8,0.6694444444444445,False,11,12
TTKqwzB7SrGWqTHvW,9,0.6499999999999999,False,11,12
TTKqwzB7SrGWqTHvW,10,0.6666666666666666,False,11,12
TTKqwzB7SrGWqTHvW,11,0.6694444444444445,False,11,12
TZ5uNCzFE3WzQtQtr,0,0.6666666666666666,True,28,29
TZ5uNCzFE3WzQtQtr,1,0.625,True,28,29
TZ5uNCzFE3WzQtQtr,2,0.75,True,28,29
TZ5uNCzFE3WzQtQtr,3,0.7142857142857143,True,28,29
TZ5uNCzFE3WzQtQtr,4,0.7142857142857143,True,28,29
TZ5uNCzFE3WzQtQtr,5,0.7142857142857143,True,28,29
TZ5uNCzFE3WzQtQtr,6,0.7142857142857143,True,28,29
TZ5uNCzFE3WzQtQtr,7,0.8571428571428571,True,28,29
TZ5uNCzFE3WzQtQtr,8,1.0,True,28,29
TZ5uNCzFE3WzQtQtr,9,1.0,True,28,29
TZ5uNCzFE3WzQtQtr,10,1.0,True,28,29
TZ5uNCzFE3WzQtQtr,11,1.0,True,28,29
TZ5uNCzFE3WzQtQtr,12,1.0,True,28,29
TZ5uNCzFE3WzQtQtr,13,1.0,True,28,29
TZ5uNCzFE3WzQtQtr,14,1.0,True,28,29
TZ5uNCzFE3WzQtQtr,15,1.0,True,28,29
TZ5uNCzFE3WzQtQtr,16,1.0,True,28,29
TZ5uNCzFE3WzQtQtr,17,1.0,True,28,29
TZ5uNCzFE3WzQtQtr,18,1.0,True,28,29
TZ5uNCzFE3WzQtQtr,19,1.0,True,28,29
TZ5uNCzFE3WzQtQtr,20,1.0,True,28,29
TZ5uNCzFE3WzQtQtr,21,1.0,True,28,29
TZ5uNCzFE3WzQtQtr,22,1.0,True,28,29
TZ5uNCzFE3WzQtQtr,23,1.0,True,28,29
TZ5uNCzFE3WzQtQtr,24,1.0,True,28,29
TZ5uNCzFE3WzQtQtr,25,1.0,True,28,29
TZ5uNCzFE3WzQtQtr,26,1.0,True,28,29
TZ5uNCzFE3WzQtQtr,27,1.0,True,28,29
TZ5uNCzFE3WzQtQtr,28,1.0,True,28,29
Ta3gNvC3PqgJugio8,0,0.7,True,22,23
Ta3gNvC3PqgJugio8,1,0.8,True,22,23
Ta3gNvC3PqgJugio8,2,0.8,True,22,23
Ta3gNvC3PqgJugio8,3,0.7,True,22,23
Ta3gNvC3PqgJugio8,4,0.8,True,22,23
Ta3gNvC3PqgJugio8,5,0.8,True,22,23
Ta3gNvC3PqgJugio8,6,0.8,True,22,23
Ta3gNvC3PqgJugio8,7,0.9,True,22,23
Ta3gNvC3PqgJugio8,8,1.0,True,22,23
Ta3gNvC3PqgJugio8,9,1.0,True,22,23
Ta3gNvC3PqgJugio8,10,1.0,True,22,23
Ta3gNvC3PqgJugio8,11,1.0,True,22,23
Ta3gNvC3PqgJugio8,12,0.9,True,22,23
Ta3gNvC3PqgJugio8,13,1.0,True,22,23
Ta3gNvC3PqgJugio8,14,1.0,True,22,23
Ta3gNvC3PqgJugio8,15,1.0,True,22,23
Ta3gNvC3PqgJugio8,16,1.0,True,22,23
Ta3gNvC3PqgJugio8,17,1.0,True,22,23
Ta3gNvC3PqgJugio8,18,1.0,True,22,23
Ta3gNvC3PqgJugio8,19,1.0,True,22,23
Ta3gNvC3PqgJugio8,20,1.0,True,22,23
Ta3gNvC3PqgJugio8,21,1.0,True,22,23
Ta3gNvC3PqgJugio8,22,1.0,True,22,23
TbL5wguJpyDGWP3Lw,0,0.5,True,10,11
TbL5wguJpyDGWP3Lw,1,0.75,True,10,11
TbL5wguJpyDGWP3Lw,2,0.7333333333333334,True,10,11
TbL5wguJpyDGWP3Lw,3,0.5,True,10,11
TbL5wguJpyDGWP3Lw,4,0.5333333333333333,True,10,11
TbL5wguJpyDGWP3Lw,5,0.7000000000000001,True,10,11
TbL5wguJpyDGWP3Lw,6,0.7166666666666667,True,10,11
TbL5wguJpyDGWP3Lw,7,0.8333333333333334,True,10,11
TbL5wguJpyDGWP3Lw,8,0.7000000000000001,True,10,11
TbL5wguJpyDGWP3Lw,9,0.75,True,10,11
TbL5wguJpyDGWP3Lw,10,0.6666666666666666,True,10,11
Tf3oEkJ7EiRqBAdnh,0,0.5,True,19,20
Tf3oEkJ7EiRqBAdnh,1,0.875,True,19,20
Tf3oEkJ7EiRqBAdnh,2,0.875,True,19,20
Tf3oEkJ7EiRqBAdnh,3,0.875,True,19,20
Tf3oEkJ7EiRqBAdnh,4,0.875,True,19,20
Tf3oEkJ7EiRqBAdnh,5,1.0,True,19,20
Tf3oEkJ7EiRqBAdnh,6,1.0,True,19,20
Tf3oEkJ7EiRqBAdnh,7,1.0,True,19,20
Tf3oEkJ7EiRqBAdnh,8,1.0,True,19,20
Tf3oEkJ7EiRqBAdnh,9,1.0,True,19,20
Tf3oEkJ7EiRqBAdnh,10,1.0,True,19,20
Tf3oEkJ7EiRqBAdnh,11,1.0,True,19,20
Tf3oEkJ7EiRqBAdnh,12,1.0,True,19,20
Tf3oEkJ7EiRqBAdnh,13,1.0,True,19,20
Tf3oEkJ7EiRqBAdnh,14,1.0,True,19,20
Tf3oEkJ7EiRqBAdnh,15,1.0,True,19,20
Tf3oEkJ7EiRqBAdnh,16,1.0,True,19,20
Tf3oEkJ7EiRqBAdnh,17,1.0,True,19,20
Tf3oEkJ7EiRqBAdnh,18,1.0,True,19,20
Tf3oEkJ7EiRqBAdnh,19,1.0,True,19,20
TfJ9kt4FGHsbBXX7s,0,0.5,True,8,9
TfJ9kt4FGHsbBXX7s,1,0.5,True,8,9
TfJ9kt4FGHsbBXX7s,2,0.75,True,8,9
TfJ9kt4FGHsbBXX7s,3,0.75,True,8,9
TfJ9kt4FGHsbBXX7s,4,0.75,True,8,9
TfJ9kt4FGHsbBXX7s,5,0.75,True,8,9
TfJ9kt4FGHsbBXX7s,6,0.75,True,8,9
TfJ9kt4FGHsbBXX7s,7,0.75,True,8,9
TfJ9kt4FGHsbBXX7s,8,1.0,True,8,9
TzHwDYFvukpQXXmHg,0,0.5,False,14,15
TzHwDYFvukpQXXmHg,1,0.75,False,14,15
TzHwDYFvukpQXXmHg,2,0.75,False,14,15
TzHwDYFvukpQXXmHg,3,0.5,False,14,15
TzHwDYFvukpQXXmHg,4,0.75,False,14,15
TzHwDYFvukpQXXmHg,5,0.75,False,14,15
TzHwDYFvukpQXXmHg,6,1.0,False,14,15
TzHwDYFvukpQXXmHg,7,1.0,False,14,15
TzHwDYFvukpQXXmHg,8,1.0,False,14,15
TzHwDYFvukpQXXmHg,9,1.0,False,14,15
TzHwDYFvukpQXXmHg,10,1.0,False,14,15
TzHwDYFvukpQXXmHg,11,1.0,False,14,15
TzHwDYFvukpQXXmHg,12,1.0,False,14,15
TzHwDYFvukpQXXmHg,13,1.0,False,14,15
TzHwDYFvukpQXXmHg,14,1.0,False,14,15
W34DkPMEtYuz57TaK,0,0.50625,False,7,8
W34DkPMEtYuz57TaK,1,0.625,False,7,8
W34DkPMEtYuz57TaK,2,0.525,False,7,8
W34DkPMEtYuz57TaK,3,0.58125,False,7,8
W34DkPMEtYuz57TaK,4,0.4125,False,7,8
W34DkPMEtYuz57TaK,5,0.6,False,7,8
W34DkPMEtYuz57TaK,6,0.53125,False,7,8
W34DkPMEtYuz57TaK,7,0.5,False,7,8
W5dH6qRjx9pHLdkay,0,0.6,False,3,4
W5dH6qRjx9pHLdkay,1,0.8,False,3,4
W5dH6qRjx9pHLdkay,2,0.8,False,3,4
W5dH6qRjx9pHLdkay,3,0.8,False,3,4
WLCQkELwKKco9q6aq,0,1.0,True,17,18
WLCQkELwKKco9q6aq,1,0.9090909090909091,True,17,18
WLCQkELwKKco9q6aq,2,1.0,True,17,18
WLCQkELwKKco9q6aq,3,0.9090909090909091,True,17,18
WLCQkELwKKco9q6aq,4,1.0,True,17,18
WLCQkELwKKco9q6aq,5,1.0,True,17,18
WLCQkELwKKco9q6aq,6,1.0,True,17,18
WLCQkELwKKco9q6aq,7,1.0,True,17,18
WLCQkELwKKco9q6aq,8,1.0,True,17,18
WLCQkELwKKco9q6aq,9,1.0,True,17,18
WLCQkELwKKco9q6aq,10,1.0,True,17,18
WLCQkELwKKco9q6aq,11,1.0,True,17,18
WLCQkELwKKco9q6aq,12,1.0,True,17,18
WLCQkELwKKco9q6aq,13,1.0,True,17,18
WLCQkELwKKco9q6aq,14,1.0,True,17,18
WLCQkELwKKco9q6aq,15,1.0,True,17,18
WLCQkELwKKco9q6aq,16,1.0,True,17,18
WLCQkELwKKco9q6aq,17,0.9090909090909091,True,17,18
WWMQML8rnpAFP2YMF,0,0.7142857142857143,False,23,24
WWMQML8rnpAFP2YMF,1,0.6666666666666666,False,23,24
WWMQML8rnpAFP2YMF,2,0.6666666666666666,False,23,24
WWMQML8rnpAFP2YMF,3,0.6666666666666666,False,23,24
WWMQML8rnpAFP2YMF,4,0.8333333333333334,False,23,24
WWMQML8rnpAFP2YMF,5,0.6666666666666666,False,23,24
WWMQML8rnpAFP2YMF,6,0.6666666666666666,False,23,24
WWMQML8rnpAFP2YMF,7,0.6666666666666666,False,23,24
WWMQML8rnpAFP2YMF,8,0.6666666666666666,False,23,24
WWMQML8rnpAFP2YMF,9,0.8333333333333334,False,23,24
WWMQML8rnpAFP2YMF,10,0.6666666666666666,False,23,24
WWMQML8rnpAFP2YMF,11,0.8333333333333334,False,23,24
WWMQML8rnpAFP2YMF,12,0.8333333333333334,False,23,24
WWMQML8rnpAFP2YMF,13,0.8333333333333334,False,23,24
WWMQML8rnpAFP2YMF,14,0.8333333333333334,False,23,24
WWMQML8rnpAFP2YMF,15,0.8333333333333334,False,23,24
WWMQML8rnpAFP2YMF,16,0.6666666666666666,False,23,24
WWMQML8rnpAFP2YMF,17,0.3333333333333333,False,23,24
WWMQML8rnpAFP2YMF,18,0.6666666666666666,False,23,24
WWMQML8rnpAFP2YMF,19,0.8333333333333334,False,23,24
WWMQML8rnpAFP2YMF,20,1.0,False,23,24
WWMQML8rnpAFP2YMF,21,0.8333333333333334,False,23,24
WWMQML8rnpAFP2YMF,22,1.0,False,23,24
WWMQML8rnpAFP2YMF,23,0.6666666666666666,False,23,24
WZwqGocuWKmCDKx55,0,1.0,True,5,6
WZwqGocuWKmCDKx55,1,1.0,True,5,6
WZwqGocuWKmCDKx55,2,1.0,True,5,6
WZwqGocuWKmCDKx55,3,1.0,True,5,6
WZwqGocuWKmCDKx55,4,1.0,True,5,6
WZwqGocuWKmCDKx55,5,1.0,True,5,6
Wh693tc2FgzWxBzS4,0,0.6,False,10,11
Wh693tc2FgzWxBzS4,1,0.5842105263157894,False,10,11
Wh693tc2FgzWxBzS4,2,0.5710526315789474,False,10,11
Wh693tc2FgzWxBzS4,3,0.6026315789473684,False,10,11
Wh693tc2FgzWxBzS4,4,0.5026315789473684,False,10,11
Wh693tc2FgzWxBzS4,5,0.5894736842105263,False,10,11
Wh693tc2FgzWxBzS4,6,0.5368421052631579,False,10,11
Wh693tc2FgzWxBzS4,7,0.5631578947368421,False,10,11
Wh693tc2FgzWxBzS4,8,0.5684210526315789,False,10,11
Wh693tc2FgzWxBzS4,9,0.6157894736842104,False,10,11
Wh693tc2FgzWxBzS4,10,0.5736842105263158,False,10,11
X2zpj7ZG8apBebrzD,0,0.4636363636363636,False,12,13
X2zpj7ZG8apBebrzD,1,0.7388888888888889,False,12,13
X2zpj7ZG8apBebrzD,2,0.7833333333333333,False,12,13
X2zpj7ZG8apBebrzD,3,0.7888888888888889,False,12,13
X2zpj7ZG8apBebrzD,4,0.8333333333333334,False,12,13
X2zpj7ZG8apBebrzD,5,0.7833333333333333,False,12,13
X2zpj7ZG8apBebrzD,6,0.7944444444444445,False,12,13
X2zpj7ZG8apBebrzD,7,0.8388888888888889,False,12,13
X2zpj7ZG8apBebrzD,8,0.75,False,12,13
X2zpj7ZG8apBebrzD,9,0.7111111111111111,False,12,13
X2zpj7ZG8apBebrzD,10,0.6111111111111112,False,12,13
X2zpj7ZG8apBebrzD,11,0.6777777777777777,False,12,13
X2zpj7ZG8apBebrzD,12,0.7055555555555555,False,12,13
X8wnkwk35Xc764NDm,0,0.8571428571428571,True,5,6
X8wnkwk35Xc764NDm,1,0.8571428571428571,True,5,6
X8wnkwk35Xc764NDm,2,0.8571428571428571,True,5,6
X8wnkwk35Xc764NDm,3,0.8571428571428571,True,5,6
X8wnkwk35Xc764NDm,4,0.8571428571428571,True,5,6
X8wnkwk35Xc764NDm,5,0.7142857142857143,True,5,6
XCabBPXLcM9Ev7ssq,0,0.4166666666666667,True,12,13
XCabBPXLcM9Ev7ssq,1,0.25,True,12,13
XCabBPXLcM9Ev7ssq,2,0.3666666666666667,True,12,13
XCabBPXLcM9Ev7ssq,3,0.25,True,12,13
XCabBPXLcM9Ev7ssq,4,0.21666666666666667,True,12,13
XCabBPXLcM9Ev7ssq,5,0.25,True,12,13
XCabBPXLcM9Ev7ssq,6,0.21666666666666667,True,12,13
XCabBPXLcM9Ev7ssq,7,0.25,True,12,13
XCabBPXLcM9Ev7ssq,8,0.21666666666666667,True,12,13
XCabBPXLcM9Ev7ssq,9,0.3666666666666667,True,12,13
XCabBPXLcM9Ev7ssq,10,0.4166666666666667,True,12,13
XCabBPXLcM9Ev7ssq,11,0.39999999999999997,True,12,13
XCabBPXLcM9Ev7ssq,12,0.26666666666666666,True,12,13
XLvxd9EmkPHvF6pew,0,0.5882352941176471,True,20,21
XLvxd9EmkPHvF6pew,1,0.6470588235294118,True,20,21
XLvxd9EmkPHvF6pew,2,0.8235294117647058,True,20,21
XLvxd9EmkPHvF6pew,3,0.7058823529411765,True,20,21
XLvxd9EmkPHvF6pew,4,0.7058823529411765,True,20,21
XLvxd9EmkPHvF6pew,5,0.7647058823529411,True,20,21
XLvxd9EmkPHvF6pew,6,0.8823529411764706,True,20,21
XLvxd9EmkPHvF6pew,7,0.9375,True,20,21
XLvxd9EmkPHvF6pew,8,0.9333333333333333,True,20,21
XLvxd9EmkPHvF6pew,9,0.9333333333333333,True,20,21
XLvxd9EmkPHvF6pew,10,0.9333333333333333,True,20,21
XLvxd9EmkPHvF6pew,11,0.9333333333333333,True,20,21
XLvxd9EmkPHvF6pew,12,0.9333333333333333,True,20,21
XLvxd9EmkPHvF6pew,13,0.9333333333333333,True,20,21
XLvxd9EmkPHvF6pew,14,0.9333333333333333,True,20,21
XLvxd9EmkPHvF6pew,15,1.0,True,20,21
XLvxd9EmkPHvF6pew,16,0.9333333333333333,True,20,21
XLvxd9EmkPHvF6pew,17,0.9333333333333333,True,20,21
XLvxd9EmkPHvF6pew,18,1.0,True,20,21
XLvxd9EmkPHvF6pew,19,0.9333333333333333,True,20,21
XLvxd9EmkPHvF6pew,20,0.9333333333333333,True,20,21
XSBNh3n7r4FXve28j,0,0.7142857142857143,False,3,4
XSBNh3n7r4FXve28j,1,0.7857142857142857,False,3,4
XSBNh3n7r4FXve28j,2,0.8571428571428571,False,3,4
XSBNh3n7r4FXve28j,3,0.7857142857142857,False,3,4
XT4BGco72Tioegwe7,0,0.19999999999999998,True,2,3
XT4BGco72Tioegwe7,1,0.06666666666666667,True,2,3
XT4BGco72Tioegwe7,2,0.05000000000000001,True,2,3
Xh4ppwSFKbzJGxPzB,0,0.5192307692307693,False,15,16
Xh4ppwSFKbzJGxPzB,1,0.5423076923076923,False,15,16
Xh4ppwSFKbzJGxPzB,2,0.573076923076923,False,15,16
Xh4ppwSFKbzJGxPzB,3,0.5961538461538461,False,15,16
Xh4ppwSFKbzJGxPzB,4,0.6076923076923078,False,15,16
Xh4ppwSFKbzJGxPzB,5,0.7192307692307692,False,15,16
Xh4ppwSFKbzJGxPzB,6,0.6692307692307692,False,15,16
Xh4ppwSFKbzJGxPzB,7,0.5461538461538461,False,15,16
Xh4ppwSFKbzJGxPzB,8,0.6115384615384616,False,15,16
Xh4ppwSFKbzJGxPzB,9,0.7153846153846154,False,15,16
Xh4ppwSFKbzJGxPzB,10,0.5653846153846154,False,15,16
Xh4ppwSFKbzJGxPzB,11,0.6,False,15,16
Xh4ppwSFKbzJGxPzB,12,0.45769230769230773,False,15,16
Xh4ppwSFKbzJGxPzB,13,0.5846153846153845,False,15,16
Xh4ppwSFKbzJGxPzB,14,0.5346153846153846,False,15,16
Xh4ppwSFKbzJGxPzB,15,0.5538461538461539,False,15,16
XnSFtNHhqjrvmYWFX,0,1.0,False,5,6
XnSFtNHhqjrvmYWFX,1,0.75,False,5,6
XnSFtNHhqjrvmYWFX,2,0.75,False,5,6
XnSFtNHhqjrvmYWFX,3,0.75,False,5,6
XnSFtNHhqjrvmYWFX,4,0.75,False,5,6
XnSFtNHhqjrvmYWFX,5,0.25,False,5,6
Xut3K98uPfJMEcaLp,0,0.5625,True,4,5
Xut3K98uPfJMEcaLp,1,0.6,True,4,5
Xut3K98uPfJMEcaLp,2,0.6,True,4,5
Xut3K98uPfJMEcaLp,3,0.6666666666666666,True,4,5
Xut3K98uPfJMEcaLp,4,0.7333333333333333,True,4,5
XvMGfuWMRnj7Zze5T,0,0.7272727272727273,True,8,9
XvMGfuWMRnj7Zze5T,1,0.6,True,8,9
XvMGfuWMRnj7Zze5T,2,0.5,True,8,9
XvMGfuWMRnj7Zze5T,3,0.9,True,8,9
XvMGfuWMRnj7Zze5T,4,0.8,True,8,9
XvMGfuWMRnj7Zze5T,5,0.8,True,8,9
XvMGfuWMRnj7Zze5T,6,0.8,True,8,9
XvMGfuWMRnj7Zze5T,7,0.9,True,8,9
XvMGfuWMRnj7Zze5T,8,1.0,True,8,9
YN56Wxmc3pczkd3qn,0,0.6,False,19,20
YN56Wxmc3pczkd3qn,1,0.8,False,19,20
YN56Wxmc3pczkd3qn,2,0.8888888888888888,False,19,20
YN56Wxmc3pczkd3qn,3,0.6666666666666666,False,19,20
YN56Wxmc3pczkd3qn,4,0.8888888888888888,False,19,20
YN56Wxmc3pczkd3qn,5,0.6666666666666666,False,19,20
YN56Wxmc3pczkd3qn,6,0.5,False,19,20
YN56Wxmc3pczkd3qn,7,0.8333333333333334,False,19,20
YN56Wxmc3pczkd3qn,8,0.8333333333333334,False,19,20
YN56Wxmc3pczkd3qn,9,0.3333333333333333,False,19,20
YN56Wxmc3pczkd3qn,10,0.6666666666666666,False,19,20
YN56Wxmc3pczkd3qn,11,0.6666666666666666,False,19,20
YN56Wxmc3pczkd3qn,12,0.6666666666666666,False,19,20
YN56Wxmc3pczkd3qn,13,0.6666666666666666,False,19,20
YN56Wxmc3pczkd3qn,14,0.6666666666666666,False,19,20
YN56Wxmc3pczkd3qn,15,0.6666666666666666,False,19,20
YN56Wxmc3pczkd3qn,16,0.6666666666666666,False,19,20
YN56Wxmc3pczkd3qn,17,0.6666666666666666,False,19,20
YN56Wxmc3pczkd3qn,18,0.6666666666666666,False,19,20
YN56Wxmc3pczkd3qn,19,0.6666666666666666,False,19,20
YSZJmpMs7Ntz9SzAj,0,0.5266666666666667,False,25,26
YSZJmpMs7Ntz9SzAj,1,0.6933333333333334,False,25,26
YSZJmpMs7Ntz9SzAj,2,0.7200000000000001,False,25,26
YSZJmpMs7Ntz9SzAj,3,0.7366666666666667,False,25,26
YSZJmpMs7Ntz9SzAj,4,0.55,False,25,26
YSZJmpMs7Ntz9SzAj,5,0.5466666666666666,False,25,26
YSZJmpMs7Ntz9SzAj,6,0.5333333333333333,False,25,26
YSZJmpMs7Ntz9SzAj,7,0.6166666666666667,False,25,26
YSZJmpMs7Ntz9SzAj,8,0.51,False,25,26
YSZJmpMs7Ntz9SzAj,9,0.6133333333333333,False,25,26
YSZJmpMs7Ntz9SzAj,10,0.5566666666666666,False,25,26
YSZJmpMs7Ntz9SzAj,11,0.45999999999999996,False,25,26
YSZJmpMs7Ntz9SzAj,12,0.5466666666666666,False,25,26
YSZJmpMs7Ntz9SzAj,13,0.5266666666666667,False,25,26
YSZJmpMs7Ntz9SzAj,14,0.5866666666666667,False,25,26
YSZJmpMs7Ntz9SzAj,15,0.48666666666666664,False,25,26
YSZJmpMs7Ntz9SzAj,16,0.5566666666666666,False,25,26
YSZJmpMs7Ntz9SzAj,17,0.45666666666666667,False,25,26
YSZJmpMs7Ntz9SzAj,18,0.33999999999999997,False,25,26
YSZJmpMs7Ntz9SzAj,19,0.44666666666666666,False,25,26
YSZJmpMs7Ntz9SzAj,20,0.5833333333333334,False,25,26
YSZJmpMs7Ntz9SzAj,21,0.6,False,25,26
YSZJmpMs7Ntz9SzAj,22,0.51,False,25,26
YSZJmpMs7Ntz9SzAj,23,0.5666666666666667,False,25,26
YSZJmpMs7Ntz9SzAj,24,0.6,False,25,26
YSZJmpMs7Ntz9SzAj,25,0.55,False,25,26
YhjxhF5eLpavFvcCY,0,0.75,False,9,10
YhjxhF5eLpavFvcCY,1,0.9583333333333334,False,9,10
YhjxhF5eLpavFvcCY,2,0.9166666666666666,False,9,10
YhjxhF5eLpavFvcCY,3,0.9500000000000001,False,9,10
YhjxhF5eLpavFvcCY,4,0.9833333333333334,False,9,10
YhjxhF5eLpavFvcCY,5,0.8333333333333334,False,9,10
YhjxhF5eLpavFvcCY,6,0.43333333333333335,False,9,10
YhjxhF5eLpavFvcCY,7,0.20833333333333334,False,9,10
YhjxhF5eLpavFvcCY,8,0.2833333333333333,False,9,10
YhjxhF5eLpavFvcCY,9,0.0,False,9,10
YpkFruWttspZdKQoS,0,0.6071428571428571,True,27,28
YpkFruWttspZdKQoS,1,0.8928571428571429,True,27,28
YpkFruWttspZdKQoS,2,1.0,True,27,28
YpkFruWttspZdKQoS,3,1.0,True,27,28
YpkFruWttspZdKQoS,4,0.8571428571428571,True,27,28
YpkFruWttspZdKQoS,5,1.0,True,27,28
YpkFruWttspZdKQoS,6,1.0,True,27,28
YpkFruWttspZdKQoS,7,1.0,True,27,28
YpkFruWttspZdKQoS,8,0.8571428571428571,True,27,28
YpkFruWttspZdKQoS,9,1.0,True,27,28
YpkFruWttspZdKQoS,10,1.0,True,27,28
YpkFruWttspZdKQoS,11,0.8571428571428571,True,27,28
YpkFruWttspZdKQoS,12,1.0,True,27,28
YpkFruWttspZdKQoS,13,1.0,True,27,28
YpkFruWttspZdKQoS,14,1.0,True,27,28
YpkFruWttspZdKQoS,15,1.0,True,27,28
YpkFruWttspZdKQoS,16,1.0,True,27,28
YpkFruWttspZdKQoS,17,1.0,True,27,28
YpkFruWttspZdKQoS,18,1.0,True,27,28
YpkFruWttspZdKQoS,19,0.9285714285714286,True,27,28
YpkFruWttspZdKQoS,20,1.0,True,27,28
YpkFruWttspZdKQoS,21,0.8571428571428571,True,27,28
YpkFruWttspZdKQoS,22,1.0,True,27,28
YpkFruWttspZdKQoS,23,1.0,True,27,28
YpkFruWttspZdKQoS,24,1.0,True,27,28
YpkFruWttspZdKQoS,25,1.0,True,27,28
YpkFruWttspZdKQoS,26,1.0,True,27,28
YpkFruWttspZdKQoS,27,1.0,True,27,28
Yzg3EK2csupryPMrN,0,0.6,False,3,4
Yzg3EK2csupryPMrN,1,0.4,False,3,4
Yzg3EK2csupryPMrN,2,0.3333333333333333,False,3,4
Yzg3EK2csupryPMrN,3,0.3333333333333333,False,3,4
Z5Drty7ZMjj5ofuHj,0,0.7166666666666667,True,25,26
Z5Drty7ZMjj5ofuHj,1,0.91875,True,25,26
Z5Drty7ZMjj5ofuHj,2,0.9285714285714286,True,25,26
Z5Drty7ZMjj5ofuHj,3,0.9214285714285715,True,25,26
Z5Drty7ZMjj5ofuHj,4,0.9285714285714286,True,25,26
Z5Drty7ZMjj5ofuHj,5,0.9857142857142858,True,25,26
Z5Drty7ZMjj5ofuHj,6,1.0,True,25,26
Z5Drty7ZMjj5ofuHj,7,0.9928571428571429,True,25,26
Z5Drty7ZMjj5ofuHj,8,1.0,True,25,26
Z5Drty7ZMjj5ofuHj,9,1.0,True,25,26
Z5Drty7ZMjj5ofuHj,10,1.0,True,25,26
Z5Drty7ZMjj5ofuHj,11,0.9571428571428572,True,25,26
Z5Drty7ZMjj5ofuHj,12,0.9071428571428571,True,25,26
Z5Drty7ZMjj5ofuHj,13,0.9928571428571429,True,25,26
Z5Drty7ZMjj5ofuHj,14,0.8571428571428571,True,25,26
Z5Drty7ZMjj5ofuHj,15,0.9285714285714286,True,25,26
Z5Drty7ZMjj5ofuHj,16,0.9928571428571429,True,25,26
Z5Drty7ZMjj5ofuHj,17,0.8571428571428571,True,25,26
Z5Drty7ZMjj5ofuHj,18,0.9571428571428572,True,25,26
Z5Drty7ZMjj5ofuHj,19,0.9928571428571429,True,25,26
Z5Drty7ZMjj5ofuHj,20,1.0,True,25,26
Z5Drty7ZMjj5ofuHj,21,1.0,True,25,26
Z5Drty7ZMjj5ofuHj,22,1.0,True,25,26
Z5Drty7ZMjj5ofuHj,23,1.0,True,25,26
Z5Drty7ZMjj5ofuHj,24,1.0,True,25,26
Z5Drty7ZMjj5ofuHj,25,0.875,True,25,26
ZDNGM3rxgwp5Ywedv,0,0.33636363636363636,False,25,26
ZDNGM3rxgwp5Ywedv,1,0.5,False,25,26
ZDNGM3rxgwp5Ywedv,2,0.5111111111111111,False,25,26
ZDNGM3rxgwp5Ywedv,3,0.5555555555555556,False,25,26
ZDNGM3rxgwp5Ywedv,4,0.5222222222222223,False,25,26
ZDNGM3rxgwp5Ywedv,5,0.4666666666666667,False,25,26
ZDNGM3rxgwp5Ywedv,6,0.5444444444444445,False,25,26
ZDNGM3rxgwp5Ywedv,7,0.38333333333333336,False,25,26
ZDNGM3rxgwp5Ywedv,8,0.41111111111111115,False,25,26
ZDNGM3rxgwp5Ywedv,9,0.5625,False,25,26
ZDNGM3rxgwp5Ywedv,10,0.5875,False,25,26
ZDNGM3rxgwp5Ywedv,11,0.76875,False,25,26
ZDNGM3rxgwp5Ywedv,12,0.75625,False,25,26
ZDNGM3rxgwp5Ywedv,13,0.575,False,25,26
ZDNGM3rxgwp5Ywedv,14,0.75,False,25,26
ZDNGM3rxgwp5Ywedv,15,0.70625,False,25,26
ZDNGM3rxgwp5Ywedv,16,0.775,False,25,26
ZDNGM3rxgwp5Ywedv,17,0.65625,False,25,26
ZDNGM3rxgwp5Ywedv,18,0.6875,False,25,26
ZDNGM3rxgwp5Ywedv,19,0.6625,False,25,26
ZDNGM3rxgwp5Ywedv,20,0.65625,False,25,26
ZDNGM3rxgwp5Ywedv,21,0.6875,False,25,26
ZDNGM3rxgwp5Ywedv,22,0.575,False,25,26
ZDNGM3rxgwp5Ywedv,23,0.625,False,25,26
ZDNGM3rxgwp5Ywedv,24,0.63125,False,25,26
ZDNGM3rxgwp5Ywedv,25,0.53125,False,25,26
ZKtZh9DNoXyumaztq,0,0.5625,True,25,26
ZKtZh9DNoXyumaztq,1,0.4166666666666667,True,25,26
ZKtZh9DNoXyumaztq,2,0.5,True,25,26
ZKtZh9DNoXyumaztq,3,0.5,True,25,26
ZKtZh9DNoXyumaztq,4,0.5,True,25,26
ZKtZh9DNoXyumaztq,5,0.6,True,25,26
ZKtZh9DNoXyumaztq,6,0.6333333333333333,True,25,26
ZKtZh9DNoXyumaztq,7,0.5833333333333334,True,25,26
ZKtZh9DNoXyumaztq,8,0.5,True,25,26
ZKtZh9DNoXyumaztq,9,0.5,True,25,26
ZKtZh9DNoXyumaztq,10,0.5,True,25,26
ZKtZh9DNoXyumaztq,11,0.3333333333333333,True,25,26
ZKtZh9DNoXyumaztq,12,0.5,True,25,26
ZKtZh9DNoXyumaztq,13,0.65,True,25,26
ZKtZh9DNoXyumaztq,14,0.65,True,25,26
ZKtZh9DNoXyumaztq,15,0.6333333333333333,True,25,26
ZKtZh9DNoXyumaztq,16,0.9666666666666667,True,25,26
ZKtZh9DNoXyumaztq,17,0.65,True,25,26
ZKtZh9DNoXyumaztq,18,0.6333333333333333,True,25,26
ZKtZh9DNoXyumaztq,19,0.6666666666666666,True,25,26
ZKtZh9DNoXyumaztq,20,0.6666666666666666,True,25,26
ZKtZh9DNoXyumaztq,21,0.6666666666666666,True,25,26
ZKtZh9DNoXyumaztq,22,0.6666666666666666,True,25,26
ZKtZh9DNoXyumaztq,23,0.6666666666666666,True,25,26
ZKtZh9DNoXyumaztq,24,0.6666666666666666,True,25,26
ZKtZh9DNoXyumaztq,25,0.6666666666666666,True,25,26
ZPG5iDWZzj4rDWWme,0,0.6888888888888889,True,27,28
ZPG5iDWZzj4rDWWme,1,0.7666666666666667,True,27,28
ZPG5iDWZzj4rDWWme,2,0.9555555555555555,True,27,28
ZPG5iDWZzj4rDWWme,3,1.0,True,27,28
ZPG5iDWZzj4rDWWme,4,1.0,True,27,28
ZPG5iDWZzj4rDWWme,5,1.0,True,27,28
ZPG5iDWZzj4rDWWme,6,1.0,True,27,28
ZPG5iDWZzj4rDWWme,7,1.0,True,27,28
ZPG5iDWZzj4rDWWme,8,1.0,True,27,28
ZPG5iDWZzj4rDWWme,9,1.0,True,27,28
ZPG5iDWZzj4rDWWme,10,1.0,True,27,28
ZPG5iDWZzj4rDWWme,11,1.0,True,27,28
ZPG5iDWZzj4rDWWme,12,1.0,True,27,28
ZPG5iDWZzj4rDWWme,13,1.0,True,27,28
ZPG5iDWZzj4rDWWme,14,1.0,True,27,28
ZPG5iDWZzj4rDWWme,15,1.0,True,27,28
ZPG5iDWZzj4rDWWme,16,1.0,True,27,28
ZPG5iDWZzj4rDWWme,17,1.0,True,27,28
ZPG5iDWZzj4rDWWme,18,1.0,True,27,28
ZPG5iDWZzj4rDWWme,19,1.0,True,27,28
ZPG5iDWZzj4rDWWme,20,1.0,True,27,28
ZPG5iDWZzj4rDWWme,21,1.0,True,27,28
ZPG5iDWZzj4rDWWme,22,1.0,True,27,28
ZPG5iDWZzj4rDWWme,23,1.0,True,27,28
ZPG5iDWZzj4rDWWme,24,1.0,True,27,28
ZPG5iDWZzj4rDWWme,25,1.0,True,27,28
ZPG5iDWZzj4rDWWme,26,1.0,True,27,28
ZPG5iDWZzj4rDWWme,27,1.0,True,27,28
ZxQqjWcDHRRAA4RNz,0,0.6428571428571429,True,25,26
ZxQqjWcDHRRAA4RNz,1,0.6857142857142857,True,25,26
ZxQqjWcDHRRAA4RNz,2,0.9642857142857143,True,25,26
ZxQqjWcDHRRAA4RNz,3,1.0,True,25,26
ZxQqjWcDHRRAA4RNz,4,0.9285714285714286,True,25,26
ZxQqjWcDHRRAA4RNz,5,0.9857142857142858,True,25,26
ZxQqjWcDHRRAA4RNz,6,0.9928571428571429,True,25,26
ZxQqjWcDHRRAA4RNz,7,0.9285714285714286,True,25,26
ZxQqjWcDHRRAA4RNz,8,0.9642857142857143,True,25,26
ZxQqjWcDHRRAA4RNz,9,0.9714285714285714,True,25,26
ZxQqjWcDHRRAA4RNz,10,0.9857142857142858,True,25,26
ZxQqjWcDHRRAA4RNz,11,0.9928571428571429,True,25,26
ZxQqjWcDHRRAA4RNz,12,0.9928571428571429,True,25,26
ZxQqjWcDHRRAA4RNz,13,0.9928571428571429,True,25,26
ZxQqjWcDHRRAA4RNz,14,0.9928571428571429,True,25,26
ZxQqjWcDHRRAA4RNz,15,0.9857142857142858,True,25,26
ZxQqjWcDHRRAA4RNz,16,0.9642857142857143,True,25,26
ZxQqjWcDHRRAA4RNz,17,0.9285714285714286,True,25,26
ZxQqjWcDHRRAA4RNz,18,0.9928571428571429,True,25,26
ZxQqjWcDHRRAA4RNz,19,0.9928571428571429,True,25,26
ZxQqjWcDHRRAA4RNz,20,0.9928571428571429,True,25,26
ZxQqjWcDHRRAA4RNz,21,1.0,True,25,26
ZxQqjWcDHRRAA4RNz,22,0.9928571428571429,True,25,26
ZxQqjWcDHRRAA4RNz,23,1.0,True,25,26
ZxQqjWcDHRRAA4RNz,24,1.0,True,25,26
ZxQqjWcDHRRAA4RNz,25,1.0,True,25,26
aHrsmibZfkeTR3sq8,0,0.8333333333333334,False,4,5
aHrsmibZfkeTR3sq8,1,0.6666666666666666,False,4,5
aHrsmibZfkeTR3sq8,2,0.5,False,4,5
aHrsmibZfkeTR3sq8,3,0.3333333333333333,False,4,5
aHrsmibZfkeTR3sq8,4,0.3333333333333333,False,4,5
aTxqFyqxz2AKSunKK,0,0.85,False,4,5
aTxqFyqxz2AKSunKK,1,0.8,False,4,5
aTxqFyqxz2AKSunKK,2,0.85,False,4,5
aTxqFyqxz2AKSunKK,3,0.85,False,4,5
aTxqFyqxz2AKSunKK,4,0.85,False,4,5
amJ5X3NpFmPRH72ZL,0,0.85,True,7,8
amJ5X3NpFmPRH72ZL,1,0.8857142857142858,True,7,8
amJ5X3NpFmPRH72ZL,2,0.7214285714285714,True,7,8
amJ5X3NpFmPRH72ZL,3,0.7178571428571429,True,7,8
amJ5X3NpFmPRH72ZL,4,0.6857142857142857,True,7,8
amJ5X3NpFmPRH72ZL,5,0.8321428571428572,True,7,8
amJ5X3NpFmPRH72ZL,6,0.8035714285714286,True,7,8
amJ5X3NpFmPRH72ZL,7,0.5321428571428571,True,7,8
axRt2SghNFgKAcxsv,0,0.5375,True,10,11
axRt2SghNFgKAcxsv,1,0.8541666666666666,True,10,11
axRt2SghNFgKAcxsv,2,1.0,True,10,11
axRt2SghNFgKAcxsv,3,1.0,True,10,11
axRt2SghNFgKAcxsv,4,1.0,True,10,11
axRt2SghNFgKAcxsv,5,0.9090909090909091,True,10,11
axRt2SghNFgKAcxsv,6,1.0,True,10,11
axRt2SghNFgKAcxsv,7,1.0,True,10,11
axRt2SghNFgKAcxsv,8,1.0,True,10,11
axRt2SghNFgKAcxsv,9,1.0,True,10,11
axRt2SghNFgKAcxsv,10,1.0,True,10,11
bAPLKPhrnm4BHekC8,0,0.75,False,29,30
bAPLKPhrnm4BHekC8,1,1.0,False,29,30
bAPLKPhrnm4BHekC8,2,0.75,False,29,30
bAPLKPhrnm4BHekC8,3,0.75,False,29,30
bAPLKPhrnm4BHekC8,4,1.0,False,29,30
bAPLKPhrnm4BHekC8,5,1.0,False,29,30
bAPLKPhrnm4BHekC8,6,0.75,False,29,30
bAPLKPhrnm4BHekC8,7,0.75,False,29,30
bAPLKPhrnm4BHekC8,8,1.0,False,29,30
bAPLKPhrnm4BHekC8,9,1.0,False,29,30
bAPLKPhrnm4BHekC8,10,1.0,False,29,30
bAPLKPhrnm4BHekC8,11,1.0,False,29,30
bAPLKPhrnm4BHekC8,12,1.0,False,29,30
bAPLKPhrnm4BHekC8,13,1.0,False,29,30
bAPLKPhrnm4BHekC8,14,1.0,False,29,30
bAPLKPhrnm4BHekC8,15,1.0,False,29,30
bAPLKPhrnm4BHekC8,16,1.0,False,29,30
bAPLKPhrnm4BHekC8,17,1.0,False,29,30
bAPLKPhrnm4BHekC8,18,1.0,False,29,30
bAPLKPhrnm4BHekC8,19,1.0,False,29,30
bAPLKPhrnm4BHekC8,20,1.0,False,29,30
bAPLKPhrnm4BHekC8,21,0.75,False,29,30
bAPLKPhrnm4BHekC8,22,1.0,False,29,30
bAPLKPhrnm4BHekC8,23,1.0,False,29,30
bAPLKPhrnm4BHekC8,24,1.0,False,29,30
bAPLKPhrnm4BHekC8,25,0.75,False,29,30
bAPLKPhrnm4BHekC8,26,1.0,False,29,30
bAPLKPhrnm4BHekC8,27,1.0,False,29,30
bAPLKPhrnm4BHekC8,28,1.0,False,29,30
bAPLKPhrnm4BHekC8,29,1.0,False,29,30
bWca3DwPqyGAuwyri,0,0.7115384615384616,True,12,13
bWca3DwPqyGAuwyri,1,0.5545454545454546,True,12,13
bWca3DwPqyGAuwyri,2,0.5318181818181819,True,12,13
bWca3DwPqyGAuwyri,3,0.5318181818181817,True,12,13
bWca3DwPqyGAuwyri,4,0.5590909090909091,True,12,13
bWca3DwPqyGAuwyri,5,0.8181818181818182,True,12,13
bWca3DwPqyGAuwyri,6,0.85,True,12,13
bWca3DwPqyGAuwyri,7,0.8409090909090909,True,12,13
bWca3DwPqyGAuwyri,8,0.8545454545454546,True,12,13
bWca3DwPqyGAuwyri,9,0.8636363636363636,True,12,13
bWca3DwPqyGAuwyri,10,0.8181818181818182,True,12,13
bWca3DwPqyGAuwyri,11,0.8636363636363636,True,12,13
bWca3DwPqyGAuwyri,12,0.7772727272727273,True,12,13
bYTp9675CYN6Ki6dS,0,0.6472222222222223,False,11,12
bYTp9675CYN6Ki6dS,1,0.7611111111111111,False,11,12
bYTp9675CYN6Ki6dS,2,0.7777777777777778,False,11,12
bYTp9675CYN6Ki6dS,3,0.5861111111111111,False,11,12
bYTp9675CYN6Ki6dS,4,0.675,False,11,12
bYTp9675CYN6Ki6dS,5,0.5833333333333334,False,11,12
bYTp9675CYN6Ki6dS,6,0.6388888888888888,False,11,12
bYTp9675CYN6Ki6dS,7,0.44722222222222224,False,11,12
bYTp9675CYN6Ki6dS,8,0.55,False,11,12
bYTp9675CYN6Ki6dS,9,0.5305555555555556,False,11,12
bYTp9675CYN6Ki6dS,10,0.5222222222222223,False,11,12
bYTp9675CYN6Ki6dS,11,0.6972222222222223,False,11,12
bac2ZjuZk92zQjPN4,0,0.5714285714285714,True,6,7
bac2ZjuZk92zQjPN4,1,0.6071428571428571,True,6,7
bac2ZjuZk92zQjPN4,2,0.75,True,6,7
bac2ZjuZk92zQjPN4,3,0.7321428571428571,True,6,7
bac2ZjuZk92zQjPN4,4,0.875,True,6,7
bac2ZjuZk92zQjPN4,5,0.7678571428571429,True,6,7
bac2ZjuZk92zQjPN4,6,0.7142857142857143,True,6,7
bhzdfhLFniDEpPwuA,0,0.8,False,20,21
bhzdfhLFniDEpPwuA,1,0.6,False,20,21
bhzdfhLFniDEpPwuA,2,0.2,False,20,21
bhzdfhLFniDEpPwuA,3,0.2,False,20,21
bhzdfhLFniDEpPwuA,4,0.4,False,20,21
bhzdfhLFniDEpPwuA,5,0.6,False,20,21
bhzdfhLFniDEpPwuA,6,0.2,False,20,21
bhzdfhLFniDEpPwuA,7,0.4,False,20,21
bhzdfhLFniDEpPwuA,8,0.2,False,20,21
bhzdfhLFniDEpPwuA,9,0.2,False,20,21
bhzdfhLFniDEpPwuA,10,0.0,False,20,21
bhzdfhLFniDEpPwuA,11,0.2,False,20,21
bhzdfhLFniDEpPwuA,12,0.4,False,20,21
bhzdfhLFniDEpPwuA,13,0.6,False,20,21
bhzdfhLFniDEpPwuA,14,0.8,False,20,21
bhzdfhLFniDEpPwuA,15,0.6,False,20,21
bhzdfhLFniDEpPwuA,16,0.6,False,20,21
bhzdfhLFniDEpPwuA,17,0.8,False,20,21
bhzdfhLFniDEpPwuA,18,0.6,False,20,21
bhzdfhLFniDEpPwuA,19,0.6,False,20,21
bhzdfhLFniDEpPwuA,20,0.6,False,20,21
bj96xkDcJ5gjjmqRz,0,0.35,False,24,25
bj96xkDcJ5gjjmqRz,1,0.3611111111111111,False,24,25
bj96xkDcJ5gjjmqRz,2,0.6055555555555556,False,24,25
bj96xkDcJ5gjjmqRz,3,0.5722222222222223,False,24,25
bj96xkDcJ5gjjmqRz,4,0.48888888888888893,False,24,25
bj96xkDcJ5gjjmqRz,5,0.5166666666666667,False,24,25
bj96xkDcJ5gjjmqRz,6,0.5,False,24,25
bj96xkDcJ5gjjmqRz,7,0.6555555555555556,False,24,25
bj96xkDcJ5gjjmqRz,8,0.6666666666666666,False,24,25
bj96xkDcJ5gjjmqRz,9,0.5944444444444444,False,24,25
bj96xkDcJ5gjjmqRz,10,0.6333333333333333,False,24,25
bj96xkDcJ5gjjmqRz,11,0.6499999999999999,False,24,25
bj96xkDcJ5gjjmqRz,12,0.6000000000000001,False,24,25
bj96xkDcJ5gjjmqRz,13,0.5111111111111111,False,24,25
bj96xkDcJ5gjjmqRz,14,0.49444444444444446,False,24,25
bj96xkDcJ5gjjmqRz,15,0.44999999999999996,False,24,25
bj96xkDcJ5gjjmqRz,16,0.5111111111111111,False,24,25
bj96xkDcJ5gjjmqRz,17,0.41111111111111115,False,24,25
bj96xkDcJ5gjjmqRz,18,0.49444444444444446,False,24,25
bj96xkDcJ5gjjmqRz,19,0.3888888888888889,False,24,25
bj96xkDcJ5gjjmqRz,20,0.5277777777777778,False,24,25
bj96xkDcJ5gjjmqRz,21,0.4722222222222222,False,24,25
bj96xkDcJ5gjjmqRz,22,0.5625,False,24,25
bj96xkDcJ5gjjmqRz,23,0.725,False,24,25
bj96xkDcJ5gjjmqRz,24,0.55,False,24,25
cE7Emzy3S337gW66Y,0,0.68125,True,9,10
cE7Emzy3S337gW66Y,1,0.875,True,9,10
cE7Emzy3S337gW66Y,2,0.75,True,9,10
cE7Emzy3S337gW66Y,3,0.6375,True,9,10
cE7Emzy3S337gW66Y,4,0.59375,True,9,10
cE7Emzy3S337gW66Y,5,0.7,True,9,10
cE7Emzy3S337gW66Y,6,0.84375,True,9,10
cE7Emzy3S337gW66Y,7,0.8125,True,9,10
cE7Emzy3S337gW66Y,8,0.50625,True,9,10
cE7Emzy3S337gW66Y,9,0.6375,True,9,10
cJHD8epdFXtT4QCs5,0,0.47058823529411764,True,26,27
cJHD8epdFXtT4QCs5,1,0.9176470588235294,True,26,27
cJHD8epdFXtT4QCs5,2,0.9441176470588236,True,26,27
cJHD8epdFXtT4QCs5,3,0.9294117647058824,True,26,27
cJHD8epdFXtT4QCs5,4,0.9088235294117647,True,26,27
cJHD8epdFXtT4QCs5,5,0.9323529411764706,True,26,27
cJHD8epdFXtT4QCs5,6,0.9411764705882353,True,26,27
cJHD8epdFXtT4QCs5,7,0.9323529411764706,True,26,27
cJHD8epdFXtT4QCs5,8,0.9411764705882353,True,26,27
cJHD8epdFXtT4QCs5,9,0.8647058823529411,True,26,27
cJHD8epdFXtT4QCs5,10,0.8470588235294118,True,26,27
cJHD8epdFXtT4QCs5,11,0.8794117647058823,True,26,27
cJHD8epdFXtT4QCs5,12,0.7735294117647059,True,26,27
cJHD8epdFXtT4QCs5,13,0.8764705882352941,True,26,27
cJHD8epdFXtT4QCs5,14,0.8264705882352942,True,26,27
cJHD8epdFXtT4QCs5,15,0.888235294117647,True,26,27
cJHD8epdFXtT4QCs5,16,0.788235294117647,True,26,27
cJHD8epdFXtT4QCs5,17,0.7735294117647059,True,26,27
cJHD8epdFXtT4QCs5,18,0.8794117647058823,True,26,27
cJHD8epdFXtT4QCs5,19,0.6852941176470588,True,26,27
cJHD8epdFXtT4QCs5,20,0.8323529411764706,True,26,27
cJHD8epdFXtT4QCs5,21,0.8735294117647059,True,26,27
cJHD8epdFXtT4QCs5,22,0.7470588235294118,True,26,27
cJHD8epdFXtT4QCs5,23,0.7470588235294118,True,26,27
cJHD8epdFXtT4QCs5,24,0.7352941176470589,True,26,27
cJHD8epdFXtT4QCs5,25,0.7617647058823529,True,26,27
cJHD8epdFXtT4QCs5,26,0.7588235294117647,True,26,27
cR4GEPBTAPnNpDR4N,0,0.8421052631578947,False,3,4
cR4GEPBTAPnNpDR4N,1,0.7894736842105263,False,3,4
cR4GEPBTAPnNpDR4N,2,0.7894736842105263,False,3,4
cR4GEPBTAPnNpDR4N,3,0.8421052631578947,False,3,4
cSxrrpArMP6s8nKys,0,0.6090909090909091,False,11,12
cSxrrpArMP6s8nKys,1,0.7636363636363637,False,11,12
cSxrrpArMP6s8nKys,2,0.8454545454545456,False,11,12
cSxrrpArMP6s8nKys,3,0.7954545454545454,False,11,12
cSxrrpArMP6s8nKys,4,0.8045454545454546,False,11,12
cSxrrpArMP6s8nKys,5,0.740909090909091,False,11,12
cSxrrpArMP6s8nKys,6,0.6818181818181818,False,11,12
cSxrrpArMP6s8nKys,7,0.7045454545454546,False,11,12
cSxrrpArMP6s8nKys,8,0.7136363636363636,False,11,12
cSxrrpArMP6s8nKys,9,0.7227272727272728,False,11,12
cSxrrpArMP6s8nKys,10,0.7272727272727273,False,11,12
cSxrrpArMP6s8nKys,11,0.7681818181818181,False,11,12
cWFLNmJfTKT8LbdcR,0,0.5555555555555556,True,20,21
cWFLNmJfTKT8LbdcR,1,0.8944444444444445,True,20,21
cWFLNmJfTKT8LbdcR,2,0.9527777777777777,True,20,21
cWFLNmJfTKT8LbdcR,3,0.9861111111111112,True,20,21
cWFLNmJfTKT8LbdcR,4,0.9916666666666667,True,20,21
cWFLNmJfTKT8LbdcR,5,0.9888888888888889,True,20,21
cWFLNmJfTKT8LbdcR,6,0.9500000000000001,True,20,21
cWFLNmJfTKT8LbdcR,7,0.9500000000000001,True,20,21
cWFLNmJfTKT8LbdcR,8,0.9583333333333334,True,20,21
cWFLNmJfTKT8LbdcR,9,0.9694444444444444,True,20,21
cWFLNmJfTKT8LbdcR,10,0.9444444444444444,True,20,21
cWFLNmJfTKT8LbdcR,11,0.9472222222222223,True,20,21
cWFLNmJfTKT8LbdcR,12,0.9138888888888889,True,20,21
cWFLNmJfTKT8LbdcR,13,0.9222222222222223,True,20,21
cWFLNmJfTKT8LbdcR,14,0.9764705882352942,True,20,21
cWFLNmJfTKT8LbdcR,15,0.9764705882352942,True,20,21
cWFLNmJfTKT8LbdcR,16,0.9823529411764705,True,20,21
cWFLNmJfTKT8LbdcR,17,0.9911764705882353,True,20,21
cWFLNmJfTKT8LbdcR,18,0.8735294117647059,True,20,21
cWFLNmJfTKT8LbdcR,19,0.9117647058823529,True,20,21
cWFLNmJfTKT8LbdcR,20,0.9970588235294118,True,20,21
cd9vk2vdTNEJcmhjt,0,1.0,True,3,4
cd9vk2vdTNEJcmhjt,1,1.0,True,3,4
cd9vk2vdTNEJcmhjt,2,1.0,True,3,4
cd9vk2vdTNEJcmhjt,3,1.0,True,3,4
ckWYBPu7BxJtMCBvJ,0,0.6894736842105263,False,27,28
ckWYBPu7BxJtMCBvJ,1,0.7157894736842105,False,27,28
ckWYBPu7BxJtMCBvJ,2,0.718421052631579,False,27,28
ckWYBPu7BxJtMCBvJ,3,0.8710526315789474,False,27,28
ckWYBPu7BxJtMCBvJ,4,0.8694444444444445,False,27,28
ckWYBPu7BxJtMCBvJ,5,0.8027777777777777,False,27,28
ckWYBPu7BxJtMCBvJ,6,0.8500000000000001,False,27,28
ckWYBPu7BxJtMCBvJ,7,0.8805555555555555,False,27,28
ckWYBPu7BxJtMCBvJ,8,0.7861111111111111,False,27,28
ckWYBPu7BxJtMCBvJ,9,0.8083333333333333,False,27,28
ckWYBPu7BxJtMCBvJ,10,0.8,False,27,28
ckWYBPu7BxJtMCBvJ,11,0.7166666666666667,False,27,28
ckWYBPu7BxJtMCBvJ,12,0.6722222222222222,False,27,28
ckWYBPu7BxJtMCBvJ,13,0.4666666666666667,False,27,28
ckWYBPu7BxJtMCBvJ,14,0.5777777777777778,False,27,28
ckWYBPu7BxJtMCBvJ,15,0.55,False,27,28
ckWYBPu7BxJtMCBvJ,16,0.5444444444444445,False,27,28
ckWYBPu7BxJtMCBvJ,17,0.6833333333333333,False,27,28
ckWYBPu7BxJtMCBvJ,18,0.6722222222222222,False,27,28
ckWYBPu7BxJtMCBvJ,19,0.6416666666666667,False,27,28
ckWYBPu7BxJtMCBvJ,20,0.5222222222222223,False,27,28
ckWYBPu7BxJtMCBvJ,21,0.46111111111111114,False,27,28
ckWYBPu7BxJtMCBvJ,22,0.4972222222222222,False,27,28
ckWYBPu7BxJtMCBvJ,23,0.5166666666666667,False,27,28
ckWYBPu7BxJtMCBvJ,24,0.5388888888888889,False,27,28
ckWYBPu7BxJtMCBvJ,25,0.5,False,27,28
ckWYBPu7BxJtMCBvJ,26,0.3888888888888889,False,27,28
ckWYBPu7BxJtMCBvJ,27,0.39444444444444443,False,27,28
dAecdejNxFTB4va9u,0,0.6857142857142857,False,2,3
dAecdejNxFTB4va9u,1,0.6785714285714286,False,2,3
dAecdejNxFTB4va9u,2,0.5857142857142856,False,2,3
dCLpWhEv9gRwPbj3g,0,0.7777777777777778,True,29,30
dCLpWhEv9gRwPbj3g,1,0.7222222222222222,True,29,30
dCLpWhEv9gRwPbj3g,2,0.7777777777777778,True,29,30
dCLpWhEv9gRwPbj3g,3,0.8333333333333334,True,29,30
dCLpWhEv9gRwPbj3g,4,0.6666666666666666,True,29,30
dCLpWhEv9gRwPbj3g,5,0.7777777777777778,True,29,30
dCLpWhEv9gRwPbj3g,6,0.7777777777777778,True,29,30
dCLpWhEv9gRwPbj3g,7,0.7777777777777778,True,29,30
dCLpWhEv9gRwPbj3g,8,0.7777777777777778,True,29,30
dCLpWhEv9gRwPbj3g,9,0.7777777777777778,True,29,30
dCLpWhEv9gRwPbj3g,10,0.8333333333333334,True,29,30
dCLpWhEv9gRwPbj3g,11,0.8235294117647058,True,29,30
dCLpWhEv9gRwPbj3g,12,0.9375,True,29,30
dCLpWhEv9gRwPbj3g,13,0.875,True,29,30
dCLpWhEv9gRwPbj3g,14,0.875,True,29,30
dCLpWhEv9gRwPbj3g,15,0.9375,True,29,30
dCLpWhEv9gRwPbj3g,16,0.9375,True,29,30
dCLpWhEv9gRwPbj3g,17,0.9375,True,29,30
dCLpWhEv9gRwPbj3g,18,0.9375,True,29,30
dCLpWhEv9gRwPbj3g,19,0.875,True,29,30
dCLpWhEv9gRwPbj3g,20,0.9375,True,29,30
dCLpWhEv9gRwPbj3g,21,1.0,True,29,30
dCLpWhEv9gRwPbj3g,22,1.0,True,29,30
dCLpWhEv9gRwPbj3g,23,0.9285714285714286,True,29,30
dCLpWhEv9gRwPbj3g,24,0.9285714285714286,True,29,30
dCLpWhEv9gRwPbj3g,25,0.9285714285714286,True,29,30
dCLpWhEv9gRwPbj3g,26,1.0,True,29,30
dCLpWhEv9gRwPbj3g,27,1.0,True,29,30
dCLpWhEv9gRwPbj3g,28,0.9285714285714286,True,29,30
dCLpWhEv9gRwPbj3g,29,0.9285714285714286,True,29,30
dKYyRu3TxjNjcGDAh,0,0.7142857142857143,True,16,17
dKYyRu3TxjNjcGDAh,1,0.7142857142857143,True,16,17
dKYyRu3TxjNjcGDAh,2,0.7142857142857143,True,16,17
dKYyRu3TxjNjcGDAh,3,0.8571428571428571,True,16,17
dKYyRu3TxjNjcGDAh,4,0.8571428571428571,True,16,17
dKYyRu3TxjNjcGDAh,5,0.7142857142857143,True,16,17
dKYyRu3TxjNjcGDAh,6,0.8571428571428571,True,16,17
dKYyRu3TxjNjcGDAh,7,0.7142857142857143,True,16,17
dKYyRu3TxjNjcGDAh,8,0.8571428571428571,True,16,17
dKYyRu3TxjNjcGDAh,9,0.8571428571428571,True,16,17
dKYyRu3TxjNjcGDAh,10,0.8571428571428571,True,16,17
dKYyRu3TxjNjcGDAh,11,0.8571428571428571,True,16,17
dKYyRu3TxjNjcGDAh,12,0.8571428571428571,True,16,17
dKYyRu3TxjNjcGDAh,13,0.8571428571428571,True,16,17
dKYyRu3TxjNjcGDAh,14,0.8571428571428571,True,16,17
dKYyRu3TxjNjcGDAh,15,0.8571428571428571,True,16,17
dKYyRu3TxjNjcGDAh,16,0.8571428571428571,True,16,17
dNgAcD6FLzDMap3Mv,0,0.6730769230769231,True,16,17
dNgAcD6FLzDMap3Mv,1,0.8192307692307692,True,16,17
dNgAcD6FLzDMap3Mv,2,0.8846153846153846,True,16,17
dNgAcD6FLzDMap3Mv,3,0.8846153846153846,True,16,17
dNgAcD6FLzDMap3Mv,4,0.9615384615384616,True,16,17
dNgAcD6FLzDMap3Mv,5,0.9576923076923076,True,16,17
dNgAcD6FLzDMap3Mv,6,0.9384615384615385,True,16,17
dNgAcD6FLzDMap3Mv,7,0.9153846153846155,True,16,17
dNgAcD6FLzDMap3Mv,8,0.8346153846153845,True,16,17
dNgAcD6FLzDMap3Mv,9,0.8423076923076922,True,16,17
dNgAcD6FLzDMap3Mv,10,0.9576923076923076,True,16,17
dNgAcD6FLzDMap3Mv,11,0.9230769230769231,True,16,17
dNgAcD6FLzDMap3Mv,12,0.9230769230769231,True,16,17
dNgAcD6FLzDMap3Mv,13,0.9192307692307692,True,16,17
dNgAcD6FLzDMap3Mv,14,0.6499999999999999,True,16,17
dNgAcD6FLzDMap3Mv,15,0.9541666666666666,True,16,17
dNgAcD6FLzDMap3Mv,16,0.9166666666666666,True,16,17
dTNQ5xKrAQxPyhdTx,0,0.43,True,6,7
dTNQ5xKrAQxPyhdTx,1,0.53,True,6,7
dTNQ5xKrAQxPyhdTx,2,0.53,True,6,7
dTNQ5xKrAQxPyhdTx,3,0.55,True,6,7
dTNQ5xKrAQxPyhdTx,4,0.6,True,6,7
dTNQ5xKrAQxPyhdTx,5,0.43,True,6,7
dTNQ5xKrAQxPyhdTx,6,0.32999999999999996,True,6,7
deBdF43aAzJnmZpSB,0,0.65,False,16,17
deBdF43aAzJnmZpSB,1,0.7541666666666668,False,16,17
deBdF43aAzJnmZpSB,2,0.7083333333333334,False,16,17
deBdF43aAzJnmZpSB,3,0.8818181818181817,False,16,17
deBdF43aAzJnmZpSB,4,0.8181818181818182,False,16,17
deBdF43aAzJnmZpSB,5,0.7772727272727273,False,16,17
deBdF43aAzJnmZpSB,6,0.7772727272727273,False,16,17
deBdF43aAzJnmZpSB,7,0.7681818181818181,False,16,17
deBdF43aAzJnmZpSB,8,0.8227272727272728,False,16,17
deBdF43aAzJnmZpSB,9,0.7318181818181819,False,16,17
deBdF43aAzJnmZpSB,10,0.7090909090909091,False,16,17
deBdF43aAzJnmZpSB,11,0.6272727272727273,False,16,17
deBdF43aAzJnmZpSB,12,0.6863636363636364,False,16,17
deBdF43aAzJnmZpSB,13,0.5727272727272728,False,16,17
deBdF43aAzJnmZpSB,14,0.509090909090909,False,16,17
deBdF43aAzJnmZpSB,15,0.35000000000000003,False,16,17
deBdF43aAzJnmZpSB,16,0.32727272727272727,False,16,17
dgkPiTkBSvsvuH8X7,0,0.8611111111111112,False,27,28
dgkPiTkBSvsvuH8X7,1,0.9722222222222222,False,27,28
dgkPiTkBSvsvuH8X7,2,1.0,False,27,28
dgkPiTkBSvsvuH8X7,3,1.0,False,27,28
dgkPiTkBSvsvuH8X7,4,1.0,False,27,28
dgkPiTkBSvsvuH8X7,5,1.0,False,27,28
dgkPiTkBSvsvuH8X7,6,1.0,False,27,28
dgkPiTkBSvsvuH8X7,7,1.0,False,27,28
dgkPiTkBSvsvuH8X7,8,1.0,False,27,28
dgkPiTkBSvsvuH8X7,9,1.0,False,27,28
dgkPiTkBSvsvuH8X7,10,1.0,False,27,28
dgkPiTkBSvsvuH8X7,11,1.0,False,27,28
dgkPiTkBSvsvuH8X7,12,1.0,False,27,28
dgkPiTkBSvsvuH8X7,13,1.0,False,27,28
dgkPiTkBSvsvuH8X7,14,1.0,False,27,28
dgkPiTkBSvsvuH8X7,15,1.0,False,27,28
dgkPiTkBSvsvuH8X7,16,1.0,False,27,28
dgkPiTkBSvsvuH8X7,17,1.0,False,27,28
dgkPiTkBSvsvuH8X7,18,1.0,False,27,28
dgkPiTkBSvsvuH8X7,19,1.0,False,27,28
dgkPiTkBSvsvuH8X7,20,1.0,False,27,28
dgkPiTkBSvsvuH8X7,21,1.0,False,27,28
dgkPiTkBSvsvuH8X7,22,1.0,False,27,28
dgkPiTkBSvsvuH8X7,23,1.0,False,27,28
dgkPiTkBSvsvuH8X7,24,1.0,False,27,28
dgkPiTkBSvsvuH8X7,25,1.0,False,27,28
dgkPiTkBSvsvuH8X7,26,1.0,False,27,28
dgkPiTkBSvsvuH8X7,27,1.0,False,27,28
dr8gXGDNPbKB3iuRR,0,0.8571428571428571,True,5,6
dr8gXGDNPbKB3iuRR,1,1.0,True,5,6
dr8gXGDNPbKB3iuRR,2,0.8571428571428571,True,5,6
dr8gXGDNPbKB3iuRR,3,0.8571428571428571,True,5,6
dr8gXGDNPbKB3iuRR,4,0.8571428571428571,True,5,6
dr8gXGDNPbKB3iuRR,5,0.8571428571428571,True,5,6
e5uBwxZrBgFoLkR6N,0,0.75,True,16,17
e5uBwxZrBgFoLkR6N,1,1.0,True,16,17
e5uBwxZrBgFoLkR6N,2,1.0,True,16,17
e5uBwxZrBgFoLkR6N,3,1.0,True,16,17
e5uBwxZrBgFoLkR6N,4,1.0,True,16,17
e5uBwxZrBgFoLkR6N,5,0.6666666666666666,True,16,17
e5uBwxZrBgFoLkR6N,6,0.6666666666666666,True,16,17
e5uBwxZrBgFoLkR6N,7,1.0,True,16,17
e5uBwxZrBgFoLkR6N,8,0.6666666666666666,True,16,17
e5uBwxZrBgFoLkR6N,9,1.0,True,16,17
e5uBwxZrBgFoLkR6N,10,0.6666666666666666,True,16,17
e5uBwxZrBgFoLkR6N,11,1.0,True,16,17
e5uBwxZrBgFoLkR6N,12,0.6666666666666666,True,16,17
e5uBwxZrBgFoLkR6N,13,0.6666666666666666,True,16,17
e5uBwxZrBgFoLkR6N,14,0.6666666666666666,True,16,17
e5uBwxZrBgFoLkR6N,15,0.6666666666666666,True,16,17
e5uBwxZrBgFoLkR6N,16,0.6666666666666666,True,16,17
e6tARYJ8Auhxhkcih,0,0.6666666666666666,False,20,21
e6tARYJ8Auhxhkcih,1,0.7142857142857143,False,20,21
e6tARYJ8Auhxhkcih,2,0.7142857142857143,False,20,21
e6tARYJ8Auhxhkcih,3,0.5714285714285714,False,20,21
e6tARYJ8Auhxhkcih,4,0.7692307692307693,False,20,21
e6tARYJ8Auhxhkcih,5,0.6923076923076923,False,20,21
e6tARYJ8Auhxhkcih,6,0.6153846153846154,False,20,21
e6tARYJ8Auhxhkcih,7,0.6923076923076923,False,20,21
e6tARYJ8Auhxhkcih,8,0.6923076923076923,False,20,21
e6tARYJ8Auhxhkcih,9,0.9230769230769231,False,20,21
e6tARYJ8Auhxhkcih,10,0.6153846153846154,False,20,21
e6tARYJ8Auhxhkcih,11,0.6923076923076923,False,20,21
e6tARYJ8Auhxhkcih,12,0.6923076923076923,False,20,21
e6tARYJ8Auhxhkcih,13,0.7692307692307693,False,20,21
e6tARYJ8Auhxhkcih,14,0.6923076923076923,False,20,21
e6tARYJ8Auhxhkcih,15,0.6923076923076923,False,20,21
e6tARYJ8Auhxhkcih,16,0.7692307692307693,False,20,21
e6tARYJ8Auhxhkcih,17,0.7692307692307693,False,20,21
e6tARYJ8Auhxhkcih,18,0.7692307692307693,False,20,21
e6tARYJ8Auhxhkcih,19,0.6923076923076923,False,20,21
e6tARYJ8Auhxhkcih,20,0.6923076923076923,False,20,21
eBKz8WtEtJHk5Kkhk,0,0.5555555555555556,True,9,10
eBKz8WtEtJHk5Kkhk,1,0.6666666666666666,True,9,10
eBKz8WtEtJHk5Kkhk,2,0.7777777777777778,True,9,10
eBKz8WtEtJHk5Kkhk,3,0.8888888888888888,True,9,10
eBKz8WtEtJHk5Kkhk,4,0.8888888888888888,True,9,10
eBKz8WtEtJHk5Kkhk,5,0.6666666666666666,True,9,10
eBKz8WtEtJHk5Kkhk,6,0.6666666666666666,True,9,10
eBKz8WtEtJHk5Kkhk,7,0.6666666666666666,True,9,10
eBKz8WtEtJHk5Kkhk,8,0.6666666666666666,True,9,10
eBKz8WtEtJHk5Kkhk,9,0.6666666666666666,True,9,10
eGQSX2LhdDZgA36sj,0,0.9,False,10,11
eGQSX2LhdDZgA36sj,1,0.8,False,10,11
eGQSX2LhdDZgA36sj,2,0.8,False,10,11
eGQSX2LhdDZgA36sj,3,0.8,False,10,11
eGQSX2LhdDZgA36sj,4,0.8,False,10,11
eGQSX2LhdDZgA36sj,5,0.8,False,10,11
eGQSX2LhdDZgA36sj,6,0.8,False,10,11
eGQSX2LhdDZgA36sj,7,0.8,False,10,11
eGQSX2LhdDZgA36sj,8,1.0,False,10,11
eGQSX2LhdDZgA36sj,9,0.8,False,10,11
eGQSX2LhdDZgA36sj,10,1.0,False,10,11
emnc7NRWF52cDXjwm,0,1.0,False,9,10
emnc7NRWF52cDXjwm,1,1.0,False,9,10
emnc7NRWF52cDXjwm,2,1.0,False,9,10
emnc7NRWF52cDXjwm,3,1.0,False,9,10
emnc7NRWF52cDXjwm,4,0.5,False,9,10
emnc7NRWF52cDXjwm,5,1.0,False,9,10
emnc7NRWF52cDXjwm,6,0.5,False,9,10
emnc7NRWF52cDXjwm,7,1.0,False,9,10
emnc7NRWF52cDXjwm,8,0.5,False,9,10
emnc7NRWF52cDXjwm,9,0.0,False,9,10
ervfYGcspz4PmvGhe,0,1.0,False,20,21
ervfYGcspz4PmvGhe,1,1.0,False,20,21
ervfYGcspz4PmvGhe,2,1.0,False,20,21
ervfYGcspz4PmvGhe,3,0.6666666666666666,False,20,21
ervfYGcspz4PmvGhe,4,0.6666666666666666,False,20,21
ervfYGcspz4PmvGhe,5,1.0,False,20,21
ervfYGcspz4PmvGhe,6,0.6666666666666666,False,20,21
ervfYGcspz4PmvGhe,7,0.6666666666666666,False,20,21
ervfYGcspz4PmvGhe,8,0.6666666666666666,False,20,21
ervfYGcspz4PmvGhe,9,0.6666666666666666,False,20,21
ervfYGcspz4PmvGhe,10,0.6666666666666666,False,20,21
ervfYGcspz4PmvGhe,11,0.6666666666666666,False,20,21
ervfYGcspz4PmvGhe,12,0.6666666666666666,False,20,21
ervfYGcspz4PmvGhe,13,0.6666666666666666,False,20,21
ervfYGcspz4PmvGhe,14,0.6666666666666666,False,20,21
ervfYGcspz4PmvGhe,15,0.6666666666666666,False,20,21
ervfYGcspz4PmvGhe,16,0.3333333333333333,False,20,21
ervfYGcspz4PmvGhe,17,0.3333333333333333,False,20,21
ervfYGcspz4PmvGhe,18,0.6666666666666666,False,20,21
ervfYGcspz4PmvGhe,19,0.6666666666666666,False,20,21
ervfYGcspz4PmvGhe,20,1.0,False,20,21
fGsi37qfv5EwygYmn,0,1.0,False,14,15
fGsi37qfv5EwygYmn,1,1.0,False,14,15
fGsi37qfv5EwygYmn,2,1.0,False,14,15
fGsi37qfv5EwygYmn,3,1.0,False,14,15
fGsi37qfv5EwygYmn,4,1.0,False,14,15
fGsi37qfv5EwygYmn,5,1.0,False,14,15
fGsi37qfv5EwygYmn,6,1.0,False,14,15
fGsi37qfv5EwygYmn,7,1.0,False,14,15
fGsi37qfv5EwygYmn,8,1.0,False,14,15
fGsi37qfv5EwygYmn,9,0.8333333333333334,False,14,15
fGsi37qfv5EwygYmn,10,0.8333333333333334,False,14,15
fGsi37qfv5EwygYmn,11,0.8333333333333334,False,14,15
fGsi37qfv5EwygYmn,12,1.0,False,14,15
fGsi37qfv5EwygYmn,13,0.8333333333333334,False,14,15
fGsi37qfv5EwygYmn,14,1.0,False,14,15
fMi55QFrvdrjRZFwr,0,0.8642857142857142,False,21,22
fMi55QFrvdrjRZFwr,1,0.8250000000000001,False,21,22
fMi55QFrvdrjRZFwr,2,0.6666666666666666,False,21,22
fMi55QFrvdrjRZFwr,3,0.75,False,21,22
fMi55QFrvdrjRZFwr,4,0.625,False,21,22
fMi55QFrvdrjRZFwr,5,0.5416666666666666,False,21,22
fMi55QFrvdrjRZFwr,6,0.6666666666666666,False,21,22
fMi55QFrvdrjRZFwr,7,0.6666666666666666,False,21,22
fMi55QFrvdrjRZFwr,8,0.6666666666666666,False,21,22
fMi55QFrvdrjRZFwr,9,0.6666666666666666,False,21,22
fMi55QFrvdrjRZFwr,10,0.5583333333333333,False,21,22
fMi55QFrvdrjRZFwr,11,0.6833333333333332,False,21,22
fMi55QFrvdrjRZFwr,12,0.6749999999999999,False,21,22
fMi55QFrvdrjRZFwr,13,0.8333333333333334,False,21,22
fMi55QFrvdrjRZFwr,14,0.61,False,21,22
fMi55QFrvdrjRZFwr,15,0.5900000000000001,False,21,22
fMi55QFrvdrjRZFwr,16,0.8,False,21,22
fMi55QFrvdrjRZFwr,17,0.7,False,21,22
fMi55QFrvdrjRZFwr,18,0.47000000000000003,False,21,22
fMi55QFrvdrjRZFwr,19,0.7,False,21,22
fMi55QFrvdrjRZFwr,20,0.74,False,21,22
fMi55QFrvdrjRZFwr,21,0.6,False,21,22
fQEnj6pAo2yqCQx98,0,0.4444444444444444,False,4,5
fQEnj6pAo2yqCQx98,1,0.6666666666666666,False,4,5
fQEnj6pAo2yqCQx98,2,0.6666666666666666,False,4,5
fQEnj6pAo2yqCQx98,3,0.8888888888888888,False,4,5
fQEnj6pAo2yqCQx98,4,0.7777777777777778,False,4,5
ffYPZNBq9hZaNTksD,0,0.72,False,20,21
ffYPZNBq9hZaNTksD,1,0.5,False,20,21
ffYPZNBq9hZaNTksD,2,0.5142857142857143,False,20,21
ffYPZNBq9hZaNTksD,3,0.5571428571428572,False,20,21
ffYPZNBq9hZaNTksD,4,0.6785714285714286,False,20,21
ffYPZNBq9hZaNTksD,5,0.7428571428571429,False,20,21
ffYPZNBq9hZaNTksD,6,0.6428571428571429,False,20,21
ffYPZNBq9hZaNTksD,7,0.4857142857142857,False,20,21
ffYPZNBq9hZaNTksD,8,0.6785714285714286,False,20,21
ffYPZNBq9hZaNTksD,9,0.6071428571428571,False,20,21
ffYPZNBq9hZaNTksD,10,0.6071428571428571,False,20,21
ffYPZNBq9hZaNTksD,11,0.5285714285714286,False,20,21
ffYPZNBq9hZaNTksD,12,0.6,False,20,21
ffYPZNBq9hZaNTksD,13,0.6642857142857144,False,20,21
ffYPZNBq9hZaNTksD,14,0.32142857142857145,False,20,21
ffYPZNBq9hZaNTksD,15,0.7142857142857143,False,20,21
ffYPZNBq9hZaNTksD,16,0.5357142857142857,False,20,21
ffYPZNBq9hZaNTksD,17,0.6071428571428571,False,20,21
ffYPZNBq9hZaNTksD,18,0.7142857142857143,False,20,21
ffYPZNBq9hZaNTksD,19,0.6428571428571429,False,20,21
ffYPZNBq9hZaNTksD,20,0.6071428571428571,False,20,21
ft2TNYdF5z5CM2y9g,0,0.75,False,17,18
ft2TNYdF5z5CM2y9g,1,0.5,False,17,18
ft2TNYdF5z5CM2y9g,2,0.5,False,17,18
ft2TNYdF5z5CM2y9g,3,0.5,False,17,18
ft2TNYdF5z5CM2y9g,4,1.0,False,17,18
ft2TNYdF5z5CM2y9g,5,1.0,False,17,18
ft2TNYdF5z5CM2y9g,6,0.75,False,17,18
ft2TNYdF5z5CM2y9g,7,1.0,False,17,18
ft2TNYdF5z5CM2y9g,8,0.5,False,17,18
ft2TNYdF5z5CM2y9g,9,0.75,False,17,18
ft2TNYdF5z5CM2y9g,10,0.75,False,17,18
ft2TNYdF5z5CM2y9g,11,0.75,False,17,18
ft2TNYdF5z5CM2y9g,12,0.75,False,17,18
ft2TNYdF5z5CM2y9g,13,0.75,False,17,18
ft2TNYdF5z5CM2y9g,14,0.5,False,17,18
ft2TNYdF5z5CM2y9g,15,0.5,False,17,18
ft2TNYdF5z5CM2y9g,16,0.75,False,17,18
ft2TNYdF5z5CM2y9g,17,0.25,False,17,18
g2Qk3YD7xPASgkwki,0,0.48333333333333334,True,12,13
g2Qk3YD7xPASgkwki,1,0.3,True,12,13
g2Qk3YD7xPASgkwki,2,0.4166666666666667,True,12,13
g2Qk3YD7xPASgkwki,3,0.5,True,12,13
g2Qk3YD7xPASgkwki,4,0.5,True,12,13
g2Qk3YD7xPASgkwki,5,0.3333333333333333,True,12,13
g2Qk3YD7xPASgkwki,6,0.3333333333333333,True,12,13
g2Qk3YD7xPASgkwki,7,0.5666666666666667,True,12,13
g2Qk3YD7xPASgkwki,8,0.5,True,12,13
g2Qk3YD7xPASgkwki,9,0.3333333333333333,True,12,13
g2Qk3YD7xPASgkwki,10,0.08333333333333333,True,12,13
g2Qk3YD7xPASgkwki,11,0.4166666666666667,True,12,13
g2Qk3YD7xPASgkwki,12,0.3333333333333333,True,12,13
gRhALsRNiAYvmdQxC,0,0.8888888888888888,False,19,20
gRhALsRNiAYvmdQxC,1,0.8823529411764706,False,19,20
gRhALsRNiAYvmdQxC,2,0.8823529411764706,False,19,20
gRhALsRNiAYvmdQxC,3,0.6470588235294118,False,19,20
gRhALsRNiAYvmdQxC,4,0.7647058823529411,False,19,20
gRhALsRNiAYvmdQxC,5,0.9411764705882353,False,19,20
gRhALsRNiAYvmdQxC,6,0.8235294117647058,False,19,20
gRhALsRNiAYvmdQxC,7,0.8823529411764706,False,19,20
gRhALsRNiAYvmdQxC,8,0.8235294117647058,False,19,20
gRhALsRNiAYvmdQxC,9,0.8235294117647058,False,19,20
gRhALsRNiAYvmdQxC,10,0.7058823529411765,False,19,20
gRhALsRNiAYvmdQxC,11,0.9411764705882353,False,19,20
gRhALsRNiAYvmdQxC,12,0.7647058823529411,False,19,20
gRhALsRNiAYvmdQxC,13,0.8235294117647058,False,19,20
gRhALsRNiAYvmdQxC,14,0.7647058823529411,False,19,20
gRhALsRNiAYvmdQxC,15,0.9411764705882353,False,19,20
gRhALsRNiAYvmdQxC,16,0.8235294117647058,False,19,20
gRhALsRNiAYvmdQxC,17,0.8823529411764706,False,19,20
gRhALsRNiAYvmdQxC,18,0.8823529411764706,False,19,20
gRhALsRNiAYvmdQxC,19,0.7647058823529411,False,19,20
gZNY7fH74BoGpdiMk,0,0.875,True,18,19
gZNY7fH74BoGpdiMk,1,0.75,True,18,19
gZNY7fH74BoGpdiMk,2,0.75,True,18,19
gZNY7fH74BoGpdiMk,3,0.75,True,18,19
gZNY7fH74BoGpdiMk,4,0.5,True,18,19
gZNY7fH74BoGpdiMk,5,0.5,True,18,19
gZNY7fH74BoGpdiMk,6,0.5,True,18,19
gZNY7fH74BoGpdiMk,7,0.75,True,18,19
gZNY7fH74BoGpdiMk,8,0.75,True,18,19
gZNY7fH74BoGpdiMk,9,0.5,True,18,19
gZNY7fH74BoGpdiMk,10,0.5,True,18,19
gZNY7fH74BoGpdiMk,11,0.5,True,18,19
gZNY7fH74BoGpdiMk,12,0.375,True,18,19
gZNY7fH74BoGpdiMk,13,0.75,True,18,19
gZNY7fH74BoGpdiMk,14,0.75,True,18,19
gZNY7fH74BoGpdiMk,15,0.875,True,18,19
gZNY7fH74BoGpdiMk,16,0.875,True,18,19
gZNY7fH74BoGpdiMk,17,0.875,True,18,19
gZNY7fH74BoGpdiMk,18,0.875,True,18,19
gndhFAQfgF9PwRbHx,0,0.7205882352941176,False,6,7
gndhFAQfgF9PwRbHx,1,0.7558823529411764,False,6,7
gndhFAQfgF9PwRbHx,2,0.788235294117647,False,6,7
gndhFAQfgF9PwRbHx,3,0.8088235294117647,False,6,7
gndhFAQfgF9PwRbHx,4,0.8352941176470587,False,6,7
gndhFAQfgF9PwRbHx,5,0.8558823529411765,False,6,7
gndhFAQfgF9PwRbHx,6,0.7705882352941176,False,6,7
gtgsZeYyKrZ46jwrw,0,0.6666666666666666,True,10,11
gtgsZeYyKrZ46jwrw,1,1.0,True,10,11
gtgsZeYyKrZ46jwrw,2,1.0,True,10,11
gtgsZeYyKrZ46jwrw,3,1.0,True,10,11
gtgsZeYyKrZ46jwrw,4,1.0,True,10,11
gtgsZeYyKrZ46jwrw,5,1.0,True,10,11
gtgsZeYyKrZ46jwrw,6,1.0,True,10,11
gtgsZeYyKrZ46jwrw,7,1.0,True,10,11
gtgsZeYyKrZ46jwrw,8,1.0,True,10,11
gtgsZeYyKrZ46jwrw,9,1.0,True,10,11
gtgsZeYyKrZ46jwrw,10,1.0,True,10,11
guqnSFsL7PBoja4HM,0,0.8571428571428571,True,25,26
guqnSFsL7PBoja4HM,1,1.0,True,25,26
guqnSFsL7PBoja4HM,2,1.0,True,25,26
guqnSFsL7PBoja4HM,3,1.0,True,25,26
guqnSFsL7PBoja4HM,4,1.0,True,25,26
guqnSFsL7PBoja4HM,5,1.0,True,25,26
guqnSFsL7PBoja4HM,6,1.0,True,25,26
guqnSFsL7PBoja4HM,7,1.0,True,25,26
guqnSFsL7PBoja4HM,8,1.0,True,25,26
guqnSFsL7PBoja4HM,9,1.0,True,25,26
guqnSFsL7PBoja4HM,10,1.0,True,25,26
guqnSFsL7PBoja4HM,11,1.0,True,25,26
guqnSFsL7PBoja4HM,12,1.0,True,25,26
guqnSFsL7PBoja4HM,13,1.0,True,25,26
guqnSFsL7PBoja4HM,14,1.0,True,25,26
guqnSFsL7PBoja4HM,15,1.0,True,25,26
guqnSFsL7PBoja4HM,16,1.0,True,25,26
guqnSFsL7PBoja4HM,17,1.0,True,25,26
guqnSFsL7PBoja4HM,18,1.0,True,25,26
guqnSFsL7PBoja4HM,19,1.0,True,25,26
guqnSFsL7PBoja4HM,20,1.0,True,25,26
guqnSFsL7PBoja4HM,21,1.0,True,25,26
guqnSFsL7PBoja4HM,22,1.0,True,25,26
guqnSFsL7PBoja4HM,23,1.0,True,25,26
guqnSFsL7PBoja4HM,24,1.0,True,25,26
guqnSFsL7PBoja4HM,25,1.0,True,25,26
gv3H4EqgWKzE7LQGF,0,0.9166666666666666,False,19,20
gv3H4EqgWKzE7LQGF,1,0.75,False,19,20
gv3H4EqgWKzE7LQGF,2,0.9166666666666666,False,19,20
gv3H4EqgWKzE7LQGF,3,0.6666666666666666,False,19,20
gv3H4EqgWKzE7LQGF,4,0.5833333333333334,False,19,20
gv3H4EqgWKzE7LQGF,5,0.6666666666666666,False,19,20
gv3H4EqgWKzE7LQGF,6,0.5454545454545454,False,19,20
gv3H4EqgWKzE7LQGF,7,0.5454545454545454,False,19,20
gv3H4EqgWKzE7LQGF,8,0.8181818181818182,False,19,20
gv3H4EqgWKzE7LQGF,9,0.6363636363636364,False,19,20
gv3H4EqgWKzE7LQGF,10,0.7272727272727273,False,19,20
gv3H4EqgWKzE7LQGF,11,0.6363636363636364,False,19,20
gv3H4EqgWKzE7LQGF,12,0.6363636363636364,False,19,20
gv3H4EqgWKzE7LQGF,13,0.45454545454545453,False,19,20
gv3H4EqgWKzE7LQGF,14,0.6363636363636364,False,19,20
gv3H4EqgWKzE7LQGF,15,0.5454545454545454,False,19,20
gv3H4EqgWKzE7LQGF,16,0.5454545454545454,False,19,20
gv3H4EqgWKzE7LQGF,17,0.45454545454545453,False,19,20
gv3H4EqgWKzE7LQGF,18,0.45454545454545453,False,19,20
gv3H4EqgWKzE7LQGF,19,0.45454545454545453,False,19,20
gxPHEWfHFyL95TtDB,0,1.0,True,13,14
gxPHEWfHFyL95TtDB,1,0.8,True,13,14
gxPHEWfHFyL95TtDB,2,0.8,True,13,14
gxPHEWfHFyL95TtDB,3,0.8,True,13,14
gxPHEWfHFyL95TtDB,4,0.6,True,13,14
gxPHEWfHFyL95TtDB,5,0.6,True,13,14
gxPHEWfHFyL95TtDB,6,0.8,True,13,14
gxPHEWfHFyL95TtDB,7,0.6,True,13,14
gxPHEWfHFyL95TtDB,8,0.8,True,13,14
gxPHEWfHFyL95TtDB,9,0.8,True,13,14
gxPHEWfHFyL95TtDB,10,0.8,True,13,14
gxPHEWfHFyL95TtDB,11,0.8,True,13,14
gxPHEWfHFyL95TtDB,12,0.8,True,13,14
gxPHEWfHFyL95TtDB,13,0.6,True,13,14
h6PPMQJ63sE8QBQWy,0,0.5,True,4,5
h6PPMQJ63sE8QBQWy,1,0.4,True,4,5
h6PPMQJ63sE8QBQWy,2,0.6,True,4,5
h6PPMQJ63sE8QBQWy,3,0.8,True,4,5
h6PPMQJ63sE8QBQWy,4,1.0,True,4,5
h7dLf3iJFWxe2KbMy,0,0.6461538461538462,False,24,25
h7dLf3iJFWxe2KbMy,1,0.7615384615384616,False,24,25
h7dLf3iJFWxe2KbMy,2,0.8538461538461538,False,24,25
h7dLf3iJFWxe2KbMy,3,0.8384615384615385,False,24,25
h7dLf3iJFWxe2KbMy,4,0.8615384615384615,False,24,25
h7dLf3iJFWxe2KbMy,5,0.8653846153846154,False,24,25
h7dLf3iJFWxe2KbMy,6,0.8653846153846154,False,24,25
h7dLf3iJFWxe2KbMy,7,0.8269230769230769,False,24,25
h7dLf3iJFWxe2KbMy,8,0.7692307692307693,False,24,25
h7dLf3iJFWxe2KbMy,9,0.8333333333333334,False,24,25
h7dLf3iJFWxe2KbMy,10,0.7916666666666666,False,24,25
h7dLf3iJFWxe2KbMy,11,0.9166666666666666,False,24,25
h7dLf3iJFWxe2KbMy,12,0.7916666666666666,False,24,25
h7dLf3iJFWxe2KbMy,13,0.8333333333333334,False,24,25
h7dLf3iJFWxe2KbMy,14,0.7083333333333334,False,24,25
h7dLf3iJFWxe2KbMy,15,0.8333333333333334,False,24,25
h7dLf3iJFWxe2KbMy,16,0.7916666666666666,False,24,25
h7dLf3iJFWxe2KbMy,17,0.7541666666666668,False,24,25
h7dLf3iJFWxe2KbMy,18,0.875,False,24,25
h7dLf3iJFWxe2KbMy,19,0.75,False,24,25
h7dLf3iJFWxe2KbMy,20,0.8333333333333334,False,24,25
h7dLf3iJFWxe2KbMy,21,0.75,False,24,25
h7dLf3iJFWxe2KbMy,22,0.7083333333333334,False,24,25
h7dLf3iJFWxe2KbMy,23,0.6666666666666666,False,24,25
h7dLf3iJFWxe2KbMy,24,0.5833333333333334,False,24,25
hTJjA7Z63RBuEpkEJ,0,0.75,True,5,6
hTJjA7Z63RBuEpkEJ,1,0.75,True,5,6
hTJjA7Z63RBuEpkEJ,2,0.75,True,5,6
hTJjA7Z63RBuEpkEJ,3,0.75,True,5,6
hTJjA7Z63RBuEpkEJ,4,0.75,True,5,6
hTJjA7Z63RBuEpkEJ,5,0.25,True,5,6
hTWBnZpmR8RRWtQur,0,0.525,True,9,10
hTWBnZpmR8RRWtQur,1,0.9249999999999999,True,9,10
hTWBnZpmR8RRWtQur,2,0.85,True,9,10
hTWBnZpmR8RRWtQur,3,0.9416666666666668,True,9,10
hTWBnZpmR8RRWtQur,4,1.0,True,9,10
hTWBnZpmR8RRWtQur,5,1.0,True,9,10
hTWBnZpmR8RRWtQur,6,1.0,True,9,10
hTWBnZpmR8RRWtQur,7,1.0,True,9,10
hTWBnZpmR8RRWtQur,8,1.0,True,9,10
hTWBnZpmR8RRWtQur,9,1.0,True,9,10
hWkoPdauWkC4xNjf7,0,0.6625,False,7,8
hWkoPdauWkC4xNjf7,1,0.75,False,7,8
hWkoPdauWkC4xNjf7,2,0.8125,False,7,8
hWkoPdauWkC4xNjf7,3,0.75625,False,7,8
hWkoPdauWkC4xNjf7,4,0.8125,False,7,8
hWkoPdauWkC4xNjf7,5,0.8125,False,7,8
hWkoPdauWkC4xNjf7,6,0.8125,False,7,8
hWkoPdauWkC4xNjf7,7,0.8125,False,7,8
hWwaWXowkJ25fZ7Kj,0,0.6,True,13,14
hWwaWXowkJ25fZ7Kj,1,0.8,True,13,14
hWwaWXowkJ25fZ7Kj,2,0.8,True,13,14
hWwaWXowkJ25fZ7Kj,3,1.0,True,13,14
hWwaWXowkJ25fZ7Kj,4,1.0,True,13,14
hWwaWXowkJ25fZ7Kj,5,1.0,True,13,14
hWwaWXowkJ25fZ7Kj,6,1.0,True,13,14
hWwaWXowkJ25fZ7Kj,7,1.0,True,13,14
hWwaWXowkJ25fZ7Kj,8,1.0,True,13,14
hWwaWXowkJ25fZ7Kj,9,1.0,True,13,14
hWwaWXowkJ25fZ7Kj,10,1.0,True,13,14
hWwaWXowkJ25fZ7Kj,11,1.0,True,13,14
hWwaWXowkJ25fZ7Kj,12,1.0,True,13,14
hWwaWXowkJ25fZ7Kj,13,1.0,True,13,14
hY3ZZBKWFoSPWa3SH,0,0.6411764705882353,False,16,17
hY3ZZBKWFoSPWa3SH,1,0.7176470588235294,False,16,17
hY3ZZBKWFoSPWa3SH,2,0.5852941176470587,False,16,17
hY3ZZBKWFoSPWa3SH,3,0.5823529411764706,False,16,17
hY3ZZBKWFoSPWa3SH,4,0.5233333333333333,False,16,17
hY3ZZBKWFoSPWa3SH,5,0.4,False,16,17
hY3ZZBKWFoSPWa3SH,6,0.45,False,16,17
hY3ZZBKWFoSPWa3SH,7,0.3733333333333333,False,16,17
hY3ZZBKWFoSPWa3SH,8,0.19,False,16,17
hY3ZZBKWFoSPWa3SH,9,0.31666666666666665,False,16,17
hY3ZZBKWFoSPWa3SH,10,0.33999999999999997,False,16,17
hY3ZZBKWFoSPWa3SH,11,0.2833333333333333,False,16,17
hY3ZZBKWFoSPWa3SH,12,0.33666666666666667,False,16,17
hY3ZZBKWFoSPWa3SH,13,0.45666666666666667,False,16,17
hY3ZZBKWFoSPWa3SH,14,0.43666666666666665,False,16,17
hY3ZZBKWFoSPWa3SH,15,0.4233333333333333,False,16,17
hY3ZZBKWFoSPWa3SH,16,0.3233333333333333,False,16,17
hwkwqiwaDNdsN5JGv,0,0.8823529411764706,True,5,6
hwkwqiwaDNdsN5JGv,1,0.8823529411764706,True,5,6
hwkwqiwaDNdsN5JGv,2,0.9411764705882353,True,5,6
hwkwqiwaDNdsN5JGv,3,0.7647058823529411,True,5,6
hwkwqiwaDNdsN5JGv,4,0.5882352941176471,True,5,6
hwkwqiwaDNdsN5JGv,5,0.375,True,5,6
i4P7J3h3Tc4BHhfYG,0,0.8333333333333334,True,15,16
i4P7J3h3Tc4BHhfYG,1,0.8833333333333333,True,15,16
i4P7J3h3Tc4BHhfYG,2,0.9166666666666666,True,15,16
i4P7J3h3Tc4BHhfYG,3,0.9416666666666668,True,15,16
i4P7J3h3Tc4BHhfYG,4,0.8833333333333333,True,15,16
i4P7J3h3Tc4BHhfYG,5,0.875,True,15,16
i4P7J3h3Tc4BHhfYG,6,0.875,True,15,16
i4P7J3h3Tc4BHhfYG,7,0.875,True,15,16
i4P7J3h3Tc4BHhfYG,8,0.8333333333333334,True,15,16
i4P7J3h3Tc4BHhfYG,9,0.8416666666666667,True,15,16
i4P7J3h3Tc4BHhfYG,10,0.8416666666666667,True,15,16
i4P7J3h3Tc4BHhfYG,11,0.875,True,15,16
i4P7J3h3Tc4BHhfYG,12,0.8416666666666667,True,15,16
i4P7J3h3Tc4BHhfYG,13,0.8416666666666667,True,15,16
i4P7J3h3Tc4BHhfYG,14,0.8416666666666667,True,15,16
i4P7J3h3Tc4BHhfYG,15,0.5083333333333333,True,15,16
iDMSsFeCDBx6WP6HP,0,0.6958333333333333,False,16,17
iDMSsFeCDBx6WP6HP,1,0.6791666666666667,False,16,17
iDMSsFeCDBx6WP6HP,2,0.7291666666666666,False,16,17
iDMSsFeCDBx6WP6HP,3,0.6708333333333334,False,16,17
iDMSsFeCDBx6WP6HP,4,0.7374999999999999,False,16,17
iDMSsFeCDBx6WP6HP,5,0.6833333333333332,False,16,17
iDMSsFeCDBx6WP6HP,6,0.7083333333333334,False,16,17
iDMSsFeCDBx6WP6HP,7,0.6666666666666666,False,16,17
iDMSsFeCDBx6WP6HP,8,0.7000000000000001,False,16,17
iDMSsFeCDBx6WP6HP,9,0.7208333333333333,False,16,17
iDMSsFeCDBx6WP6HP,10,0.65,False,16,17
iDMSsFeCDBx6WP6HP,11,0.6458333333333334,False,16,17
iDMSsFeCDBx6WP6HP,12,0.6791666666666667,False,16,17
iDMSsFeCDBx6WP6HP,13,0.5916666666666667,False,16,17
iDMSsFeCDBx6WP6HP,14,0.625,False,16,17
iDMSsFeCDBx6WP6HP,15,0.6375000000000001,False,16,17
iDMSsFeCDBx6WP6HP,16,0.6166666666666667,False,16,17
iLiiPwTLDTLQvdbxP,0,0.6833333333333333,True,15,16
iLiiPwTLDTLQvdbxP,1,0.71875,True,15,16
iLiiPwTLDTLQvdbxP,2,0.75,True,15,16
iLiiPwTLDTLQvdbxP,3,0.7375,True,15,16
iLiiPwTLDTLQvdbxP,4,0.6428571428571429,True,15,16
iLiiPwTLDTLQvdbxP,5,0.6357142857142858,True,15,16
iLiiPwTLDTLQvdbxP,6,0.7142857142857143,True,15,16
iLiiPwTLDTLQvdbxP,7,0.6428571428571429,True,15,16
iLiiPwTLDTLQvdbxP,8,0.6428571428571429,True,15,16
iLiiPwTLDTLQvdbxP,9,0.6428571428571429,True,15,16
iLiiPwTLDTLQvdbxP,10,0.6428571428571429,True,15,16
iLiiPwTLDTLQvdbxP,11,0.5785714285714285,True,15,16
iLiiPwTLDTLQvdbxP,12,0.6357142857142858,True,15,16
iLiiPwTLDTLQvdbxP,13,0.6428571428571429,True,15,16
iLiiPwTLDTLQvdbxP,14,0.7142857142857143,True,15,16
iLiiPwTLDTLQvdbxP,15,0.4642857142857143,True,15,16
iLnKf85gLSfcDA927,0,0.5,False,14,15
iLnKf85gLSfcDA927,1,0.5,False,14,15
iLnKf85gLSfcDA927,2,0.25,False,14,15
iLnKf85gLSfcDA927,3,0.5,False,14,15
iLnKf85gLSfcDA927,4,0.5,False,14,15
iLnKf85gLSfcDA927,5,0.25,False,14,15
iLnKf85gLSfcDA927,6,0.5,False,14,15
iLnKf85gLSfcDA927,7,0.25,False,14,15
iLnKf85gLSfcDA927,8,0.25,False,14,15
iLnKf85gLSfcDA927,9,0.5,False,14,15
iLnKf85gLSfcDA927,10,0.25,False,14,15
iLnKf85gLSfcDA927,11,0.25,False,14,15
iLnKf85gLSfcDA927,12,0.0,False,14,15
iLnKf85gLSfcDA927,13,0.25,False,14,15
iLnKf85gLSfcDA927,14,0.0,False,14,15
iNwbahGpEc3NWtqC9,0,0.75,False,10,11
iNwbahGpEc3NWtqC9,1,0.7566666666666666,False,10,11
iNwbahGpEc3NWtqC9,2,0.7233333333333333,False,10,11
iNwbahGpEc3NWtqC9,3,0.6466666666666666,False,10,11
iNwbahGpEc3NWtqC9,4,0.7433333333333334,False,10,11
iNwbahGpEc3NWtqC9,5,0.6533333333333334,False,10,11
iNwbahGpEc3NWtqC9,6,0.7857142857142857,False,10,11
iNwbahGpEc3NWtqC9,7,0.7285714285714285,False,10,11
iNwbahGpEc3NWtqC9,8,0.7892857142857144,False,10,11
iNwbahGpEc3NWtqC9,9,0.7392857142857142,False,10,11
iNwbahGpEc3NWtqC9,10,0.9107142857142857,False,10,11
ibpbDm8GAaByGZidG,0,0.75,True,2,3
ibpbDm8GAaByGZidG,1,0.85,True,2,3
ibpbDm8GAaByGZidG,2,1.0,True,2,3
ieZ6xDJofJsTcQy7G,0,0.6923076923076923,False,4,5
ieZ6xDJofJsTcQy7G,1,0.6923076923076923,False,4,5
ieZ6xDJofJsTcQy7G,2,0.6923076923076923,False,4,5
ieZ6xDJofJsTcQy7G,3,0.6923076923076923,False,4,5
ieZ6xDJofJsTcQy7G,4,0.8461538461538461,False,4,5
ipCdsovJ8AkDWFFe2,0,0.8,True,22,23
ipCdsovJ8AkDWFFe2,1,1.0,True,22,23
ipCdsovJ8AkDWFFe2,2,1.0,True,22,23
ipCdsovJ8AkDWFFe2,3,1.0,True,22,23
ipCdsovJ8AkDWFFe2,4,1.0,True,22,23
ipCdsovJ8AkDWFFe2,5,1.0,True,22,23
ipCdsovJ8AkDWFFe2,6,1.0,True,22,23
ipCdsovJ8AkDWFFe2,7,1.0,True,22,23
ipCdsovJ8AkDWFFe2,8,1.0,True,22,23
ipCdsovJ8AkDWFFe2,9,1.0,True,22,23
ipCdsovJ8AkDWFFe2,10,1.0,True,22,23
ipCdsovJ8AkDWFFe2,11,0.8,True,22,23
ipCdsovJ8AkDWFFe2,12,0.8,True,22,23
ipCdsovJ8AkDWFFe2,13,0.8,True,22,23
ipCdsovJ8AkDWFFe2,14,0.6,True,22,23
ipCdsovJ8AkDWFFe2,15,0.8,True,22,23
ipCdsovJ8AkDWFFe2,16,0.6,True,22,23
ipCdsovJ8AkDWFFe2,17,0.8,True,22,23
ipCdsovJ8AkDWFFe2,18,0.8,True,22,23
ipCdsovJ8AkDWFFe2,19,0.6,True,22,23
ipCdsovJ8AkDWFFe2,20,0.6,True,22,23
ipCdsovJ8AkDWFFe2,21,0.6,True,22,23
ipCdsovJ8AkDWFFe2,22,0.6,True,22,23
iwtEFKBW9YdZHuJwT,0,0.47500000000000003,False,24,25
iwtEFKBW9YdZHuJwT,1,0.39999999999999997,False,24,25
iwtEFKBW9YdZHuJwT,2,0.425,False,24,25
iwtEFKBW9YdZHuJwT,3,0.4166666666666667,False,24,25
iwtEFKBW9YdZHuJwT,4,0.4166666666666667,False,24,25
iwtEFKBW9YdZHuJwT,5,0.5083333333333333,False,24,25
iwtEFKBW9YdZHuJwT,6,0.5833333333333334,False,24,25
iwtEFKBW9YdZHuJwT,7,0.6166666666666667,False,24,25
iwtEFKBW9YdZHuJwT,8,0.5833333333333334,False,24,25
iwtEFKBW9YdZHuJwT,9,0.5,False,24,25
iwtEFKBW9YdZHuJwT,10,0.4166666666666667,False,24,25
iwtEFKBW9YdZHuJwT,11,0.35000000000000003,False,24,25
iwtEFKBW9YdZHuJwT,12,0.47500000000000003,False,24,25
iwtEFKBW9YdZHuJwT,13,0.525,False,24,25
iwtEFKBW9YdZHuJwT,14,0.425,False,24,25
iwtEFKBW9YdZHuJwT,15,0.39999999999999997,False,24,25
iwtEFKBW9YdZHuJwT,16,0.39166666666666666,False,24,25
iwtEFKBW9YdZHuJwT,17,0.3333333333333333,False,24,25
iwtEFKBW9YdZHuJwT,18,0.26666666666666666,False,24,25
iwtEFKBW9YdZHuJwT,19,0.3,False,24,25
iwtEFKBW9YdZHuJwT,20,0.3416666666666666,False,24,25
iwtEFKBW9YdZHuJwT,21,0.2833333333333334,False,24,25
iwtEFKBW9YdZHuJwT,22,0.30833333333333335,False,24,25
iwtEFKBW9YdZHuJwT,23,0.26666666666666666,False,24,25
iwtEFKBW9YdZHuJwT,24,0.4166666666666667,False,24,25
j6QdPpNdHmZBpECWo,0,0.6666666666666666,True,19,20
j6QdPpNdHmZBpECWo,1,1.0,True,19,20
j6QdPpNdHmZBpECWo,2,1.0,True,19,20
j6QdPpNdHmZBpECWo,3,1.0,True,19,20
j6QdPpNdHmZBpECWo,4,1.0,True,19,20
j6QdPpNdHmZBpECWo,5,1.0,True,19,20
j6QdPpNdHmZBpECWo,6,1.0,True,19,20
j6QdPpNdHmZBpECWo,7,1.0,True,19,20
j6QdPpNdHmZBpECWo,8,1.0,True,19,20
j6QdPpNdHmZBpECWo,9,1.0,True,19,20
j6QdPpNdHmZBpECWo,10,1.0,True,19,20
j6QdPpNdHmZBpECWo,11,1.0,True,19,20
j6QdPpNdHmZBpECWo,12,1.0,True,19,20
j6QdPpNdHmZBpECWo,13,1.0,True,19,20
j6QdPpNdHmZBpECWo,14,1.0,True,19,20
j6QdPpNdHmZBpECWo,15,1.0,True,19,20
j6QdPpNdHmZBpECWo,16,1.0,True,19,20
j6QdPpNdHmZBpECWo,17,1.0,True,19,20
j6QdPpNdHmZBpECWo,18,1.0,True,19,20
j6QdPpNdHmZBpECWo,19,0.6666666666666666,True,19,20
jENb7dvRN9uoAuQzu,0,0.8125,True,17,18
jENb7dvRN9uoAuQzu,1,0.9375,True,17,18
jENb7dvRN9uoAuQzu,2,0.9375,True,17,18
jENb7dvRN9uoAuQzu,3,1.0,True,17,18
jENb7dvRN9uoAuQzu,4,1.0,True,17,18
jENb7dvRN9uoAuQzu,5,1.0,True,17,18
jENb7dvRN9uoAuQzu,6,1.0,True,17,18
jENb7dvRN9uoAuQzu,7,1.0,True,17,18
jENb7dvRN9uoAuQzu,8,1.0,True,17,18
jENb7dvRN9uoAuQzu,9,1.0,True,17,18
jENb7dvRN9uoAuQzu,10,1.0,True,17,18
jENb7dvRN9uoAuQzu,11,1.0,True,17,18
jENb7dvRN9uoAuQzu,12,1.0,True,17,18
jENb7dvRN9uoAuQzu,13,1.0,True,17,18
jENb7dvRN9uoAuQzu,14,1.0,True,17,18
jENb7dvRN9uoAuQzu,15,1.0,True,17,18
jENb7dvRN9uoAuQzu,16,1.0,True,17,18
jENb7dvRN9uoAuQzu,17,1.0,True,17,18
jH5FDskgzuCBuoBAv,0,0.5888888888888889,False,11,12
jH5FDskgzuCBuoBAv,1,0.6235294117647059,False,11,12
jH5FDskgzuCBuoBAv,2,0.5411764705882353,False,11,12
jH5FDskgzuCBuoBAv,3,0.684375,False,11,12
jH5FDskgzuCBuoBAv,4,0.665625,False,11,12
jH5FDskgzuCBuoBAv,5,0.659375,False,11,12
jH5FDskgzuCBuoBAv,6,0.628125,False,11,12
jH5FDskgzuCBuoBAv,7,0.590625,False,11,12
jH5FDskgzuCBuoBAv,8,0.684375,False,11,12
jH5FDskgzuCBuoBAv,9,0.68125,False,11,12
jH5FDskgzuCBuoBAv,10,0.65625,False,11,12
jH5FDskgzuCBuoBAv,11,0.653125,False,11,12
jXTKZ6uDWEMnDxfBm,0,0.85,False,4,5
jXTKZ6uDWEMnDxfBm,1,0.9,False,4,5
jXTKZ6uDWEMnDxfBm,2,0.9,False,4,5
jXTKZ6uDWEMnDxfBm,3,0.85,False,4,5
jXTKZ6uDWEMnDxfBm,4,0.9,False,4,5
joud4ovCsZErt3f4G,0,0.8125,True,11,12
joud4ovCsZErt3f4G,1,0.7,True,11,12
joud4ovCsZErt3f4G,2,0.5375,True,11,12
joud4ovCsZErt3f4G,3,0.5,True,11,12
joud4ovCsZErt3f4G,4,0.5,True,11,12
joud4ovCsZErt3f4G,5,0.4,True,11,12
joud4ovCsZErt3f4G,6,0.5625,True,11,12
joud4ovCsZErt3f4G,7,0.675,True,11,12
joud4ovCsZErt3f4G,8,0.65,True,11,12
joud4ovCsZErt3f4G,9,0.55,True,11,12
joud4ovCsZErt3f4G,10,0.625,True,11,12
joud4ovCsZErt3f4G,11,0.6125,True,11,12
k2vfubE2hWC33SD5B,0,0.3666666666666667,True,26,27
k2vfubE2hWC33SD5B,1,0.5166666666666667,True,26,27
k2vfubE2hWC33SD5B,2,0.35000000000000003,True,26,27
k2vfubE2hWC33SD5B,3,0.35000000000000003,True,26,27
k2vfubE2hWC33SD5B,4,0.5,True,26,27
k2vfubE2hWC33SD5B,5,0.5,True,26,27
k2vfubE2hWC33SD5B,6,0.18333333333333335,True,26,27
k2vfubE2hWC33SD5B,7,0.2333333333333333,True,26,27
k2vfubE2hWC33SD5B,8,0.35000000000000003,True,26,27
k2vfubE2hWC33SD5B,9,0.11666666666666665,True,26,27
k2vfubE2hWC33SD5B,10,0.16666666666666666,True,26,27
k2vfubE2hWC33SD5B,11,0.31666666666666665,True,26,27
k2vfubE2hWC33SD5B,12,0.5,True,26,27
k2vfubE2hWC33SD5B,13,0.26666666666666666,True,26,27
k2vfubE2hWC33SD5B,14,0.11666666666666665,True,26,27
k2vfubE2hWC33SD5B,15,0.26666666666666666,True,26,27
k2vfubE2hWC33SD5B,16,0.3,True,26,27
k2vfubE2hWC33SD5B,17,0.35000000000000003,True,26,27
k2vfubE2hWC33SD5B,18,0.45,True,26,27
k2vfubE2hWC33SD5B,19,0.3166666666666667,True,26,27
k2vfubE2hWC33SD5B,20,0.3833333333333333,True,26,27
k2vfubE2hWC33SD5B,21,0.4666666666666666,True,26,27
k2vfubE2hWC33SD5B,22,0.5,True,26,27
k2vfubE2hWC33SD5B,23,0.8333333333333334,True,26,27
k2vfubE2hWC33SD5B,24,0.6666666666666666,True,26,27
k2vfubE2hWC33SD5B,25,0.45,True,26,27
k2vfubE2hWC33SD5B,26,0.5333333333333333,True,26,27
k3B7FXdku4CJF6hPH,0,0.72,True,16,17
k3B7FXdku4CJF6hPH,1,0.54,True,16,17
k3B7FXdku4CJF6hPH,2,0.7,True,16,17
k3B7FXdku4CJF6hPH,3,0.8,True,16,17
k3B7FXdku4CJF6hPH,4,1.0,True,16,17
k3B7FXdku4CJF6hPH,5,1.0,True,16,17
k3B7FXdku4CJF6hPH,6,1.0,True,16,17
k3B7FXdku4CJF6hPH,7,1.0,True,16,17
k3B7FXdku4CJF6hPH,8,1.0,True,16,17
k3B7FXdku4CJF6hPH,9,1.0,True,16,17
k3B7FXdku4CJF6hPH,10,1.0,True,16,17
k3B7FXdku4CJF6hPH,11,1.0,True,16,17
k3B7FXdku4CJF6hPH,12,1.0,True,16,17
k3B7FXdku4CJF6hPH,13,1.0,True,16,17
k3B7FXdku4CJF6hPH,14,1.0,True,16,17
k3B7FXdku4CJF6hPH,15,1.0,True,16,17
k3B7FXdku4CJF6hPH,16,1.0,True,16,17
k3hqndZ6cSsaer4Gx,0,0.7272727272727273,False,8,9
k3hqndZ6cSsaer4Gx,1,0.7272727272727273,False,8,9
k3hqndZ6cSsaer4Gx,2,0.5454545454545454,False,8,9
k3hqndZ6cSsaer4Gx,3,0.45454545454545453,False,8,9
k3hqndZ6cSsaer4Gx,4,0.5454545454545454,False,8,9
k3hqndZ6cSsaer4Gx,5,0.45454545454545453,False,8,9
k3hqndZ6cSsaer4Gx,6,0.6363636363636364,False,8,9
k3hqndZ6cSsaer4Gx,7,0.5454545454545454,False,8,9
k3hqndZ6cSsaer4Gx,8,0.6363636363636364,False,8,9
kCfoC2BBKvFv9xgMT,0,0.6785714285714286,True,21,22
kCfoC2BBKvFv9xgMT,1,0.9642857142857143,True,21,22
kCfoC2BBKvFv9xgMT,2,0.9285714285714286,True,21,22
kCfoC2BBKvFv9xgMT,3,1.0,True,21,22
kCfoC2BBKvFv9xgMT,4,0.9615384615384616,True,21,22
kCfoC2BBKvFv9xgMT,5,0.9230769230769231,True,21,22
kCfoC2BBKvFv9xgMT,6,0.8461538461538461,True,21,22
kCfoC2BBKvFv9xgMT,7,0.9615384615384616,True,21,22
kCfoC2BBKvFv9xgMT,8,1.0,True,21,22
kCfoC2BBKvFv9xgMT,9,1.0,True,21,22
kCfoC2BBKvFv9xgMT,10,0.9230769230769231,True,21,22
kCfoC2BBKvFv9xgMT,11,0.9230769230769231,True,21,22
kCfoC2BBKvFv9xgMT,12,0.8461538461538461,True,21,22
kCfoC2BBKvFv9xgMT,13,0.9230769230769231,True,21,22
kCfoC2BBKvFv9xgMT,14,0.8461538461538461,True,21,22
kCfoC2BBKvFv9xgMT,15,0.9230769230769231,True,21,22
kCfoC2BBKvFv9xgMT,16,0.8461538461538461,True,21,22
kCfoC2BBKvFv9xgMT,17,0.9230769230769231,True,21,22
kCfoC2BBKvFv9xgMT,18,0.9230769230769231,True,21,22
kCfoC2BBKvFv9xgMT,19,0.9230769230769231,True,21,22
kCfoC2BBKvFv9xgMT,20,0.9230769230769231,True,21,22
kCfoC2BBKvFv9xgMT,21,1.0,True,21,22
kDwKAMKhHHTiQ4GtS,0,0.9230769230769231,True,4,5
kDwKAMKhHHTiQ4GtS,1,0.9230769230769231,True,4,5
kDwKAMKhHHTiQ4GtS,2,0.9230769230769231,True,4,5
kDwKAMKhHHTiQ4GtS,3,1.0,True,4,5
kDwKAMKhHHTiQ4GtS,4,0.7692307692307693,True,4,5
kh7arKjP2TXrx7HwY,0,0.875,True,13,14
kh7arKjP2TXrx7HwY,1,0.875,True,13,14
kh7arKjP2TXrx7HwY,2,1.0,True,13,14
kh7arKjP2TXrx7HwY,3,1.0,True,13,14
kh7arKjP2TXrx7HwY,4,1.0,True,13,14
kh7arKjP2TXrx7HwY,5,0.875,True,13,14
kh7arKjP2TXrx7HwY,6,0.875,True,13,14
kh7arKjP2TXrx7HwY,7,0.875,True,13,14
kh7arKjP2TXrx7HwY,8,0.875,True,13,14
kh7arKjP2TXrx7HwY,9,0.875,True,13,14
kh7arKjP2TXrx7HwY,10,0.875,True,13,14
kh7arKjP2TXrx7HwY,11,0.875,True,13,14
kh7arKjP2TXrx7HwY,12,1.0,True,13,14
kh7arKjP2TXrx7HwY,13,1.0,True,13,14
kkq2yMRvPrbveSz7b,0,0.5852941176470587,True,26,27
kkq2yMRvPrbveSz7b,1,0.8941176470588235,True,26,27
kkq2yMRvPrbveSz7b,2,0.9411764705882353,True,26,27
kkq2yMRvPrbveSz7b,3,0.9411764705882353,True,26,27
kkq2yMRvPrbveSz7b,4,1.0,True,26,27
kkq2yMRvPrbveSz7b,5,1.0,True,26,27
kkq2yMRvPrbveSz7b,6,1.0,True,26,27
kkq2yMRvPrbveSz7b,7,1.0,True,26,27
kkq2yMRvPrbveSz7b,8,0.8823529411764706,True,26,27
kkq2yMRvPrbveSz7b,9,1.0,True,26,27
kkq2yMRvPrbveSz7b,10,1.0,True,26,27
kkq2yMRvPrbveSz7b,11,0.96875,True,26,27
kkq2yMRvPrbveSz7b,12,1.0,True,26,27
kkq2yMRvPrbveSz7b,13,1.0,True,26,27
kkq2yMRvPrbveSz7b,14,1.0,True,26,27
kkq2yMRvPrbveSz7b,15,1.0,True,26,27
kkq2yMRvPrbveSz7b,16,1.0,True,26,27
kkq2yMRvPrbveSz7b,17,1.0,True,26,27
kkq2yMRvPrbveSz7b,18,1.0,True,26,27
kkq2yMRvPrbveSz7b,19,1.0,True,26,27
kkq2yMRvPrbveSz7b,20,1.0,True,26,27
kkq2yMRvPrbveSz7b,21,1.0,True,26,27
kkq2yMRvPrbveSz7b,22,0.9375,True,26,27
kkq2yMRvPrbveSz7b,23,1.0,True,26,27
kkq2yMRvPrbveSz7b,24,1.0,True,26,27
kkq2yMRvPrbveSz7b,25,1.0,True,26,27
kkq2yMRvPrbveSz7b,26,1.0,True,26,27
m6KXjmpPzvMmmmKFZ,0,0.8,False,16,17
m6KXjmpPzvMmmmKFZ,1,0.7857142857142857,False,16,17
m6KXjmpPzvMmmmKFZ,2,0.7857142857142857,False,16,17
m6KXjmpPzvMmmmKFZ,3,0.9285714285714286,False,16,17
m6KXjmpPzvMmmmKFZ,4,0.8571428571428571,False,16,17
m6KXjmpPzvMmmmKFZ,5,0.7857142857142857,False,16,17
m6KXjmpPzvMmmmKFZ,6,0.7857142857142857,False,16,17
m6KXjmpPzvMmmmKFZ,7,0.7857142857142857,False,16,17
m6KXjmpPzvMmmmKFZ,8,0.8571428571428571,False,16,17
m6KXjmpPzvMmmmKFZ,9,0.9285714285714286,False,16,17
m6KXjmpPzvMmmmKFZ,10,0.8571428571428571,False,16,17
m6KXjmpPzvMmmmKFZ,11,0.9285714285714286,False,16,17
m6KXjmpPzvMmmmKFZ,12,0.7857142857142857,False,16,17
m6KXjmpPzvMmmmKFZ,13,0.7142857142857143,False,16,17
m6KXjmpPzvMmmmKFZ,14,0.7857142857142857,False,16,17
m6KXjmpPzvMmmmKFZ,15,0.6428571428571429,False,16,17
m6KXjmpPzvMmmmKFZ,16,0.5,False,16,17
m79aZXA4GFZYbdAY4,0,0.9,False,18,19
m79aZXA4GFZYbdAY4,1,1.0,False,18,19
m79aZXA4GFZYbdAY4,2,1.0,False,18,19
m79aZXA4GFZYbdAY4,3,1.0,False,18,19
m79aZXA4GFZYbdAY4,4,0.8,False,18,19
m79aZXA4GFZYbdAY4,5,1.0,False,18,19
m79aZXA4GFZYbdAY4,6,0.9,False,18,19
m79aZXA4GFZYbdAY4,7,0.8,False,18,19
m79aZXA4GFZYbdAY4,8,1.0,False,18,19
m79aZXA4GFZYbdAY4,9,1.0,False,18,19
m79aZXA4GFZYbdAY4,10,1.0,False,18,19
m79aZXA4GFZYbdAY4,11,1.0,False,18,19
m79aZXA4GFZYbdAY4,12,0.8,False,18,19
m79aZXA4GFZYbdAY4,13,0.9,False,18,19
m79aZXA4GFZYbdAY4,14,0.9,False,18,19
m79aZXA4GFZYbdAY4,15,1.0,False,18,19
m79aZXA4GFZYbdAY4,16,1.0,False,18,19
m79aZXA4GFZYbdAY4,17,1.0,False,18,19
m79aZXA4GFZYbdAY4,18,1.0,False,18,19
mJNRmfWJDaamnzwTd,0,1.0,True,22,23
mJNRmfWJDaamnzwTd,1,1.0,True,22,23
mJNRmfWJDaamnzwTd,2,1.0,True,22,23
mJNRmfWJDaamnzwTd,3,1.0,True,22,23
mJNRmfWJDaamnzwTd,4,1.0,True,22,23
mJNRmfWJDaamnzwTd,5,1.0,True,22,23
mJNRmfWJDaamnzwTd,6,1.0,True,22,23
mJNRmfWJDaamnzwTd,7,1.0,True,22,23
mJNRmfWJDaamnzwTd,8,1.0,True,22,23
mJNRmfWJDaamnzwTd,9,1.0,True,22,23
mJNRmfWJDaamnzwTd,10,1.0,True,22,23
mJNRmfWJDaamnzwTd,11,1.0,True,22,23
mJNRmfWJDaamnzwTd,12,1.0,True,22,23
mJNRmfWJDaamnzwTd,13,1.0,True,22,23
mJNRmfWJDaamnzwTd,14,1.0,True,22,23
mJNRmfWJDaamnzwTd,15,1.0,True,22,23
mJNRmfWJDaamnzwTd,16,0.8,True,22,23
mJNRmfWJDaamnzwTd,17,1.0,True,22,23
mJNRmfWJDaamnzwTd,18,1.0,True,22,23
mJNRmfWJDaamnzwTd,19,0.8,True,22,23
mJNRmfWJDaamnzwTd,20,1.0,True,22,23
mJNRmfWJDaamnzwTd,21,0.8,True,22,23
mJNRmfWJDaamnzwTd,22,0.6,True,22,23
mTL2sm4xW7z3kXTTn,0,0.55,True,16,17
mTL2sm4xW7z3kXTTn,1,0.4875,True,16,17
mTL2sm4xW7z3kXTTn,2,0.6625,True,16,17
mTL2sm4xW7z3kXTTn,3,0.6375,True,16,17
mTL2sm4xW7z3kXTTn,4,0.6875,True,16,17
mTL2sm4xW7z3kXTTn,5,0.6875,True,16,17
mTL2sm4xW7z3kXTTn,6,0.95,True,16,17
mTL2sm4xW7z3kXTTn,7,0.75,True,16,17
mTL2sm4xW7z3kXTTn,8,0.75,True,16,17
mTL2sm4xW7z3kXTTn,9,0.75,True,16,17
mTL2sm4xW7z3kXTTn,10,0.5,True,16,17
mTL2sm4xW7z3kXTTn,11,0.75,True,16,17
mTL2sm4xW7z3kXTTn,12,0.75,True,16,17
mTL2sm4xW7z3kXTTn,13,0.75,True,16,17
mTL2sm4xW7z3kXTTn,14,0.75,True,16,17
mTL2sm4xW7z3kXTTn,15,0.75,True,16,17
mTL2sm4xW7z3kXTTn,16,0.75,True,16,17
mYBkJpTk2wbXYs7xE,0,0.5714285714285714,False,23,24
mYBkJpTk2wbXYs7xE,1,0.5,False,23,24
mYBkJpTk2wbXYs7xE,2,0.3333333333333333,False,23,24
mYBkJpTk2wbXYs7xE,3,0.5,False,23,24
mYBkJpTk2wbXYs7xE,4,0.3333333333333333,False,23,24
mYBkJpTk2wbXYs7xE,5,0.6666666666666666,False,23,24
mYBkJpTk2wbXYs7xE,6,0.6666666666666666,False,23,24
mYBkJpTk2wbXYs7xE,7,0.8333333333333334,False,23,24
mYBkJpTk2wbXYs7xE,8,0.6666666666666666,False,23,24
mYBkJpTk2wbXYs7xE,9,0.3333333333333333,False,23,24
mYBkJpTk2wbXYs7xE,10,0.5,False,23,24
mYBkJpTk2wbXYs7xE,11,0.5,False,23,24
mYBkJpTk2wbXYs7xE,12,0.3333333333333333,False,23,24
mYBkJpTk2wbXYs7xE,13,0.8333333333333334,False,23,24
mYBkJpTk2wbXYs7xE,14,0.5,False,23,24
mYBkJpTk2wbXYs7xE,15,0.5,False,23,24
mYBkJpTk2wbXYs7xE,16,0.8333333333333334,False,23,24
mYBkJpTk2wbXYs7xE,17,0.5,False,23,24
mYBkJpTk2wbXYs7xE,18,0.3333333333333333,False,23,24
mYBkJpTk2wbXYs7xE,19,0.5,False,23,24
mYBkJpTk2wbXYs7xE,20,0.5,False,23,24
mYBkJpTk2wbXYs7xE,21,0.5,False,23,24
mYBkJpTk2wbXYs7xE,22,0.5,False,23,24
mYBkJpTk2wbXYs7xE,23,0.5,False,23,24
mgmQxmdCniYLRAkeA,0,0.8055555555555556,False,26,27
mgmQxmdCniYLRAkeA,1,0.7583333333333333,False,26,27
mgmQxmdCniYLRAkeA,2,0.9166666666666666,False,26,27
mgmQxmdCniYLRAkeA,3,0.8777777777777778,False,26,27
mgmQxmdCniYLRAkeA,4,0.9323529411764706,False,26,27
mgmQxmdCniYLRAkeA,5,0.9147058823529413,False,26,27
mgmQxmdCniYLRAkeA,6,0.8529411764705882,False,26,27
mgmQxmdCniYLRAkeA,7,0.9411764705882353,False,26,27
mgmQxmdCniYLRAkeA,8,0.9823529411764705,False,26,27
mgmQxmdCniYLRAkeA,9,0.9941176470588234,False,26,27
mgmQxmdCniYLRAkeA,10,1.0,False,26,27
mgmQxmdCniYLRAkeA,11,0.984375,False,26,27
mgmQxmdCniYLRAkeA,12,0.990625,False,26,27
mgmQxmdCniYLRAkeA,13,0.9733333333333333,False,26,27
mgmQxmdCniYLRAkeA,14,0.9566666666666667,False,26,27
mgmQxmdCniYLRAkeA,15,0.9299999999999999,False,26,27
mgmQxmdCniYLRAkeA,16,0.9233333333333333,False,26,27
mgmQxmdCniYLRAkeA,17,0.9666666666666667,False,26,27
mgmQxmdCniYLRAkeA,18,0.9333333333333333,False,26,27
mgmQxmdCniYLRAkeA,19,0.95,False,26,27
mgmQxmdCniYLRAkeA,20,0.9666666666666667,False,26,27
mgmQxmdCniYLRAkeA,21,0.99,False,26,27
mgmQxmdCniYLRAkeA,22,0.9700000000000001,False,26,27
mgmQxmdCniYLRAkeA,23,0.9666666666666667,False,26,27
mgmQxmdCniYLRAkeA,24,0.9833333333333333,False,26,27
mgmQxmdCniYLRAkeA,25,0.99,False,26,27
mgmQxmdCniYLRAkeA,26,0.9966666666666666,False,26,27
mv64fBxLLWpniptwg,0,0.7333333333333333,True,29,30
mv64fBxLLWpniptwg,1,1.0,True,29,30
mv64fBxLLWpniptwg,2,1.0,True,29,30
mv64fBxLLWpniptwg,3,1.0,True,29,30
mv64fBxLLWpniptwg,4,0.9333333333333333,True,29,30
mv64fBxLLWpniptwg,5,1.0,True,29,30
mv64fBxLLWpniptwg,6,1.0,True,29,30
mv64fBxLLWpniptwg,7,0.9333333333333333,True,29,30
mv64fBxLLWpniptwg,8,1.0,True,29,30
mv64fBxLLWpniptwg,9,1.0,True,29,30
mv64fBxLLWpniptwg,10,1.0,True,29,30
mv64fBxLLWpniptwg,11,1.0,True,29,30
mv64fBxLLWpniptwg,12,1.0,True,29,30
mv64fBxLLWpniptwg,13,1.0,True,29,30
mv64fBxLLWpniptwg,14,0.9333333333333333,True,29,30
mv64fBxLLWpniptwg,15,1.0,True,29,30
mv64fBxLLWpniptwg,16,1.0,True,29,30
mv64fBxLLWpniptwg,17,1.0,True,29,30
mv64fBxLLWpniptwg,18,1.0,True,29,30
mv64fBxLLWpniptwg,19,1.0,True,29,30
mv64fBxLLWpniptwg,20,1.0,True,29,30
mv64fBxLLWpniptwg,21,0.9333333333333333,True,29,30
mv64fBxLLWpniptwg,22,1.0,True,29,30
mv64fBxLLWpniptwg,23,1.0,True,29,30
mv64fBxLLWpniptwg,24,1.0,True,29,30
mv64fBxLLWpniptwg,25,1.0,True,29,30
mv64fBxLLWpniptwg,26,1.0,True,29,30
mv64fBxLLWpniptwg,27,1.0,True,29,30
mv64fBxLLWpniptwg,28,1.0,True,29,30
mv64fBxLLWpniptwg,29,1.0,True,29,30
mvL3NN2JMMeuEsjeW,0,0.8142857142857143,False,2,3
mvL3NN2JMMeuEsjeW,1,0.6642857142857144,False,2,3
mvL3NN2JMMeuEsjeW,2,0.5214285714285715,False,2,3
n6NSi97NRys5B34oj,0,0.5384615384615384,False,4,5
n6NSi97NRys5B34oj,1,0.38461538461538464,False,4,5
n6NSi97NRys5B34oj,2,0.5384615384615384,False,4,5
n6NSi97NRys5B34oj,3,0.46153846153846156,False,4,5
n6NSi97NRys5B34oj,4,0.5384615384615384,False,4,5
nDdpHoeAnBRZw8ZGk,0,0.631578947368421,True,13,14
nDdpHoeAnBRZw8ZGk,1,0.8235294117647058,True,13,14
nDdpHoeAnBRZw8ZGk,2,0.8823529411764706,True,13,14
nDdpHoeAnBRZw8ZGk,3,0.8235294117647058,True,13,14
nDdpHoeAnBRZw8ZGk,4,0.9411764705882353,True,13,14
nDdpHoeAnBRZw8ZGk,5,1.0,True,13,14
nDdpHoeAnBRZw8ZGk,6,1.0,True,13,14
nDdpHoeAnBRZw8ZGk,7,1.0,True,13,14
nDdpHoeAnBRZw8ZGk,8,1.0,True,13,14
nDdpHoeAnBRZw8ZGk,9,1.0,True,13,14
nDdpHoeAnBRZw8ZGk,10,1.0,True,13,14
nDdpHoeAnBRZw8ZGk,11,1.0,True,13,14
nDdpHoeAnBRZw8ZGk,12,1.0,True,13,14
nDdpHoeAnBRZw8ZGk,13,1.0,True,13,14
nXMoDge4iDeRJenkz,0,0.85,False,26,27
nXMoDge4iDeRJenkz,1,0.9400000000000001,False,26,27
nXMoDge4iDeRJenkz,2,1.0,False,26,27
nXMoDge4iDeRJenkz,3,1.0,False,26,27
nXMoDge4iDeRJenkz,4,1.0,False,26,27
nXMoDge4iDeRJenkz,5,1.0,False,26,27
nXMoDge4iDeRJenkz,6,1.0,False,26,27
nXMoDge4iDeRJenkz,7,0.8,False,26,27
nXMoDge4iDeRJenkz,8,0.9,False,26,27
nXMoDge4iDeRJenkz,9,0.6,False,26,27
nXMoDge4iDeRJenkz,10,0.9,False,26,27
nXMoDge4iDeRJenkz,11,0.9,False,26,27
nXMoDge4iDeRJenkz,12,0.9,False,26,27
nXMoDge4iDeRJenkz,13,0.7,False,26,27
nXMoDge4iDeRJenkz,14,0.3,False,26,27
nXMoDge4iDeRJenkz,15,0.6,False,26,27
nXMoDge4iDeRJenkz,16,0.5,False,26,27
nXMoDge4iDeRJenkz,17,0.5,False,26,27
nXMoDge4iDeRJenkz,18,0.2,False,26,27
nXMoDge4iDeRJenkz,19,0.4,False,26,27
nXMoDge4iDeRJenkz,20,0.3,False,26,27
nXMoDge4iDeRJenkz,21,0.49000000000000005,False,26,27
nXMoDge4iDeRJenkz,22,0.49000000000000005,False,26,27
nXMoDge4iDeRJenkz,23,0.27999999999999997,False,26,27
nXMoDge4iDeRJenkz,24,0.26,False,26,27
nXMoDge4iDeRJenkz,25,0.55,False,26,27
nXMoDge4iDeRJenkz,26,0.6799999999999999,False,26,27
nYdckEbzqQxHPSWrL,0,0.7222222222222222,False,28,29
nYdckEbzqQxHPSWrL,1,0.625,False,28,29
nYdckEbzqQxHPSWrL,2,0.8125,False,28,29
nYdckEbzqQxHPSWrL,3,0.7333333333333333,False,28,29
nYdckEbzqQxHPSWrL,4,0.6,False,28,29
nYdckEbzqQxHPSWrL,5,0.7857142857142857,False,28,29
nYdckEbzqQxHPSWrL,6,0.5714285714285714,False,28,29
nYdckEbzqQxHPSWrL,7,0.5714285714285714,False,28,29
nYdckEbzqQxHPSWrL,8,0.9285714285714286,False,28,29
nYdckEbzqQxHPSWrL,9,0.8571428571428571,False,28,29
nYdckEbzqQxHPSWrL,10,0.8571428571428571,False,28,29
nYdckEbzqQxHPSWrL,11,0.7142857142857143,False,28,29
nYdckEbzqQxHPSWrL,12,0.7857142857142857,False,28,29
nYdckEbzqQxHPSWrL,13,0.7142857142857143,False,28,29
nYdckEbzqQxHPSWrL,14,0.7857142857142857,False,28,29
nYdckEbzqQxHPSWrL,15,0.6428571428571429,False,28,29
nYdckEbzqQxHPSWrL,16,0.8461538461538461,False,28,29
nYdckEbzqQxHPSWrL,17,0.7692307692307693,False,28,29
nYdckEbzqQxHPSWrL,18,0.8461538461538461,False,28,29
nYdckEbzqQxHPSWrL,19,0.7692307692307693,False,28,29
nYdckEbzqQxHPSWrL,20,0.7692307692307693,False,28,29
nYdckEbzqQxHPSWrL,21,0.6923076923076923,False,28,29
nYdckEbzqQxHPSWrL,22,0.7692307692307693,False,28,29
nYdckEbzqQxHPSWrL,23,0.6923076923076923,False,28,29
nYdckEbzqQxHPSWrL,24,0.7692307692307693,False,28,29
nYdckEbzqQxHPSWrL,25,0.7692307692307693,False,28,29
nYdckEbzqQxHPSWrL,26,0.6923076923076923,False,28,29
nYdckEbzqQxHPSWrL,27,0.6923076923076923,False,28,29
nYdckEbzqQxHPSWrL,28,0.6153846153846154,False,28,29
nw9utR2xKSBHTk6zd,0,0.8,True,13,14
nw9utR2xKSBHTk6zd,1,0.8,True,13,14
nw9utR2xKSBHTk6zd,2,0.7,True,13,14
nw9utR2xKSBHTk6zd,3,0.9,True,13,14
nw9utR2xKSBHTk6zd,4,0.9,True,13,14
nw9utR2xKSBHTk6zd,5,0.7,True,13,14
nw9utR2xKSBHTk6zd,6,0.9,True,13,14
nw9utR2xKSBHTk6zd,7,0.9,True,13,14
nw9utR2xKSBHTk6zd,8,0.8,True,13,14
nw9utR2xKSBHTk6zd,9,0.7,True,13,14
nw9utR2xKSBHTk6zd,10,0.8,True,13,14
nw9utR2xKSBHTk6zd,11,0.8,True,13,14
nw9utR2xKSBHTk6zd,12,0.8,True,13,14
nw9utR2xKSBHTk6zd,13,0.9,True,13,14
nxD5eh2yyd4oZXPP3,0,0.3333333333333333,True,3,4
nxD5eh2yyd4oZXPP3,1,0.3333333333333333,True,3,4
nxD5eh2yyd4oZXPP3,2,0.0,True,3,4
nxD5eh2yyd4oZXPP3,3,0.0,True,3,4
nzrJESnooSzpS6shD,0,0.5,True,8,9
nzrJESnooSzpS6shD,1,0.5,True,8,9
nzrJESnooSzpS6shD,2,0.6666666666666666,True,8,9
nzrJESnooSzpS6shD,3,0.8333333333333334,True,8,9
nzrJESnooSzpS6shD,4,0.8333333333333334,True,8,9
nzrJESnooSzpS6shD,5,0.8333333333333334,True,8,9
nzrJESnooSzpS6shD,6,0.8333333333333334,True,8,9
nzrJESnooSzpS6shD,7,0.8333333333333334,True,8,9
nzrJESnooSzpS6shD,8,0.8333333333333334,True,8,9
oEkrWYrRhfFTo4uNJ,0,0.8333333333333334,True,26,27
oEkrWYrRhfFTo4uNJ,1,0.9166666666666666,True,26,27
oEkrWYrRhfFTo4uNJ,2,0.7999999999999999,True,26,27
oEkrWYrRhfFTo4uNJ,3,0.75,True,26,27
oEkrWYrRhfFTo4uNJ,4,0.6833333333333332,True,26,27
oEkrWYrRhfFTo4uNJ,5,0.6166666666666667,True,26,27
oEkrWYrRhfFTo4uNJ,6,0.7333333333333334,True,26,27
oEkrWYrRhfFTo4uNJ,7,0.5166666666666667,True,26,27
oEkrWYrRhfFTo4uNJ,8,0.7000000000000001,True,26,27
oEkrWYrRhfFTo4uNJ,9,0.8666666666666667,True,26,27
oEkrWYrRhfFTo4uNJ,10,0.8666666666666667,True,26,27
oEkrWYrRhfFTo4uNJ,11,0.9,True,26,27
oEkrWYrRhfFTo4uNJ,12,0.9333333333333332,True,26,27
oEkrWYrRhfFTo4uNJ,13,1.0,True,26,27
oEkrWYrRhfFTo4uNJ,14,0.6666666666666666,True,26,27
oEkrWYrRhfFTo4uNJ,15,0.9166666666666666,True,26,27
oEkrWYrRhfFTo4uNJ,16,1.0,True,26,27
oEkrWYrRhfFTo4uNJ,17,1.0,True,26,27
oEkrWYrRhfFTo4uNJ,18,1.0,True,26,27
oEkrWYrRhfFTo4uNJ,19,1.0,True,26,27
oEkrWYrRhfFTo4uNJ,20,0.8333333333333334,True,26,27
oEkrWYrRhfFTo4uNJ,21,0.6166666666666667,True,26,27
oEkrWYrRhfFTo4uNJ,22,0.5833333333333334,True,26,27
oEkrWYrRhfFTo4uNJ,23,0.3833333333333333,True,26,27
oEkrWYrRhfFTo4uNJ,24,0.5,True,26,27
oEkrWYrRhfFTo4uNJ,25,0.5,True,26,27
oEkrWYrRhfFTo4uNJ,26,0.3666666666666667,True,26,27
oGqLmDLq3k9iK2sax,0,1.0,True,2,3
oGqLmDLq3k9iK2sax,1,1.0,True,2,3
oGqLmDLq3k9iK2sax,2,1.0,True,2,3
oPusQPwZpXqkmK6ZF,0,0.42857142857142855,False,17,18
oPusQPwZpXqkmK6ZF,1,0.6666666666666666,False,17,18
oPusQPwZpXqkmK6ZF,2,0.8333333333333334,False,17,18
oPusQPwZpXqkmK6ZF,3,0.8333333333333334,False,17,18
oPusQPwZpXqkmK6ZF,4,0.5,False,17,18
oPusQPwZpXqkmK6ZF,5,0.16666666666666666,False,17,18
oPusQPwZpXqkmK6ZF,6,0.16666666666666666,False,17,18
oPusQPwZpXqkmK6ZF,7,0.3333333333333333,False,17,18
oPusQPwZpXqkmK6ZF,8,0.3333333333333333,False,17,18
oPusQPwZpXqkmK6ZF,9,0.3333333333333333,False,17,18
oPusQPwZpXqkmK6ZF,10,0.3333333333333333,False,17,18
oPusQPwZpXqkmK6ZF,11,0.3333333333333333,False,17,18
oPusQPwZpXqkmK6ZF,12,0.6666666666666666,False,17,18
oPusQPwZpXqkmK6ZF,13,0.6666666666666666,False,17,18
oPusQPwZpXqkmK6ZF,14,0.5,False,17,18
oPusQPwZpXqkmK6ZF,15,0.5,False,17,18
oPusQPwZpXqkmK6ZF,16,0.6666666666666666,False,17,18
oPusQPwZpXqkmK6ZF,17,0.3333333333333333,False,17,18
ohhPLT4kk6Zhgn4yF,0,0.7849999999999999,True,15,16
ohhPLT4kk6Zhgn4yF,1,0.8400000000000001,True,15,16
ohhPLT4kk6Zhgn4yF,2,0.575,True,15,16
ohhPLT4kk6Zhgn4yF,3,0.575,True,15,16
ohhPLT4kk6Zhgn4yF,4,0.755,True,15,16
ohhPLT4kk6Zhgn4yF,5,0.8,True,15,16
ohhPLT4kk6Zhgn4yF,6,0.5900000000000001,True,15,16
ohhPLT4kk6Zhgn4yF,7,0.725,True,15,16
ohhPLT4kk6Zhgn4yF,8,0.5349999999999999,True,15,16
ohhPLT4kk6Zhgn4yF,9,0.495,True,15,16
ohhPLT4kk6Zhgn4yF,10,0.645,True,15,16
ohhPLT4kk6Zhgn4yF,11,0.6950000000000001,True,15,16
ohhPLT4kk6Zhgn4yF,12,0.5349999999999999,True,15,16
ohhPLT4kk6Zhgn4yF,13,0.42000000000000004,True,15,16
ohhPLT4kk6Zhgn4yF,14,0.665,True,15,16
ohhPLT4kk6Zhgn4yF,15,0.595,True,15,16
oks7g8RobZHoggvxs,0,0.8333333333333334,False,17,18
oks7g8RobZHoggvxs,1,0.5,False,17,18
oks7g8RobZHoggvxs,2,0.6666666666666666,False,17,18
oks7g8RobZHoggvxs,3,0.5,False,17,18
oks7g8RobZHoggvxs,4,0.5,False,17,18
oks7g8RobZHoggvxs,5,0.6666666666666666,False,17,18
oks7g8RobZHoggvxs,6,0.8333333333333334,False,17,18
oks7g8RobZHoggvxs,7,0.8333333333333334,False,17,18
oks7g8RobZHoggvxs,8,0.6666666666666666,False,17,18
oks7g8RobZHoggvxs,9,1.0,False,17,18
oks7g8RobZHoggvxs,10,1.0,False,17,18
oks7g8RobZHoggvxs,11,0.8333333333333334,False,17,18
oks7g8RobZHoggvxs,12,0.6666666666666666,False,17,18
oks7g8RobZHoggvxs,13,0.8333333333333334,False,17,18
oks7g8RobZHoggvxs,14,1.0,False,17,18
oks7g8RobZHoggvxs,15,1.0,False,17,18
oks7g8RobZHoggvxs,16,1.0,False,17,18
oks7g8RobZHoggvxs,17,0.6666666666666666,False,17,18
oxXs2x9cdabyzpNX3,0,0.645,True,6,7
oxXs2x9cdabyzpNX3,1,0.8550000000000001,True,6,7
oxXs2x9cdabyzpNX3,2,0.885,True,6,7
oxXs2x9cdabyzpNX3,3,0.79,True,6,7
oxXs2x9cdabyzpNX3,4,0.8949999999999999,True,6,7
oxXs2x9cdabyzpNX3,5,0.795,True,6,7
oxXs2x9cdabyzpNX3,6,0.795,True,6,7
pA5MPPotFbF5Nog8s,0,0.6666666666666666,True,2,3
pA5MPPotFbF5Nog8s,1,0.6666666666666666,True,2,3
pA5MPPotFbF5Nog8s,2,0.75,True,2,3
pHo5sM3GN95nWxQqj,0,0.8823529411764706,True,5,6
pHo5sM3GN95nWxQqj,1,0.8823529411764706,True,5,6
pHo5sM3GN95nWxQqj,2,1.0,True,5,6
pHo5sM3GN95nWxQqj,3,0.8823529411764706,True,5,6
pHo5sM3GN95nWxQqj,4,1.0,True,5,6
pHo5sM3GN95nWxQqj,5,0.9375,True,5,6
pa4876QCSBF656G3b,0,0.6714285714285715,True,25,26
pa4876QCSBF656G3b,1,1.0,True,25,26
pa4876QCSBF656G3b,2,1.0,True,25,26
pa4876QCSBF656G3b,3,1.0,True,25,26
pa4876QCSBF656G3b,4,0.9785714285714285,True,25,26
pa4876QCSBF656G3b,5,0.9714285714285714,True,25,26
pa4876QCSBF656G3b,6,0.9642857142857143,True,25,26
pa4876QCSBF656G3b,7,1.0,True,25,26
pa4876QCSBF656G3b,8,1.0,True,25,26
pa4876QCSBF656G3b,9,1.0,True,25,26
pa4876QCSBF656G3b,10,0.8571428571428571,True,25,26
pa4876QCSBF656G3b,11,0.8571428571428571,True,25,26
pa4876QCSBF656G3b,12,0.8571428571428571,True,25,26
pa4876QCSBF656G3b,13,0.8571428571428571,True,25,26
pa4876QCSBF656G3b,14,0.8571428571428571,True,25,26
pa4876QCSBF656G3b,15,0.8571428571428571,True,25,26
pa4876QCSBF656G3b,16,0.9,True,25,26
pa4876QCSBF656G3b,17,0.9500000000000001,True,25,26
pa4876QCSBF656G3b,18,0.9571428571428572,True,25,26
pa4876QCSBF656G3b,19,0.9571428571428572,True,25,26
pa4876QCSBF656G3b,20,0.8571428571428571,True,25,26
pa4876QCSBF656G3b,21,0.8571428571428571,True,25,26
pa4876QCSBF656G3b,22,0.9857142857142858,True,25,26
pa4876QCSBF656G3b,23,0.8571428571428571,True,25,26
pa4876QCSBF656G3b,24,0.8571428571428571,True,25,26
pa4876QCSBF656G3b,25,0.8571428571428571,True,25,26
pjLxDGMePZdh4Ttvm,0,0.75,False,22,23
pjLxDGMePZdh4Ttvm,1,0.4166666666666667,False,22,23
pjLxDGMePZdh4Ttvm,2,0.5,False,22,23
pjLxDGMePZdh4Ttvm,3,0.5833333333333334,False,22,23
pjLxDGMePZdh4Ttvm,4,0.5454545454545454,False,22,23
pjLxDGMePZdh4Ttvm,5,0.7272727272727273,False,22,23
pjLxDGMePZdh4Ttvm,6,0.7272727272727273,False,22,23
pjLxDGMePZdh4Ttvm,7,0.5454545454545454,False,22,23
pjLxDGMePZdh4Ttvm,8,0.36363636363636365,False,22,23
pjLxDGMePZdh4Ttvm,9,0.45454545454545453,False,22,23
pjLxDGMePZdh4Ttvm,10,0.36363636363636365,False,22,23
pjLxDGMePZdh4Ttvm,11,0.36363636363636365,False,22,23
pjLxDGMePZdh4Ttvm,12,0.36363636363636365,False,22,23
pjLxDGMePZdh4Ttvm,13,0.45454545454545453,False,22,23
pjLxDGMePZdh4Ttvm,14,0.2727272727272727,False,22,23
pjLxDGMePZdh4Ttvm,15,0.36363636363636365,False,22,23
pjLxDGMePZdh4Ttvm,16,0.36363636363636365,False,22,23
pjLxDGMePZdh4Ttvm,17,0.45454545454545453,False,22,23
pjLxDGMePZdh4Ttvm,18,0.2727272727272727,False,22,23
pjLxDGMePZdh4Ttvm,19,0.45454545454545453,False,22,23
pjLxDGMePZdh4Ttvm,20,0.09090909090909091,False,22,23
pjLxDGMePZdh4Ttvm,21,0.45454545454545453,False,22,23
pjLxDGMePZdh4Ttvm,22,0.36363636363636365,False,22,23
puakCsf4JEpsKkSQD,0,0.8571428571428571,True,4,5
puakCsf4JEpsKkSQD,1,0.8571428571428571,True,4,5
puakCsf4JEpsKkSQD,2,0.7142857142857143,True,4,5
puakCsf4JEpsKkSQD,3,0.5714285714285714,True,4,5
puakCsf4JEpsKkSQD,4,0.7142857142857143,True,4,5
puq8vZ5ztaYYad4dk,0,0.8571428571428571,False,14,15
puq8vZ5ztaYYad4dk,1,0.6666666666666666,False,14,15
puq8vZ5ztaYYad4dk,2,0.8333333333333334,False,14,15
puq8vZ5ztaYYad4dk,3,0.8333333333333334,False,14,15
puq8vZ5ztaYYad4dk,4,0.8333333333333334,False,14,15
puq8vZ5ztaYYad4dk,5,1.0,False,14,15
puq8vZ5ztaYYad4dk,6,0.8333333333333334,False,14,15
puq8vZ5ztaYYad4dk,7,0.6666666666666666,False,14,15
puq8vZ5ztaYYad4dk,8,0.6666666666666666,False,14,15
puq8vZ5ztaYYad4dk,9,0.6666666666666666,False,14,15
puq8vZ5ztaYYad4dk,10,0.8333333333333334,False,14,15
puq8vZ5ztaYYad4dk,11,0.8333333333333334,False,14,15
puq8vZ5ztaYYad4dk,12,1.0,False,14,15
puq8vZ5ztaYYad4dk,13,0.6666666666666666,False,14,15
puq8vZ5ztaYYad4dk,14,0.8333333333333334,False,14,15
qZvcRkfqMuMNcGtqA,0,0.8181818181818182,False,20,21
qZvcRkfqMuMNcGtqA,1,0.85,False,20,21
qZvcRkfqMuMNcGtqA,2,0.890909090909091,False,20,21
qZvcRkfqMuMNcGtqA,3,0.9318181818181818,False,20,21
qZvcRkfqMuMNcGtqA,4,0.8318181818181819,False,20,21
qZvcRkfqMuMNcGtqA,5,0.8772727272727273,False,20,21
qZvcRkfqMuMNcGtqA,6,0.8863636363636364,False,20,21
qZvcRkfqMuMNcGtqA,7,0.9,False,20,21
qZvcRkfqMuMNcGtqA,8,0.8681818181818183,False,20,21
qZvcRkfqMuMNcGtqA,9,0.75,False,20,21
qZvcRkfqMuMNcGtqA,10,0.7,False,20,21
qZvcRkfqMuMNcGtqA,11,0.78,False,20,21
qZvcRkfqMuMNcGtqA,12,0.73,False,20,21
qZvcRkfqMuMNcGtqA,13,0.835,False,20,21
qZvcRkfqMuMNcGtqA,14,0.79,False,20,21
qZvcRkfqMuMNcGtqA,15,0.7150000000000001,False,20,21
qZvcRkfqMuMNcGtqA,16,0.79,False,20,21
qZvcRkfqMuMNcGtqA,17,0.875,False,20,21
qZvcRkfqMuMNcGtqA,18,0.8800000000000001,False,20,21
qZvcRkfqMuMNcGtqA,19,0.6849999999999999,False,20,21
qZvcRkfqMuMNcGtqA,20,0.7150000000000001,False,20,21
qgiJN3G2M3RqmC4ea,0,0.5384615384615384,False,15,16
qgiJN3G2M3RqmC4ea,1,0.6666666666666666,False,15,16
qgiJN3G2M3RqmC4ea,2,0.6875,False,15,16
qgiJN3G2M3RqmC4ea,3,0.6749999999999999,False,15,16
qgiJN3G2M3RqmC4ea,4,0.65,False,15,16
qgiJN3G2M3RqmC4ea,5,0.6166666666666667,False,15,16
qgiJN3G2M3RqmC4ea,6,0.7374999999999999,False,15,16
qgiJN3G2M3RqmC4ea,7,0.7083333333333334,False,15,16
qgiJN3G2M3RqmC4ea,8,0.8166666666666668,False,15,16
qgiJN3G2M3RqmC4ea,9,0.775,False,15,16
qgiJN3G2M3RqmC4ea,10,0.9583333333333334,False,15,16
qgiJN3G2M3RqmC4ea,11,0.9500000000000001,False,15,16
qgiJN3G2M3RqmC4ea,12,0.9208333333333334,False,15,16
qgiJN3G2M3RqmC4ea,13,0.9541666666666666,False,15,16
qgiJN3G2M3RqmC4ea,14,0.9249999999999999,False,15,16
qgiJN3G2M3RqmC4ea,15,0.7291666666666666,False,15,16
qgtPQJEH6uYFjDsiZ,0,0.6,True,10,11
qgtPQJEH6uYFjDsiZ,1,0.6857142857142857,True,10,11
qgtPQJEH6uYFjDsiZ,2,0.6071428571428571,True,10,11
qgtPQJEH6uYFjDsiZ,3,0.4928571428571429,True,10,11
qgtPQJEH6uYFjDsiZ,4,0.5214285714285715,True,10,11
qgtPQJEH6uYFjDsiZ,5,0.6642857142857144,True,10,11
qgtPQJEH6uYFjDsiZ,6,0.6071428571428571,True,10,11
qgtPQJEH6uYFjDsiZ,7,0.7571428571428571,True,10,11
qgtPQJEH6uYFjDsiZ,8,0.6642857142857144,True,10,11
qgtPQJEH6uYFjDsiZ,9,0.4785714285714286,True,10,11
qgtPQJEH6uYFjDsiZ,10,0.5571428571428572,True,10,11
qh3hNaLaiXai2Mqa7,0,0.7392857142857142,True,7,8
qh3hNaLaiXai2Mqa7,1,0.7730769230769231,True,7,8
qh3hNaLaiXai2Mqa7,2,0.6538461538461539,True,7,8
qh3hNaLaiXai2Mqa7,3,0.9230769230769231,True,7,8
qh3hNaLaiXai2Mqa7,4,0.9230769230769231,True,7,8
qh3hNaLaiXai2Mqa7,5,0.8461538461538461,True,7,8
qh3hNaLaiXai2Mqa7,6,0.9230769230769231,True,7,8
qh3hNaLaiXai2Mqa7,7,0.9230769230769231,True,7,8
qoqdEsn9j5ewan9DG,0,0.7777777777777778,False,17,18
qoqdEsn9j5ewan9DG,1,0.7777777777777778,False,17,18
qoqdEsn9j5ewan9DG,2,0.6666666666666666,False,17,18
qoqdEsn9j5ewan9DG,3,0.6666666666666666,False,17,18
qoqdEsn9j5ewan9DG,4,0.8235294117647058,False,17,18
qoqdEsn9j5ewan9DG,5,0.7647058823529411,False,17,18
qoqdEsn9j5ewan9DG,6,0.5882352941176471,False,17,18
qoqdEsn9j5ewan9DG,7,0.7647058823529411,False,17,18
qoqdEsn9j5ewan9DG,8,0.6470588235294118,False,17,18
qoqdEsn9j5ewan9DG,9,0.7647058823529411,False,17,18
qoqdEsn9j5ewan9DG,10,0.8235294117647058,False,17,18
qoqdEsn9j5ewan9DG,11,0.7058823529411765,False,17,18
qoqdEsn9j5ewan9DG,12,0.7058823529411765,False,17,18
qoqdEsn9j5ewan9DG,13,0.5882352941176471,False,17,18
qoqdEsn9j5ewan9DG,14,0.7058823529411765,False,17,18
qoqdEsn9j5ewan9DG,15,0.7058823529411765,False,17,18
qoqdEsn9j5ewan9DG,16,0.5882352941176471,False,17,18
qoqdEsn9j5ewan9DG,17,0.7058823529411765,False,17,18
qvuPwocGXob6tJYLA,0,0.5125,True,25,26
qvuPwocGXob6tJYLA,1,0.875,True,25,26
qvuPwocGXob6tJYLA,2,0.725,True,25,26
qvuPwocGXob6tJYLA,3,0.45,True,25,26
qvuPwocGXob6tJYLA,4,0.6875,True,25,26
qvuPwocGXob6tJYLA,5,0.75,True,25,26
qvuPwocGXob6tJYLA,6,1.0,True,25,26
qvuPwocGXob6tJYLA,7,1.0,True,25,26
qvuPwocGXob6tJYLA,8,1.0,True,25,26
qvuPwocGXob6tJYLA,9,1.0,True,25,26
qvuPwocGXob6tJYLA,10,1.0,True,25,26
qvuPwocGXob6tJYLA,11,1.0,True,25,26
qvuPwocGXob6tJYLA,12,1.0,True,25,26
qvuPwocGXob6tJYLA,13,1.0,True,25,26
qvuPwocGXob6tJYLA,14,1.0,True,25,26
qvuPwocGXob6tJYLA,15,1.0,True,25,26
qvuPwocGXob6tJYLA,16,1.0,True,25,26
qvuPwocGXob6tJYLA,17,1.0,True,25,26
qvuPwocGXob6tJYLA,18,1.0,True,25,26
qvuPwocGXob6tJYLA,19,1.0,True,25,26
qvuPwocGXob6tJYLA,20,1.0,True,25,26
qvuPwocGXob6tJYLA,21,1.0,True,25,26
qvuPwocGXob6tJYLA,22,1.0,True,25,26
qvuPwocGXob6tJYLA,23,1.0,True,25,26
qvuPwocGXob6tJYLA,24,1.0,True,25,26
qvuPwocGXob6tJYLA,25,0.75,True,25,26
qwTuAqnvcuJee2e4j,0,0.8888888888888888,True,9,10
qwTuAqnvcuJee2e4j,1,0.8888888888888888,True,9,10
qwTuAqnvcuJee2e4j,2,0.8888888888888888,True,9,10
qwTuAqnvcuJee2e4j,3,1.0,True,9,10
qwTuAqnvcuJee2e4j,4,1.0,True,9,10
qwTuAqnvcuJee2e4j,5,1.0,True,9,10
qwTuAqnvcuJee2e4j,6,1.0,True,9,10
qwTuAqnvcuJee2e4j,7,1.0,True,9,10
qwTuAqnvcuJee2e4j,8,1.0,True,9,10
qwTuAqnvcuJee2e4j,9,1.0,True,9,10
qzrxrSMfsZKreEMsQ,0,0.375,True,24,25
qzrxrSMfsZKreEMsQ,1,0.375,True,24,25
qzrxrSMfsZKreEMsQ,2,0.625,True,24,25
qzrxrSMfsZKreEMsQ,3,1.0,True,24,25
qzrxrSMfsZKreEMsQ,4,1.0,True,24,25
qzrxrSMfsZKreEMsQ,5,1.0,True,24,25
qzrxrSMfsZKreEMsQ,6,1.0,True,24,25
qzrxrSMfsZKreEMsQ,7,1.0,True,24,25
qzrxrSMfsZKreEMsQ,8,1.0,True,24,25
qzrxrSMfsZKreEMsQ,9,1.0,True,24,25
qzrxrSMfsZKreEMsQ,10,1.0,True,24,25
qzrxrSMfsZKreEMsQ,11,1.0,True,24,25
qzrxrSMfsZKreEMsQ,12,1.0,True,24,25
qzrxrSMfsZKreEMsQ,13,1.0,True,24,25
qzrxrSMfsZKreEMsQ,14,1.0,True,24,25
qzrxrSMfsZKreEMsQ,15,1.0,True,24,25
qzrxrSMfsZKreEMsQ,16,1.0,True,24,25
qzrxrSMfsZKreEMsQ,17,1.0,True,24,25
qzrxrSMfsZKreEMsQ,18,1.0,True,24,25
qzrxrSMfsZKreEMsQ,19,1.0,True,24,25
qzrxrSMfsZKreEMsQ,20,1.0,True,24,25
qzrxrSMfsZKreEMsQ,21,1.0,True,24,25
qzrxrSMfsZKreEMsQ,22,1.0,True,24,25
qzrxrSMfsZKreEMsQ,23,1.0,True,24,25
qzrxrSMfsZKreEMsQ,24,1.0,True,24,25
rLfWgm9HQ329HKqvJ,0,0.7142857142857143,True,13,14
rLfWgm9HQ329HKqvJ,1,0.9285714285714286,True,13,14
rLfWgm9HQ329HKqvJ,2,0.8571428571428571,True,13,14
rLfWgm9HQ329HKqvJ,3,0.7857142857142857,True,13,14
rLfWgm9HQ329HKqvJ,4,0.8571428571428571,True,13,14
rLfWgm9HQ329HKqvJ,5,0.9285714285714286,True,13,14
rLfWgm9HQ329HKqvJ,6,0.9285714285714286,True,13,14
rLfWgm9HQ329HKqvJ,7,0.9285714285714286,True,13,14
rLfWgm9HQ329HKqvJ,8,0.8571428571428571,True,13,14
rLfWgm9HQ329HKqvJ,9,0.7857142857142857,True,13,14
rLfWgm9HQ329HKqvJ,10,0.8571428571428571,True,13,14
rLfWgm9HQ329HKqvJ,11,0.8571428571428571,True,13,14
rLfWgm9HQ329HKqvJ,12,0.8571428571428571,True,13,14
rLfWgm9HQ329HKqvJ,13,0.7857142857142857,True,13,14
rS6Mo9aTLLyZ7HXDD,0,0.8333333333333334,False,28,29
rS6Mo9aTLLyZ7HXDD,1,0.8823529411764706,False,28,29
rS6Mo9aTLLyZ7HXDD,2,0.8823529411764706,False,28,29
rS6Mo9aTLLyZ7HXDD,3,0.8235294117647058,False,28,29
rS6Mo9aTLLyZ7HXDD,4,0.7647058823529411,False,28,29
rS6Mo9aTLLyZ7HXDD,5,0.6875,False,28,29
rS6Mo9aTLLyZ7HXDD,6,0.625,False,28,29
rS6Mo9aTLLyZ7HXDD,7,0.75,False,28,29
rS6Mo9aTLLyZ7HXDD,8,0.6875,False,28,29
rS6Mo9aTLLyZ7HXDD,9,0.625,False,28,29
rS6Mo9aTLLyZ7HXDD,10,0.5625,False,28,29
rS6Mo9aTLLyZ7HXDD,11,0.75,False,28,29
rS6Mo9aTLLyZ7HXDD,12,0.6875,False,28,29
rS6Mo9aTLLyZ7HXDD,13,0.6875,False,28,29
rS6Mo9aTLLyZ7HXDD,14,0.6875,False,28,29
rS6Mo9aTLLyZ7HXDD,15,0.625,False,28,29
rS6Mo9aTLLyZ7HXDD,16,0.75,False,28,29
rS6Mo9aTLLyZ7HXDD,17,0.6875,False,28,29
rS6Mo9aTLLyZ7HXDD,18,0.6875,False,28,29
rS6Mo9aTLLyZ7HXDD,19,0.625,False,28,29
rS6Mo9aTLLyZ7HXDD,20,0.6875,False,28,29
rS6Mo9aTLLyZ7HXDD,21,0.625,False,28,29
rS6Mo9aTLLyZ7HXDD,22,0.625,False,28,29
rS6Mo9aTLLyZ7HXDD,23,0.625,False,28,29
rS6Mo9aTLLyZ7HXDD,24,0.625,False,28,29
rS6Mo9aTLLyZ7HXDD,25,0.5625,False,28,29
rS6Mo9aTLLyZ7HXDD,26,0.625,False,28,29
rS6Mo9aTLLyZ7HXDD,27,0.625,False,28,29
rS6Mo9aTLLyZ7HXDD,28,0.75,False,28,29
rWG5mpMf99HY9uHY9,0,0.5,True,18,19
rWG5mpMf99HY9uHY9,1,0.5,True,18,19
rWG5mpMf99HY9uHY9,2,0.0,True,18,19
rWG5mpMf99HY9uHY9,3,0.0,True,18,19
rWG5mpMf99HY9uHY9,4,0.0,True,18,19
rWG5mpMf99HY9uHY9,5,0.5,True,18,19
rWG5mpMf99HY9uHY9,6,0.0,True,18,19
rWG5mpMf99HY9uHY9,7,0.0,True,18,19
rWG5mpMf99HY9uHY9,8,0.0,True,18,19
rWG5mpMf99HY9uHY9,9,0.0,True,18,19
rWG5mpMf99HY9uHY9,10,0.0,True,18,19
rWG5mpMf99HY9uHY9,11,0.0,True,18,19
rWG5mpMf99HY9uHY9,12,0.0,True,18,19
rWG5mpMf99HY9uHY9,13,0.0,True,18,19
rWG5mpMf99HY9uHY9,14,0.0,True,18,19
rWG5mpMf99HY9uHY9,15,0.0,True,18,19
rWG5mpMf99HY9uHY9,16,0.0,True,18,19
rWG5mpMf99HY9uHY9,17,0.0,True,18,19
rWG5mpMf99HY9uHY9,18,0.0,True,18,19
rY7uJPjekmRnkdPpP,0,0.6818181818181818,False,20,21
rY7uJPjekmRnkdPpP,1,0.6454545454545454,False,20,21
rY7uJPjekmRnkdPpP,2,0.6136363636363636,False,20,21
rY7uJPjekmRnkdPpP,3,0.4454545454545455,False,20,21
rY7uJPjekmRnkdPpP,4,0.6318181818181818,False,20,21
rY7uJPjekmRnkdPpP,5,0.5409090909090909,False,20,21
rY7uJPjekmRnkdPpP,6,0.5363636363636364,False,20,21
rY7uJPjekmRnkdPpP,7,0.6227272727272727,False,20,21
rY7uJPjekmRnkdPpP,8,0.6363636363636364,False,20,21
rY7uJPjekmRnkdPpP,9,0.5045454545454545,False,20,21
rY7uJPjekmRnkdPpP,10,0.40454545454545454,False,20,21
rY7uJPjekmRnkdPpP,11,0.6227272727272727,False,20,21
rY7uJPjekmRnkdPpP,12,0.49090909090909096,False,20,21
rY7uJPjekmRnkdPpP,13,0.48636363636363633,False,20,21
rY7uJPjekmRnkdPpP,14,0.45454545454545453,False,20,21
rY7uJPjekmRnkdPpP,15,0.3318181818181818,False,20,21
rY7uJPjekmRnkdPpP,16,0.3772727272727273,False,20,21
rY7uJPjekmRnkdPpP,17,0.29090909090909095,False,20,21
rY7uJPjekmRnkdPpP,18,0.40454545454545454,False,20,21
rY7uJPjekmRnkdPpP,19,0.31363636363636366,False,20,21
rY7uJPjekmRnkdPpP,20,0.5227272727272727,False,20,21
rbhhLEyNwTbnqKWMf,0,0.8125,True,19,20
rbhhLEyNwTbnqKWMf,1,0.875,True,19,20
rbhhLEyNwTbnqKWMf,2,0.875,True,19,20
rbhhLEyNwTbnqKWMf,3,0.875,True,19,20
rbhhLEyNwTbnqKWMf,4,0.9375,True,19,20
rbhhLEyNwTbnqKWMf,5,0.9375,True,19,20
rbhhLEyNwTbnqKWMf,6,0.9375,True,19,20
rbhhLEyNwTbnqKWMf,7,0.9375,True,19,20
rbhhLEyNwTbnqKWMf,8,0.8125,True,19,20
rbhhLEyNwTbnqKWMf,9,0.8125,True,19,20
rbhhLEyNwTbnqKWMf,10,0.8125,True,19,20
rbhhLEyNwTbnqKWMf,11,0.9375,True,19,20
rbhhLEyNwTbnqKWMf,12,0.875,True,19,20
rbhhLEyNwTbnqKWMf,13,0.875,True,19,20
rbhhLEyNwTbnqKWMf,14,0.8125,True,19,20
rbhhLEyNwTbnqKWMf,15,0.75,True,19,20
rbhhLEyNwTbnqKWMf,16,0.8125,True,19,20
rbhhLEyNwTbnqKWMf,17,0.8125,True,19,20
rbhhLEyNwTbnqKWMf,18,0.8125,True,19,20
rbhhLEyNwTbnqKWMf,19,0.8125,True,19,20
rfFHcr4WE3RFih8vJ,0,1.0,False,3,4
rfFHcr4WE3RFih8vJ,1,1.0,False,3,4
rfFHcr4WE3RFih8vJ,2,1.0,False,3,4
rfFHcr4WE3RFih8vJ,3,1.0,False,3,4
rqeStug79wtjBMYn5,0,0.7368421052631579,True,14,15
rqeStug79wtjBMYn5,1,0.625,True,14,15
rqeStug79wtjBMYn5,2,0.875,True,14,15
rqeStug79wtjBMYn5,3,0.5625,True,14,15
rqeStug79wtjBMYn5,4,0.5625,True,14,15
rqeStug79wtjBMYn5,5,0.625,True,14,15
rqeStug79wtjBMYn5,6,0.6875,True,14,15
rqeStug79wtjBMYn5,7,0.625,True,14,15
rqeStug79wtjBMYn5,8,0.4375,True,14,15
rqeStug79wtjBMYn5,9,0.5625,True,14,15
rqeStug79wtjBMYn5,10,0.5,True,14,15
rqeStug79wtjBMYn5,11,0.5625,True,14,15
rqeStug79wtjBMYn5,12,0.4375,True,14,15
rqeStug79wtjBMYn5,13,0.5,True,14,15
rqeStug79wtjBMYn5,14,0.625,True,14,15
ryCucwLMzEkT2Ciju,0,0.625,True,15,16
ryCucwLMzEkT2Ciju,1,0.75,True,15,16
ryCucwLMzEkT2Ciju,2,0.725,True,15,16
ryCucwLMzEkT2Ciju,3,0.7083333333333334,True,15,16
ryCucwLMzEkT2Ciju,4,0.6749999999999999,True,15,16
ryCucwLMzEkT2Ciju,5,0.6166666666666667,True,15,16
ryCucwLMzEkT2Ciju,6,0.62,True,15,16
ryCucwLMzEkT2Ciju,7,0.62,True,15,16
ryCucwLMzEkT2Ciju,8,0.72,True,15,16
ryCucwLMzEkT2Ciju,9,0.6599999999999999,True,15,16
ryCucwLMzEkT2Ciju,10,0.71,True,15,16
ryCucwLMzEkT2Ciju,11,0.63,True,15,16
ryCucwLMzEkT2Ciju,12,0.65,True,15,16
ryCucwLMzEkT2Ciju,13,0.67,True,15,16
ryCucwLMzEkT2Ciju,14,0.5700000000000001,True,15,16
ryCucwLMzEkT2Ciju,15,0.52,True,15,16
rz7iP2uauvaamfySN,0,0.9230769230769231,False,28,29
rz7iP2uauvaamfySN,1,0.9230769230769231,False,28,29
rz7iP2uauvaamfySN,2,0.8461538461538461,False,28,29
rz7iP2uauvaamfySN,3,0.8461538461538461,False,28,29
rz7iP2uauvaamfySN,4,1.0,False,28,29
rz7iP2uauvaamfySN,5,0.9230769230769231,False,28,29
rz7iP2uauvaamfySN,6,1.0,False,28,29
rz7iP2uauvaamfySN,7,0.9230769230769231,False,28,29
rz7iP2uauvaamfySN,8,1.0,False,28,29
rz7iP2uauvaamfySN,9,1.0,False,28,29
rz7iP2uauvaamfySN,10,0.9230769230769231,False,28,29
rz7iP2uauvaamfySN,11,0.9230769230769231,False,28,29
rz7iP2uauvaamfySN,12,1.0,False,28,29
rz7iP2uauvaamfySN,13,0.9230769230769231,False,28,29
rz7iP2uauvaamfySN,14,1.0,False,28,29
rz7iP2uauvaamfySN,15,1.0,False,28,29
rz7iP2uauvaamfySN,16,1.0,False,28,29
rz7iP2uauvaamfySN,17,1.0,False,28,29
rz7iP2uauvaamfySN,18,0.9230769230769231,False,28,29
rz7iP2uauvaamfySN,19,0.9230769230769231,False,28,29
rz7iP2uauvaamfySN,20,1.0,False,28,29
rz7iP2uauvaamfySN,21,1.0,False,28,29
rz7iP2uauvaamfySN,22,1.0,False,28,29
rz7iP2uauvaamfySN,23,1.0,False,28,29
rz7iP2uauvaamfySN,24,1.0,False,28,29
rz7iP2uauvaamfySN,25,1.0,False,28,29
rz7iP2uauvaamfySN,26,0.9230769230769231,False,28,29
rz7iP2uauvaamfySN,27,1.0,False,28,29
rz7iP2uauvaamfySN,28,0.8461538461538461,False,28,29
sEyX3bAsZaSZmgrbN,0,0.18333333333333335,False,7,8
sEyX3bAsZaSZmgrbN,1,0.26666666666666666,False,7,8
sEyX3bAsZaSZmgrbN,2,0.06666666666666667,False,7,8
sEyX3bAsZaSZmgrbN,3,0.13333333333333333,False,7,8
sEyX3bAsZaSZmgrbN,4,0.35000000000000003,False,7,8
sEyX3bAsZaSZmgrbN,5,0.5333333333333333,False,7,8
sEyX3bAsZaSZmgrbN,6,0.3,False,7,8
sEyX3bAsZaSZmgrbN,7,0.45,False,7,8
sMi35dD65HYStkZfG,0,0.2625,False,6,7
sMi35dD65HYStkZfG,1,0.275,False,6,7
sMi35dD65HYStkZfG,2,0.25,False,6,7
sMi35dD65HYStkZfG,3,0.2,False,6,7
sMi35dD65HYStkZfG,4,0.2625,False,6,7
sMi35dD65HYStkZfG,5,0.3625,False,6,7
sMi35dD65HYStkZfG,6,0.3875,False,6,7
sfpiRNQgxApT3MEir,0,0.85,False,21,22
sfpiRNQgxApT3MEir,1,0.675,False,21,22
sfpiRNQgxApT3MEir,2,0.6875,False,21,22
sfpiRNQgxApT3MEir,3,0.4625,False,21,22
sfpiRNQgxApT3MEir,4,0.5,False,21,22
sfpiRNQgxApT3MEir,5,0.5,False,21,22
sfpiRNQgxApT3MEir,6,0.3125,False,21,22
sfpiRNQgxApT3MEir,7,0.4625,False,21,22
sfpiRNQgxApT3MEir,8,0.3875,False,21,22
sfpiRNQgxApT3MEir,9,0.35,False,21,22
sfpiRNQgxApT3MEir,10,0.4375,False,21,22
sfpiRNQgxApT3MEir,11,0.4375,False,21,22
sfpiRNQgxApT3MEir,12,0.275,False,21,22
sfpiRNQgxApT3MEir,13,0.5625,False,21,22
sfpiRNQgxApT3MEir,14,0.55,False,21,22
sfpiRNQgxApT3MEir,15,0.4875,False,21,22
sfpiRNQgxApT3MEir,16,0.45,False,21,22
sfpiRNQgxApT3MEir,17,0.3625,False,21,22
sfpiRNQgxApT3MEir,18,0.4125,False,21,22
sfpiRNQgxApT3MEir,19,0.375,False,21,22
sfpiRNQgxApT3MEir,20,0.85,False,21,22
sfpiRNQgxApT3MEir,21,0.75,False,21,22
smQBRYJvfrRJs6PTx,0,0.5555555555555556,False,27,28
smQBRYJvfrRJs6PTx,1,0.6666666666666666,False,27,28
smQBRYJvfrRJs6PTx,2,0.5555555555555556,False,27,28
smQBRYJvfrRJs6PTx,3,0.6666666666666666,False,27,28
smQBRYJvfrRJs6PTx,4,0.6666666666666666,False,27,28
smQBRYJvfrRJs6PTx,5,0.5555555555555556,False,27,28
smQBRYJvfrRJs6PTx,6,0.4444444444444444,False,27,28
smQBRYJvfrRJs6PTx,7,0.7777777777777778,False,27,28
smQBRYJvfrRJs6PTx,8,0.7777777777777778,False,27,28
smQBRYJvfrRJs6PTx,9,0.5555555555555556,False,27,28
smQBRYJvfrRJs6PTx,10,0.6666666666666666,False,27,28
smQBRYJvfrRJs6PTx,11,0.6666666666666666,False,27,28
smQBRYJvfrRJs6PTx,12,0.6666666666666666,False,27,28
smQBRYJvfrRJs6PTx,13,0.6666666666666666,False,27,28
smQBRYJvfrRJs6PTx,14,0.5555555555555556,False,27,28
smQBRYJvfrRJs6PTx,15,0.5555555555555556,False,27,28
smQBRYJvfrRJs6PTx,16,0.3333333333333333,False,27,28
smQBRYJvfrRJs6PTx,17,0.5555555555555556,False,27,28
smQBRYJvfrRJs6PTx,18,0.6666666666666666,False,27,28
smQBRYJvfrRJs6PTx,19,0.6666666666666666,False,27,28
smQBRYJvfrRJs6PTx,20,0.5555555555555556,False,27,28
smQBRYJvfrRJs6PTx,21,0.5555555555555556,False,27,28
smQBRYJvfrRJs6PTx,22,0.4444444444444444,False,27,28
smQBRYJvfrRJs6PTx,23,0.5555555555555556,False,27,28
smQBRYJvfrRJs6PTx,24,0.5555555555555556,False,27,28
smQBRYJvfrRJs6PTx,25,0.4444444444444444,False,27,28
smQBRYJvfrRJs6PTx,26,0.3333333333333333,False,27,28
smQBRYJvfrRJs6PTx,27,0.5555555555555556,False,27,28
spx2kzMh9jsgWtGos,0,0.5375,False,16,17
spx2kzMh9jsgWtGos,1,0.5375,False,16,17
spx2kzMh9jsgWtGos,2,0.6875,False,16,17
spx2kzMh9jsgWtGos,3,0.9,False,16,17
spx2kzMh9jsgWtGos,4,0.925,False,16,17
spx2kzMh9jsgWtGos,5,0.8125,False,16,17
spx2kzMh9jsgWtGos,6,0.8125,False,16,17
spx2kzMh9jsgWtGos,7,0.875,False,16,17
spx2kzMh9jsgWtGos,8,0.875,False,16,17
spx2kzMh9jsgWtGos,9,0.75,False,16,17
spx2kzMh9jsgWtGos,10,0.875,False,16,17
spx2kzMh9jsgWtGos,11,1.0,False,16,17
spx2kzMh9jsgWtGos,12,1.0,False,16,17
spx2kzMh9jsgWtGos,13,1.0,False,16,17
spx2kzMh9jsgWtGos,14,1.0,False,16,17
spx2kzMh9jsgWtGos,15,1.0,False,16,17
spx2kzMh9jsgWtGos,16,1.0,False,16,17
t2ianfmi7FS47WzB2,0,0.5642857142857143,True,10,11
t2ianfmi7FS47WzB2,1,0.6928571428571428,True,10,11
t2ianfmi7FS47WzB2,2,0.9285714285714286,True,10,11
t2ianfmi7FS47WzB2,3,1.0,True,10,11
t2ianfmi7FS47WzB2,4,0.9285714285714286,True,10,11
t2ianfmi7FS47WzB2,5,0.8571428571428571,True,10,11
t2ianfmi7FS47WzB2,6,0.8571428571428571,True,10,11
t2ianfmi7FS47WzB2,7,0.9285714285714286,True,10,11
t2ianfmi7FS47WzB2,8,0.8571428571428571,True,10,11
t2ianfmi7FS47WzB2,9,0.9285714285714286,True,10,11
t2ianfmi7FS47WzB2,10,0.8214285714285714,True,10,11
tAg9q2ANecZSWFGaT,0,0.48055555555555557,True,20,21
tAg9q2ANecZSWFGaT,1,0.41250000000000003,True,20,21
tAg9q2ANecZSWFGaT,2,0.490625,True,20,21
tAg9q2ANecZSWFGaT,3,0.36875,True,20,21
tAg9q2ANecZSWFGaT,4,0.38125,True,20,21
tAg9q2ANecZSWFGaT,5,0.43,True,20,21
tAg9q2ANecZSWFGaT,6,0.44333333333333336,True,20,21
tAg9q2ANecZSWFGaT,7,0.2866666666666667,True,20,21
tAg9q2ANecZSWFGaT,8,0.3,True,20,21
tAg9q2ANecZSWFGaT,9,0.31,True,20,21
tAg9q2ANecZSWFGaT,10,0.4346153846153846,True,20,21
tAg9q2ANecZSWFGaT,11,0.4846153846153846,True,20,21
tAg9q2ANecZSWFGaT,12,0.7961538461538461,True,20,21
tAg9q2ANecZSWFGaT,13,0.8653846153846154,True,20,21
tAg9q2ANecZSWFGaT,14,0.8307692307692308,True,20,21
tAg9q2ANecZSWFGaT,15,0.9538461538461539,True,20,21
tAg9q2ANecZSWFGaT,16,0.9423076923076923,True,20,21
tAg9q2ANecZSWFGaT,17,1.0,True,20,21
tAg9q2ANecZSWFGaT,18,1.0,True,20,21
tAg9q2ANecZSWFGaT,19,0.9423076923076923,True,20,21
tAg9q2ANecZSWFGaT,20,0.8269230769230769,True,20,21
tFRhYJxotc5za8JEj,0,0.8823529411764706,True,2,3
tFRhYJxotc5za8JEj,1,0.8235294117647058,True,2,3
tFRhYJxotc5za8JEj,2,0.9411764705882353,True,2,3
tHLnuqjhYmmnd47Wo,0,0.8875,False,7,8
tHLnuqjhYmmnd47Wo,1,0.775,False,7,8
tHLnuqjhYmmnd47Wo,2,0.7875,False,7,8
tHLnuqjhYmmnd47Wo,3,0.70625,False,7,8
tHLnuqjhYmmnd47Wo,4,0.75625,False,7,8
tHLnuqjhYmmnd47Wo,5,0.85,False,7,8
tHLnuqjhYmmnd47Wo,6,0.75625,False,7,8
tHLnuqjhYmmnd47Wo,7,0.6125,False,7,8
tdE5dFz3toTHkPcs2,0,1.0,False,23,24
tdE5dFz3toTHkPcs2,1,1.0,False,23,24
tdE5dFz3toTHkPcs2,2,0.8571428571428571,False,23,24
tdE5dFz3toTHkPcs2,3,0.42857142857142855,False,23,24
tdE5dFz3toTHkPcs2,4,0.5714285714285714,False,23,24
tdE5dFz3toTHkPcs2,5,0.14285714285714285,False,23,24
tdE5dFz3toTHkPcs2,6,0.42857142857142855,False,23,24
tdE5dFz3toTHkPcs2,7,0.42857142857142855,False,23,24
tdE5dFz3toTHkPcs2,8,0.42857142857142855,False,23,24
tdE5dFz3toTHkPcs2,9,0.42857142857142855,False,23,24
tdE5dFz3toTHkPcs2,10,0.14285714285714285,False,23,24
tdE5dFz3toTHkPcs2,11,0.14285714285714285,False,23,24
tdE5dFz3toTHkPcs2,12,0.42857142857142855,False,23,24
tdE5dFz3toTHkPcs2,13,0.2857142857142857,False,23,24
tdE5dFz3toTHkPcs2,14,0.0,False,23,24
tdE5dFz3toTHkPcs2,15,0.14285714285714285,False,23,24
tdE5dFz3toTHkPcs2,16,0.0,False,23,24
tdE5dFz3toTHkPcs2,17,0.2857142857142857,False,23,24
tdE5dFz3toTHkPcs2,18,0.42857142857142855,False,23,24
tdE5dFz3toTHkPcs2,19,0.2857142857142857,False,23,24
tdE5dFz3toTHkPcs2,20,0.2857142857142857,False,23,24
tdE5dFz3toTHkPcs2,21,0.14285714285714285,False,23,24
tdE5dFz3toTHkPcs2,22,0.14285714285714285,False,23,24
tdE5dFz3toTHkPcs2,23,0.2857142857142857,False,23,24
teduku6Nrk7RMtB78,0,0.8571428571428571,False,7,8
teduku6Nrk7RMtB78,1,0.5714285714285714,False,7,8
teduku6Nrk7RMtB78,2,0.5714285714285714,False,7,8
teduku6Nrk7RMtB78,3,0.2857142857142857,False,7,8
teduku6Nrk7RMtB78,4,0.7142857142857143,False,7,8
teduku6Nrk7RMtB78,5,0.7142857142857143,False,7,8
teduku6Nrk7RMtB78,6,0.8571428571428571,False,7,8
teduku6Nrk7RMtB78,7,0.7142857142857143,False,7,8
tg5DSqH3GhjbKQhef,0,0.875,False,8,9
tg5DSqH3GhjbKQhef,1,0.875,False,8,9
tg5DSqH3GhjbKQhef,2,0.75,False,8,9
tg5DSqH3GhjbKQhef,3,0.875,False,8,9
tg5DSqH3GhjbKQhef,4,0.9375,False,8,9
tg5DSqH3GhjbKQhef,5,0.75,False,8,9
tg5DSqH3GhjbKQhef,6,0.875,False,8,9
tg5DSqH3GhjbKQhef,7,0.875,False,8,9
tg5DSqH3GhjbKQhef,8,0.875,False,8,9
u28PsMXQy7Qpsg8hQ,0,0.9333333333333333,False,20,21
u28PsMXQy7Qpsg8hQ,1,0.8666666666666667,False,20,21
u28PsMXQy7Qpsg8hQ,2,0.8,False,20,21
u28PsMXQy7Qpsg8hQ,3,0.8,False,20,21
u28PsMXQy7Qpsg8hQ,4,0.8666666666666667,False,20,21
u28PsMXQy7Qpsg8hQ,5,0.8666666666666667,False,20,21
u28PsMXQy7Qpsg8hQ,6,0.8,False,20,21
u28PsMXQy7Qpsg8hQ,7,0.8,False,20,21
u28PsMXQy7Qpsg8hQ,8,0.8,False,20,21
u28PsMXQy7Qpsg8hQ,9,0.8666666666666667,False,20,21
u28PsMXQy7Qpsg8hQ,10,0.8666666666666667,False,20,21
u28PsMXQy7Qpsg8hQ,11,0.8,False,20,21
u28PsMXQy7Qpsg8hQ,12,0.8666666666666667,False,20,21
u28PsMXQy7Qpsg8hQ,13,0.8,False,20,21
u28PsMXQy7Qpsg8hQ,14,0.8,False,20,21
u28PsMXQy7Qpsg8hQ,15,0.7333333333333333,False,20,21
u28PsMXQy7Qpsg8hQ,16,0.8,False,20,21
u28PsMXQy7Qpsg8hQ,17,0.8,False,20,21
u28PsMXQy7Qpsg8hQ,18,0.8,False,20,21
u28PsMXQy7Qpsg8hQ,19,0.8,False,20,21
u28PsMXQy7Qpsg8hQ,20,0.7333333333333333,False,20,21
udY5Qm3YGQp32XWHz,0,0.5444444444444445,True,11,12
udY5Qm3YGQp32XWHz,1,0.6722222222222222,True,11,12
udY5Qm3YGQp32XWHz,2,0.8055555555555556,True,11,12
udY5Qm3YGQp32XWHz,3,0.8555555555555556,True,11,12
udY5Qm3YGQp32XWHz,4,0.8222222222222223,True,11,12
udY5Qm3YGQp32XWHz,5,0.8722222222222222,True,11,12
udY5Qm3YGQp32XWHz,6,0.8888888888888888,True,11,12
udY5Qm3YGQp32XWHz,7,0.8833333333333333,True,11,12
udY5Qm3YGQp32XWHz,8,0.8944444444444445,True,11,12
udY5Qm3YGQp32XWHz,9,0.8333333333333334,True,11,12
udY5Qm3YGQp32XWHz,10,0.5555555555555556,True,11,12
udY5Qm3YGQp32XWHz,11,0.7722222222222223,True,11,12
ufmbrcnKaMxcByHJu,0,0.6923076923076923,False,13,14
ufmbrcnKaMxcByHJu,1,0.5833333333333334,False,13,14
ufmbrcnKaMxcByHJu,2,0.5,False,13,14
ufmbrcnKaMxcByHJu,3,0.5833333333333334,False,13,14
ufmbrcnKaMxcByHJu,4,0.6666666666666666,False,13,14
ufmbrcnKaMxcByHJu,5,0.75,False,13,14
ufmbrcnKaMxcByHJu,6,0.6666666666666666,False,13,14
ufmbrcnKaMxcByHJu,7,0.8333333333333334,False,13,14
ufmbrcnKaMxcByHJu,8,0.5833333333333334,False,13,14
ufmbrcnKaMxcByHJu,9,0.4166666666666667,False,13,14
ufmbrcnKaMxcByHJu,10,0.75,False,13,14
ufmbrcnKaMxcByHJu,11,0.5,False,13,14
ufmbrcnKaMxcByHJu,12,0.5,False,13,14
ufmbrcnKaMxcByHJu,13,0.5833333333333334,False,13,14
v4ZA3KgMeMbhmDdPt,0,0.8181818181818182,True,8,9
v4ZA3KgMeMbhmDdPt,1,1.0,True,8,9
v4ZA3KgMeMbhmDdPt,2,1.0,True,8,9
v4ZA3KgMeMbhmDdPt,3,1.0,True,8,9
v4ZA3KgMeMbhmDdPt,4,1.0,True,8,9
v4ZA3KgMeMbhmDdPt,5,1.0,True,8,9
v4ZA3KgMeMbhmDdPt,6,1.0,True,8,9
v4ZA3KgMeMbhmDdPt,7,1.0,True,8,9
v4ZA3KgMeMbhmDdPt,8,1.0,True,8,9
vBgnoMjpekcpYDSZq,0,0.7058823529411765,True,20,21
vBgnoMjpekcpYDSZq,1,0.7058823529411765,True,20,21
vBgnoMjpekcpYDSZq,2,0.6470588235294118,True,20,21
vBgnoMjpekcpYDSZq,3,0.6470588235294118,True,20,21
vBgnoMjpekcpYDSZq,4,0.7647058823529411,True,20,21
vBgnoMjpekcpYDSZq,5,0.6470588235294118,True,20,21
vBgnoMjpekcpYDSZq,6,0.7647058823529411,True,20,21
vBgnoMjpekcpYDSZq,7,0.8235294117647058,True,20,21
vBgnoMjpekcpYDSZq,8,0.8235294117647058,True,20,21
vBgnoMjpekcpYDSZq,9,0.8235294117647058,True,20,21
vBgnoMjpekcpYDSZq,10,0.8235294117647058,True,20,21
vBgnoMjpekcpYDSZq,11,0.8235294117647058,True,20,21
vBgnoMjpekcpYDSZq,12,0.8823529411764706,True,20,21
vBgnoMjpekcpYDSZq,13,0.8235294117647058,True,20,21
vBgnoMjpekcpYDSZq,14,0.8235294117647058,True,20,21
vBgnoMjpekcpYDSZq,15,0.8823529411764706,True,20,21
vBgnoMjpekcpYDSZq,16,0.8823529411764706,True,20,21
vBgnoMjpekcpYDSZq,17,0.8823529411764706,True,20,21
vBgnoMjpekcpYDSZq,18,0.9411764705882353,True,20,21
vBgnoMjpekcpYDSZq,19,0.8823529411764706,True,20,21
vBgnoMjpekcpYDSZq,20,0.9411764705882353,True,20,21
vJjhQgXaEypDhJSTB,0,0.625,True,6,7
vJjhQgXaEypDhJSTB,1,0.6833333333333333,True,6,7
vJjhQgXaEypDhJSTB,2,0.8888888888888888,True,6,7
vJjhQgXaEypDhJSTB,3,1.0,True,6,7
vJjhQgXaEypDhJSTB,4,1.0,True,6,7
vJjhQgXaEypDhJSTB,5,1.0,True,6,7
vJjhQgXaEypDhJSTB,6,1.0,True,6,7
vbn6abRQXZihWaaaA,0,0.6388888888888888,True,21,22
vbn6abRQXZihWaaaA,1,0.5333333333333333,True,21,22
vbn6abRQXZihWaaaA,2,0.7166666666666667,True,21,22
vbn6abRQXZihWaaaA,3,0.8888888888888888,True,21,22
vbn6abRQXZihWaaaA,4,0.8388888888888889,True,21,22
vbn6abRQXZihWaaaA,5,0.8333333333333334,True,21,22
vbn6abRQXZihWaaaA,6,0.8333333333333334,True,21,22
vbn6abRQXZihWaaaA,7,0.9444444444444444,True,21,22
vbn6abRQXZihWaaaA,8,0.8833333333333333,True,21,22
vbn6abRQXZihWaaaA,9,0.9611111111111111,True,21,22
vbn6abRQXZihWaaaA,10,0.8722222222222222,True,21,22
vbn6abRQXZihWaaaA,11,0.8388888888888889,True,21,22
vbn6abRQXZihWaaaA,12,0.8555555555555556,True,21,22
vbn6abRQXZihWaaaA,13,0.7833333333333333,True,21,22
vbn6abRQXZihWaaaA,14,0.8944444444444445,True,21,22
vbn6abRQXZihWaaaA,15,0.7888888888888889,True,21,22
vbn6abRQXZihWaaaA,16,0.8888888888888888,True,21,22
vbn6abRQXZihWaaaA,17,0.8888888888888888,True,21,22
vbn6abRQXZihWaaaA,18,0.8888888888888888,True,21,22
vbn6abRQXZihWaaaA,19,0.7833333333333333,True,21,22
vbn6abRQXZihWaaaA,20,0.7277777777777777,True,21,22
vbn6abRQXZihWaaaA,21,0.7777777777777778,True,21,22
vgvnQRWF4kobEXxRv,0,0.6115384615384616,False,24,25
vgvnQRWF4kobEXxRv,1,0.6576923076923078,False,24,25
vgvnQRWF4kobEXxRv,2,0.5538461538461539,False,24,25
vgvnQRWF4kobEXxRv,3,0.4538461538461539,False,24,25
vgvnQRWF4kobEXxRv,4,0.5038461538461538,False,24,25
vgvnQRWF4kobEXxRv,5,0.5192307692307693,False,24,25
vgvnQRWF4kobEXxRv,6,0.4269230769230769,False,24,25
vgvnQRWF4kobEXxRv,7,0.44999999999999996,False,24,25
vgvnQRWF4kobEXxRv,8,0.4269230769230769,False,24,25
vgvnQRWF4kobEXxRv,9,0.4653846153846154,False,24,25
vgvnQRWF4kobEXxRv,10,0.4230769230769231,False,24,25
vgvnQRWF4kobEXxRv,11,0.3538461538461538,False,24,25
vgvnQRWF4kobEXxRv,12,0.3076923076923077,False,24,25
vgvnQRWF4kobEXxRv,13,0.41538461538461535,False,24,25
vgvnQRWF4kobEXxRv,14,0.2576923076923077,False,24,25
vgvnQRWF4kobEXxRv,15,0.22692307692307695,False,24,25
vgvnQRWF4kobEXxRv,16,0.27692307692307694,False,24,25
vgvnQRWF4kobEXxRv,17,0.27692307692307694,False,24,25
vgvnQRWF4kobEXxRv,18,0.2846153846153846,False,24,25
vgvnQRWF4kobEXxRv,19,0.22307692307692306,False,24,25
vgvnQRWF4kobEXxRv,20,0.3961538461538462,False,24,25
vgvnQRWF4kobEXxRv,21,0.33076923076923076,False,24,25
vgvnQRWF4kobEXxRv,22,0.3153846153846154,False,24,25
vgvnQRWF4kobEXxRv,23,0.23461538461538461,False,24,25
vgvnQRWF4kobEXxRv,24,0.2,False,24,25
vmjofGxA8WS3W7YBr,0,0.6599999999999999,False,26,27
vmjofGxA8WS3W7YBr,1,0.72,False,26,27
vmjofGxA8WS3W7YBr,2,0.6,False,26,27
vmjofGxA8WS3W7YBr,3,0.62,False,26,27
vmjofGxA8WS3W7YBr,4,0.6,False,26,27
vmjofGxA8WS3W7YBr,5,0.45,False,26,27
vmjofGxA8WS3W7YBr,6,0.5,False,26,27
vmjofGxA8WS3W7YBr,7,0.33999999999999997,False,26,27
vmjofGxA8WS3W7YBr,8,0.3,False,26,27
vmjofGxA8WS3W7YBr,9,0.35,False,26,27
vmjofGxA8WS3W7YBr,10,0.5,False,26,27
vmjofGxA8WS3W7YBr,11,0.3,False,26,27
vmjofGxA8WS3W7YBr,12,0.3,False,26,27
vmjofGxA8WS3W7YBr,13,0.4,False,26,27
vmjofGxA8WS3W7YBr,14,0.5,False,26,27
vmjofGxA8WS3W7YBr,15,0.3,False,26,27
vmjofGxA8WS3W7YBr,16,0.3,False,26,27
vmjofGxA8WS3W7YBr,17,0.37,False,26,27
vmjofGxA8WS3W7YBr,18,0.3,False,26,27
vmjofGxA8WS3W7YBr,19,0.25,False,26,27
vmjofGxA8WS3W7YBr,20,0.3,False,26,27
vmjofGxA8WS3W7YBr,21,0.32999999999999996,False,26,27
vmjofGxA8WS3W7YBr,22,0.6,False,26,27
vmjofGxA8WS3W7YBr,23,0.5,False,26,27
vmjofGxA8WS3W7YBr,24,0.4,False,26,27
vmjofGxA8WS3W7YBr,25,0.4,False,26,27
vmjofGxA8WS3W7YBr,26,0.4,False,26,27
w3jny86AB5GuGBXub,0,0.8,True,28,29
w3jny86AB5GuGBXub,1,0.8,True,28,29
w3jny86AB5GuGBXub,2,0.6,True,28,29
w3jny86AB5GuGBXub,3,0.8,True,28,29
w3jny86AB5GuGBXub,4,0.6,True,28,29
w3jny86AB5GuGBXub,5,0.6,True,28,29
w3jny86AB5GuGBXub,6,0.2,True,28,29
w3jny86AB5GuGBXub,7,0.6,True,28,29
w3jny86AB5GuGBXub,8,0.8,True,28,29
w3jny86AB5GuGBXub,9,0.8,True,28,29
w3jny86AB5GuGBXub,10,0.8,True,28,29
w3jny86AB5GuGBXub,11,0.4,True,28,29
w3jny86AB5GuGBXub,12,0.8,True,28,29
w3jny86AB5GuGBXub,13,0.6,True,28,29
w3jny86AB5GuGBXub,14,0.6,True,28,29
w3jny86AB5GuGBXub,15,0.6,True,28,29
w3jny86AB5GuGBXub,16,0.6,True,28,29
w3jny86AB5GuGBXub,17,0.4,True,28,29
w3jny86AB5GuGBXub,18,0.4,True,28,29
w3jny86AB5GuGBXub,19,0.6,True,28,29
w3jny86AB5GuGBXub,20,0.6,True,28,29
w3jny86AB5GuGBXub,21,0.6,True,28,29
w3jny86AB5GuGBXub,22,0.6,True,28,29
w3jny86AB5GuGBXub,23,0.6,True,28,29
w3jny86AB5GuGBXub,24,0.6,True,28,29
w3jny86AB5GuGBXub,25,0.4,True,28,29
w3jny86AB5GuGBXub,26,0.6,True,28,29
w3jny86AB5GuGBXub,27,0.6,True,28,29
w3jny86AB5GuGBXub,28,0.6,True,28,29
w48b2EcDHyTak85HB,0,0.6642857142857144,False,21,22
w48b2EcDHyTak85HB,1,0.9285714285714286,False,21,22
w48b2EcDHyTak85HB,2,1.0,False,21,22
w48b2EcDHyTak85HB,3,1.0,False,21,22
w48b2EcDHyTak85HB,4,1.0,False,21,22
w48b2EcDHyTak85HB,5,1.0,False,21,22
w48b2EcDHyTak85HB,6,1.0,False,21,22
w48b2EcDHyTak85HB,7,1.0,False,21,22
w48b2EcDHyTak85HB,8,1.0,False,21,22
w48b2EcDHyTak85HB,9,1.0,False,21,22
w48b2EcDHyTak85HB,10,1.0,False,21,22
w48b2EcDHyTak85HB,11,1.0,False,21,22
w48b2EcDHyTak85HB,12,1.0,False,21,22
w48b2EcDHyTak85HB,13,1.0,False,21,22
w48b2EcDHyTak85HB,14,1.0,False,21,22
w48b2EcDHyTak85HB,15,1.0,False,21,22
w48b2EcDHyTak85HB,16,1.0,False,21,22
w48b2EcDHyTak85HB,17,1.0,False,21,22
w48b2EcDHyTak85HB,18,1.0,False,21,22
w48b2EcDHyTak85HB,19,1.0,False,21,22
w48b2EcDHyTak85HB,20,1.0,False,21,22
w48b2EcDHyTak85HB,21,1.0,False,21,22
w7oZn8rW3v7T6ZYpy,0,0.8,False,3,4
w7oZn8rW3v7T6ZYpy,1,0.4666666666666667,False,3,4
w7oZn8rW3v7T6ZYpy,2,0.8,False,3,4
w7oZn8rW3v7T6ZYpy,3,0.4,False,3,4
wBzG27wHvgakgNDhy,0,0.7333333333333334,False,26,27
wBzG27wHvgakgNDhy,1,0.6,False,26,27
wBzG27wHvgakgNDhy,2,0.8333333333333334,False,26,27
wBzG27wHvgakgNDhy,3,0.8916666666666666,False,26,27
wBzG27wHvgakgNDhy,4,0.875,False,26,27
wBzG27wHvgakgNDhy,5,0.7416666666666667,False,26,27
wBzG27wHvgakgNDhy,6,0.8166666666666668,False,26,27
wBzG27wHvgakgNDhy,7,0.7916666666666666,False,26,27
wBzG27wHvgakgNDhy,8,0.75,False,26,27
wBzG27wHvgakgNDhy,9,0.75,False,26,27
wBzG27wHvgakgNDhy,10,0.7999999999999999,False,26,27
wBzG27wHvgakgNDhy,11,0.85,False,26,27
wBzG27wHvgakgNDhy,12,0.6916666666666668,False,26,27
wBzG27wHvgakgNDhy,13,0.7583333333333333,False,26,27
wBzG27wHvgakgNDhy,14,0.8416666666666667,False,26,27
wBzG27wHvgakgNDhy,15,0.8416666666666667,False,26,27
wBzG27wHvgakgNDhy,16,0.85,False,26,27
wBzG27wHvgakgNDhy,17,0.775,False,26,27
wBzG27wHvgakgNDhy,18,0.8250000000000001,False,26,27
wBzG27wHvgakgNDhy,19,0.8666666666666667,False,26,27
wBzG27wHvgakgNDhy,20,0.8666666666666667,False,26,27
wBzG27wHvgakgNDhy,21,0.8583333333333334,False,26,27
wBzG27wHvgakgNDhy,22,0.8666666666666667,False,26,27
wBzG27wHvgakgNDhy,23,0.9666666666666667,False,26,27
wBzG27wHvgakgNDhy,24,0.8833333333333333,False,26,27
wBzG27wHvgakgNDhy,25,0.8083333333333332,False,26,27
wBzG27wHvgakgNDhy,26,0.85,False,26,27
wakTScBMc3QzxyNpA,0,0.5928571428571429,False,16,17
wakTScBMc3QzxyNpA,1,0.7214285714285714,False,16,17
wakTScBMc3QzxyNpA,2,0.75,False,16,17
wakTScBMc3QzxyNpA,3,0.5571428571428572,False,16,17
wakTScBMc3QzxyNpA,4,0.55,False,16,17
wakTScBMc3QzxyNpA,5,0.4571428571428572,False,16,17
wakTScBMc3QzxyNpA,6,0.75,False,16,17
wakTScBMc3QzxyNpA,7,0.6857142857142857,False,16,17
wakTScBMc3QzxyNpA,8,0.5857142857142856,False,16,17
wakTScBMc3QzxyNpA,9,0.7071428571428572,False,16,17
wakTScBMc3QzxyNpA,10,0.5285714285714286,False,16,17
wakTScBMc3QzxyNpA,11,0.6142857142857142,False,16,17
wakTScBMc3QzxyNpA,12,0.5428571428571428,False,16,17
wakTScBMc3QzxyNpA,13,0.7285714285714285,False,16,17
wakTScBMc3QzxyNpA,14,0.4714285714285714,False,16,17
wakTScBMc3QzxyNpA,15,0.6071428571428571,False,16,17
wakTScBMc3QzxyNpA,16,0.6,False,16,17
wgkACXaDNh5bKmY9b,0,0.5821428571428572,True,15,16
wgkACXaDNh5bKmY9b,1,0.6964285714285714,True,15,16
wgkACXaDNh5bKmY9b,2,0.8214285714285714,True,15,16
wgkACXaDNh5bKmY9b,3,0.8142857142857143,True,15,16
wgkACXaDNh5bKmY9b,4,0.85,True,15,16
wgkACXaDNh5bKmY9b,5,0.8571428571428571,True,15,16
wgkACXaDNh5bKmY9b,6,0.8607142857142858,True,15,16
wgkACXaDNh5bKmY9b,7,0.8928571428571429,True,15,16
wgkACXaDNh5bKmY9b,8,0.9642857142857143,True,15,16
wgkACXaDNh5bKmY9b,9,0.9285714285714286,True,15,16
wgkACXaDNh5bKmY9b,10,1.0,True,15,16
wgkACXaDNh5bKmY9b,11,1.0,True,15,16
wgkACXaDNh5bKmY9b,12,1.0,True,15,16
wgkACXaDNh5bKmY9b,13,1.0,True,15,16
wgkACXaDNh5bKmY9b,14,1.0,True,15,16
wgkACXaDNh5bKmY9b,15,1.0,True,15,16
wpdN66N9pAHhWsEkE,0,0.6666666666666666,True,5,6
wpdN66N9pAHhWsEkE,1,0.6363636363636364,True,5,6
wpdN66N9pAHhWsEkE,2,0.6363636363636364,True,5,6
wpdN66N9pAHhWsEkE,3,0.6363636363636364,True,5,6
wpdN66N9pAHhWsEkE,4,0.7272727272727273,True,5,6
wpdN66N9pAHhWsEkE,5,0.45454545454545453,True,5,6
xB5cfM36frfgH2uiS,0,1.0,False,28,29
xB5cfM36frfgH2uiS,1,1.0,False,28,29
xB5cfM36frfgH2uiS,2,1.0,False,28,29
xB5cfM36frfgH2uiS,3,1.0,False,28,29
xB5cfM36frfgH2uiS,4,1.0,False,28,29
xB5cfM36frfgH2uiS,5,1.0,False,28,29
xB5cfM36frfgH2uiS,6,1.0,False,28,29
xB5cfM36frfgH2uiS,7,1.0,False,28,29
xB5cfM36frfgH2uiS,8,1.0,False,28,29
xB5cfM36frfgH2uiS,9,1.0,False,28,29
xB5cfM36frfgH2uiS,10,1.0,False,28,29
xB5cfM36frfgH2uiS,11,1.0,False,28,29
xB5cfM36frfgH2uiS,12,1.0,False,28,29
xB5cfM36frfgH2uiS,13,1.0,False,28,29
xB5cfM36frfgH2uiS,14,1.0,False,28,29
xB5cfM36frfgH2uiS,15,1.0,False,28,29
xB5cfM36frfgH2uiS,16,1.0,False,28,29
xB5cfM36frfgH2uiS,17,1.0,False,28,29
xB5cfM36frfgH2uiS,18,1.0,False,28,29
xB5cfM36frfgH2uiS,19,1.0,False,28,29
xB5cfM36frfgH2uiS,20,1.0,False,28,29
xB5cfM36frfgH2uiS,21,1.0,False,28,29
xB5cfM36frfgH2uiS,22,1.0,False,28,29
xB5cfM36frfgH2uiS,23,1.0,False,28,29
xB5cfM36frfgH2uiS,24,1.0,False,28,29
xB5cfM36frfgH2uiS,25,1.0,False,28,29
xB5cfM36frfgH2uiS,26,1.0,False,28,29
xB5cfM36frfgH2uiS,27,1.0,False,28,29
xB5cfM36frfgH2uiS,28,1.0,False,28,29
xEP5rajASDPJkWH94,0,0.7735294117647059,True,25,26
xEP5rajASDPJkWH94,1,0.9323529411764706,True,25,26
xEP5rajASDPJkWH94,2,0.9264705882352942,True,25,26
xEP5rajASDPJkWH94,3,0.9147058823529413,True,25,26
xEP5rajASDPJkWH94,4,0.9264705882352942,True,25,26
xEP5rajASDPJkWH94,5,0.9294117647058824,True,25,26
xEP5rajASDPJkWH94,6,0.9294117647058824,True,25,26
xEP5rajASDPJkWH94,7,0.9705882352941176,True,25,26
xEP5rajASDPJkWH94,8,0.9852941176470589,True,25,26
xEP5rajASDPJkWH94,9,1.0,True,25,26
xEP5rajASDPJkWH94,10,1.0,True,25,26
xEP5rajASDPJkWH94,11,0.9941176470588234,True,25,26
xEP5rajASDPJkWH94,12,1.0,True,25,26
xEP5rajASDPJkWH94,13,1.0,True,25,26
xEP5rajASDPJkWH94,14,0.9117647058823529,True,25,26
xEP5rajASDPJkWH94,15,0.9235294117647058,True,25,26
xEP5rajASDPJkWH94,16,1.0,True,25,26
xEP5rajASDPJkWH94,17,1.0,True,25,26
xEP5rajASDPJkWH94,18,1.0,True,25,26
xEP5rajASDPJkWH94,19,0.9117647058823529,True,25,26
xEP5rajASDPJkWH94,20,1.0,True,25,26
xEP5rajASDPJkWH94,21,0.9323529411764706,True,25,26
xEP5rajASDPJkWH94,22,1.0,True,25,26
xEP5rajASDPJkWH94,23,1.0,True,25,26
xEP5rajASDPJkWH94,24,1.0,True,25,26
xEP5rajASDPJkWH94,25,1.0,True,25,26
xHQbTZiSs5zr4EBZ3,0,0.5807692307692307,False,7,8
xHQbTZiSs5zr4EBZ3,1,0.6038461538461538,False,7,8
xHQbTZiSs5zr4EBZ3,2,0.7666666666666666,False,7,8
xHQbTZiSs5zr4EBZ3,3,0.8333333333333334,False,7,8
xHQbTZiSs5zr4EBZ3,4,0.6208333333333333,False,7,8
xHQbTZiSs5zr4EBZ3,5,0.8291666666666666,False,7,8
xHQbTZiSs5zr4EBZ3,6,0.725,False,7,8
xHQbTZiSs5zr4EBZ3,7,0.5916666666666667,False,7,8
xhG3NHNxbrtJBH8ZE,0,0.47058823529411764,True,2,3
xhG3NHNxbrtJBH8ZE,1,0.7058823529411765,True,2,3
xhG3NHNxbrtJBH8ZE,2,0.7058823529411765,True,2,3
xkkRZu2N2XeBWnmqc,0,0.41111111111111115,False,12,13
xkkRZu2N2XeBWnmqc,1,0.3125,False,12,13
xkkRZu2N2XeBWnmqc,2,0.34375,False,12,13
xkkRZu2N2XeBWnmqc,3,0.1875,False,12,13
xkkRZu2N2XeBWnmqc,4,0.175,False,12,13
xkkRZu2N2XeBWnmqc,5,0.1125,False,12,13
xkkRZu2N2XeBWnmqc,6,0.13125,False,12,13
xkkRZu2N2XeBWnmqc,7,0.275,False,12,13
xkkRZu2N2XeBWnmqc,8,0.05,False,12,13
xkkRZu2N2XeBWnmqc,9,0.10625,False,12,13
xkkRZu2N2XeBWnmqc,10,0.1,False,12,13
xkkRZu2N2XeBWnmqc,11,0.06875,False,12,13
xkkRZu2N2XeBWnmqc,12,0.08750000000000001,False,12,13
xqCmsi4SBLqDyFbtD,0,1.0,True,19,20
xqCmsi4SBLqDyFbtD,1,0.9285714285714286,True,19,20
xqCmsi4SBLqDyFbtD,2,1.0,True,19,20
xqCmsi4SBLqDyFbtD,3,0.9285714285714286,True,19,20
xqCmsi4SBLqDyFbtD,4,0.9285714285714286,True,19,20
xqCmsi4SBLqDyFbtD,5,1.0,True,19,20
xqCmsi4SBLqDyFbtD,6,1.0,True,19,20
xqCmsi4SBLqDyFbtD,7,1.0,True,19,20
xqCmsi4SBLqDyFbtD,8,0.9285714285714286,True,19,20
xqCmsi4SBLqDyFbtD,9,0.9285714285714286,True,19,20
xqCmsi4SBLqDyFbtD,10,1.0,True,19,20
xqCmsi4SBLqDyFbtD,11,0.9285714285714286,True,19,20
xqCmsi4SBLqDyFbtD,12,1.0,True,19,20
xqCmsi4SBLqDyFbtD,13,1.0,True,19,20
xqCmsi4SBLqDyFbtD,14,1.0,True,19,20
xqCmsi4SBLqDyFbtD,15,0.9285714285714286,True,19,20
xqCmsi4SBLqDyFbtD,16,1.0,True,19,20
xqCmsi4SBLqDyFbtD,17,1.0,True,19,20
xqCmsi4SBLqDyFbtD,18,0.9285714285714286,True,19,20
xqCmsi4SBLqDyFbtD,19,1.0,True,19,20
yK3WaMDvWK3aXhFXR,0,0.7777777777777778,False,3,4
yK3WaMDvWK3aXhFXR,1,0.75,False,3,4
yK3WaMDvWK3aXhFXR,2,0.625,False,3,4
yK3WaMDvWK3aXhFXR,3,0.625,False,3,4
yKwnChuEmdBZrpZE5,0,0.925,False,27,28
yKwnChuEmdBZrpZE5,1,0.925,False,27,28
yKwnChuEmdBZrpZE5,2,0.9285714285714286,False,27,28
yKwnChuEmdBZrpZE5,3,0.9285714285714286,False,27,28
yKwnChuEmdBZrpZE5,4,0.9285714285714286,False,27,28
yKwnChuEmdBZrpZE5,5,1.0,False,27,28
yKwnChuEmdBZrpZE5,6,0.9857142857142858,False,27,28
yKwnChuEmdBZrpZE5,7,0.9857142857142858,False,27,28
yKwnChuEmdBZrpZE5,8,1.0,False,27,28
yKwnChuEmdBZrpZE5,9,1.0,False,27,28
yKwnChuEmdBZrpZE5,10,0.9928571428571429,False,27,28
yKwnChuEmdBZrpZE5,11,0.9928571428571429,False,27,28
yKwnChuEmdBZrpZE5,12,0.9928571428571429,False,27,28
yKwnChuEmdBZrpZE5,13,1.0,False,27,28
yKwnChuEmdBZrpZE5,14,0.9642857142857143,False,27,28
yKwnChuEmdBZrpZE5,15,1.0,False,27,28
yKwnChuEmdBZrpZE5,16,1.0,False,27,28
yKwnChuEmdBZrpZE5,17,1.0,False,27,28
yKwnChuEmdBZrpZE5,18,1.0,False,27,28
yKwnChuEmdBZrpZE5,19,1.0,False,27,28
yKwnChuEmdBZrpZE5,20,1.0,False,27,28
yKwnChuEmdBZrpZE5,21,1.0,False,27,28
yKwnChuEmdBZrpZE5,22,1.0,False,27,28
yKwnChuEmdBZrpZE5,23,1.0,False,27,28
yKwnChuEmdBZrpZE5,24,1.0,False,27,28
yKwnChuEmdBZrpZE5,25,1.0,False,27,28
yKwnChuEmdBZrpZE5,26,1.0,False,27,28
yKwnChuEmdBZrpZE5,27,0.8571428571428571,False,27,28
yPACeymidYic32peG,0,0.7857142857142857,True,13,14
yPACeymidYic32peG,1,0.7857142857142857,True,13,14
yPACeymidYic32peG,2,0.7142857142857143,True,13,14
yPACeymidYic32peG,3,0.6428571428571429,True,13,14
yPACeymidYic32peG,4,0.7857142857142857,True,13,14
yPACeymidYic32peG,5,0.7857142857142857,True,13,14
yPACeymidYic32peG,6,0.7857142857142857,True,13,14
yPACeymidYic32peG,7,0.7142857142857143,True,13,14
yPACeymidYic32peG,8,0.8571428571428571,True,13,14
yPACeymidYic32peG,9,0.7857142857142857,True,13,14
yPACeymidYic32peG,10,0.7857142857142857,True,13,14
yPACeymidYic32peG,11,0.7142857142857143,True,13,14
yPACeymidYic32peG,12,0.8571428571428571,True,13,14
yPACeymidYic32peG,13,0.6428571428571429,True,13,14
yQMhKhtLwGw4ucZdZ,0,0.875,False,14,15
yQMhKhtLwGw4ucZdZ,1,0.875,False,14,15
yQMhKhtLwGw4ucZdZ,2,0.75,False,14,15
yQMhKhtLwGw4ucZdZ,3,0.625,False,14,15
yQMhKhtLwGw4ucZdZ,4,0.875,False,14,15
yQMhKhtLwGw4ucZdZ,5,0.875,False,14,15
yQMhKhtLwGw4ucZdZ,6,0.75,False,14,15
yQMhKhtLwGw4ucZdZ,7,0.75,False,14,15
yQMhKhtLwGw4ucZdZ,8,0.875,False,14,15
yQMhKhtLwGw4ucZdZ,9,0.875,False,14,15
yQMhKhtLwGw4ucZdZ,10,0.625,False,14,15
yQMhKhtLwGw4ucZdZ,11,0.625,False,14,15
yQMhKhtLwGw4ucZdZ,12,0.75,False,14,15
yQMhKhtLwGw4ucZdZ,13,0.625,False,14,15
yQMhKhtLwGw4ucZdZ,14,0.5,False,14,15
ypRjimF2itrJKQLYE,0,0.75,False,23,24
ypRjimF2itrJKQLYE,1,0.625,False,23,24
ypRjimF2itrJKQLYE,2,0.5,False,23,24
ypRjimF2itrJKQLYE,3,0.75,False,23,24
ypRjimF2itrJKQLYE,4,0.625,False,23,24
ypRjimF2itrJKQLYE,5,0.5,False,23,24
ypRjimF2itrJKQLYE,6,0.625,False,23,24
ypRjimF2itrJKQLYE,7,0.375,False,23,24
ypRjimF2itrJKQLYE,8,0.5,False,23,24
ypRjimF2itrJKQLYE,9,0.375,False,23,24
ypRjimF2itrJKQLYE,10,0.75,False,23,24
ypRjimF2itrJKQLYE,11,0.5,False,23,24
ypRjimF2itrJKQLYE,12,0.5714285714285714,False,23,24
ypRjimF2itrJKQLYE,13,0.5714285714285714,False,23,24
ypRjimF2itrJKQLYE,14,0.5714285714285714,False,23,24
ypRjimF2itrJKQLYE,15,0.5714285714285714,False,23,24
ypRjimF2itrJKQLYE,16,0.2857142857142857,False,23,24
ypRjimF2itrJKQLYE,17,0.2857142857142857,False,23,24
ypRjimF2itrJKQLYE,18,0.2857142857142857,False,23,24
ypRjimF2itrJKQLYE,19,0.14285714285714285,False,23,24
ypRjimF2itrJKQLYE,20,0.2857142857142857,False,23,24
ypRjimF2itrJKQLYE,21,0.14285714285714285,False,23,24
ypRjimF2itrJKQLYE,22,0.14285714285714285,False,23,24
ypRjimF2itrJKQLYE,23,0.14285714285714285,False,23,24
ytqvPjvGXqkzDDsKY,0,0.7763157894736842,True,15,16
ytqvPjvGXqkzDDsKY,1,0.8157894736842105,True,15,16
ytqvPjvGXqkzDDsKY,2,0.7999999999999999,True,15,16
ytqvPjvGXqkzDDsKY,3,0.9052631578947368,True,15,16
ytqvPjvGXqkzDDsKY,4,0.9210526315789473,True,15,16
ytqvPjvGXqkzDDsKY,5,0.9444444444444444,True,15,16
ytqvPjvGXqkzDDsKY,6,1.0,True,15,16
ytqvPjvGXqkzDDsKY,7,0.9411764705882353,True,15,16
ytqvPjvGXqkzDDsKY,8,1.0,True,15,16
ytqvPjvGXqkzDDsKY,9,0.9705882352941176,True,15,16
ytqvPjvGXqkzDDsKY,10,0.9705882352941176,True,15,16
ytqvPjvGXqkzDDsKY,11,0.9411764705882353,True,15,16
ytqvPjvGXqkzDDsKY,12,0.9411764705882353,True,15,16
ytqvPjvGXqkzDDsKY,13,0.9705882352941176,True,15,16
ytqvPjvGXqkzDDsKY,14,0.9411764705882353,True,15,16
ytqvPjvGXqkzDDsKY,15,0.9411764705882353,True,15,16
yx4HW98oi88LT5RNn,0,0.6605263157894737,False,27,28
yx4HW98oi88LT5RNn,1,0.75,False,27,28
yx4HW98oi88LT5RNn,2,0.7552631578947369,False,27,28
yx4HW98oi88LT5RNn,3,0.7710526315789474,False,27,28
yx4HW98oi88LT5RNn,4,0.7105263157894737,False,27,28
yx4HW98oi88LT5RNn,5,0.7421052631578947,False,27,28
yx4HW98oi88LT5RNn,6,0.7263157894736842,False,27,28
yx4HW98oi88LT5RNn,7,0.7421052631578947,False,27,28
yx4HW98oi88LT5RNn,8,0.7921052631578948,False,27,28
yx4HW98oi88LT5RNn,9,0.7473684210526316,False,27,28
yx4HW98oi88LT5RNn,10,0.718421052631579,False,27,28
yx4HW98oi88LT5RNn,11,0.8052631578947369,False,27,28
yx4HW98oi88LT5RNn,12,0.7394736842105264,False,27,28
yx4HW98oi88LT5RNn,13,0.718421052631579,False,27,28
yx4HW98oi88LT5RNn,14,0.6842105263157895,False,27,28
yx4HW98oi88LT5RNn,15,0.7236842105263158,False,27,28
yx4HW98oi88LT5RNn,16,0.7157894736842105,False,27,28
yx4HW98oi88LT5RNn,17,0.7657894736842105,False,27,28
yx4HW98oi88LT5RNn,18,0.7421052631578947,False,27,28
yx4HW98oi88LT5RNn,19,0.7368421052631579,False,27,28
yx4HW98oi88LT5RNn,20,0.7368421052631579,False,27,28
yx4HW98oi88LT5RNn,21,0.6789473684210526,False,27,28
yx4HW98oi88LT5RNn,22,0.6842105263157895,False,27,28
yx4HW98oi88LT5RNn,23,0.6973684210526315,False,27,28
yx4HW98oi88LT5RNn,24,0.7578947368421053,False,27,28
yx4HW98oi88LT5RNn,25,0.7052631578947368,False,27,28
yx4HW98oi88LT5RNn,26,0.6815789473684211,False,27,28
yx4HW98oi88LT5RNn,27,0.6526315789473685,False,27,28
z5KnsyKMZuhXgJc6s,0,0.875,True,24,25
z5KnsyKMZuhXgJc6s,1,1.0,True,24,25
z5KnsyKMZuhXgJc6s,2,1.0,True,24,25
z5KnsyKMZuhXgJc6s,3,1.0,True,24,25
z5KnsyKMZuhXgJc6s,4,1.0,True,24,25
z5KnsyKMZuhXgJc6s,5,1.0,True,24,25
z5KnsyKMZuhXgJc6s,6,1.0,True,24,25
z5KnsyKMZuhXgJc6s,7,1.0,True,24,25
z5KnsyKMZuhXgJc6s,8,1.0,True,24,25
z5KnsyKMZuhXgJc6s,9,1.0,True,24,25
z5KnsyKMZuhXgJc6s,10,1.0,True,24,25
z5KnsyKMZuhXgJc6s,11,1.0,True,24,25
z5KnsyKMZuhXgJc6s,12,1.0,True,24,25
z5KnsyKMZuhXgJc6s,13,1.0,True,24,25
z5KnsyKMZuhXgJc6s,14,1.0,True,24,25
z5KnsyKMZuhXgJc6s,15,1.0,True,24,25
z5KnsyKMZuhXgJc6s,16,1.0,True,24,25
z5KnsyKMZuhXgJc6s,17,1.0,True,24,25
z5KnsyKMZuhXgJc6s,18,1.0,True,24,25
z5KnsyKMZuhXgJc6s,19,1.0,True,24,25
z5KnsyKMZuhXgJc6s,20,1.0,True,24,25
z5KnsyKMZuhXgJc6s,21,1.0,True,24,25
z5KnsyKMZuhXgJc6s,22,1.0,True,24,25
z5KnsyKMZuhXgJc6s,23,1.0,True,24,25
z5KnsyKMZuhXgJc6s,24,1.0,True,24,25
zHSydHxT3qxh5Z7b3,0,0.7894736842105263,True,13,14
zHSydHxT3qxh5Z7b3,1,0.7894736842105263,True,13,14
zHSydHxT3qxh5Z7b3,2,0.7368421052631579,True,13,14
zHSydHxT3qxh5Z7b3,3,0.8947368421052632,True,13,14
zHSydHxT3qxh5Z7b3,4,0.8947368421052632,True,13,14
zHSydHxT3qxh5Z7b3,5,0.8947368421052632,True,13,14
zHSydHxT3qxh5Z7b3,6,0.9473684210526315,True,13,14
zHSydHxT3qxh5Z7b3,7,0.9473684210526315,True,13,14
zHSydHxT3qxh5Z7b3,8,0.9473684210526315,True,13,14
zHSydHxT3qxh5Z7b3,9,0.9473684210526315,True,13,14
zHSydHxT3qxh5Z7b3,10,1.0,True,13,14
zHSydHxT3qxh5Z7b3,11,1.0,True,13,14
zHSydHxT3qxh5Z7b3,12,1.0,True,13,14
zHSydHxT3qxh5Z7b3,13,0.8421052631578947,True,13,14
zLtu6cXX24KhhWfaJ,0,0.7368421052631579,False,3,4
zLtu6cXX24KhhWfaJ,1,0.7368421052631579,False,3,4
zLtu6cXX24KhhWfaJ,2,0.7222222222222222,False,3,4
zLtu6cXX24KhhWfaJ,3,0.7222222222222222,False,3,4
zQnZ9X9zHXbheAcTT,0,0.42000000000000004,True,6,7
zQnZ9X9zHXbheAcTT,1,0.27999999999999997,True,6,7
zQnZ9X9zHXbheAcTT,2,0.15,True,6,7
zQnZ9X9zHXbheAcTT,3,0.19,True,6,7
zQnZ9X9zHXbheAcTT,4,0.16999999999999998,True,6,7
zQnZ9X9zHXbheAcTT,5,0.1,True,6,7
zQnZ9X9zHXbheAcTT,6,0.0,True,6,7
zSShqhQ7xiCcHZSJP,0,0.9285714285714286,False,19,20
zSShqhQ7xiCcHZSJP,1,0.8571428571428571,False,19,20
zSShqhQ7xiCcHZSJP,2,0.8571428571428571,False,19,20
zSShqhQ7xiCcHZSJP,3,0.9285714285714286,False,19,20
zSShqhQ7xiCcHZSJP,4,0.9285714285714286,False,19,20
zSShqhQ7xiCcHZSJP,5,0.8571428571428571,False,19,20
zSShqhQ7xiCcHZSJP,6,0.7857142857142857,False,19,20
zSShqhQ7xiCcHZSJP,7,0.7142857142857143,False,19,20
zSShqhQ7xiCcHZSJP,8,0.8571428571428571,False,19,20
zSShqhQ7xiCcHZSJP,9,0.7857142857142857,False,19,20
zSShqhQ7xiCcHZSJP,10,0.9285714285714286,False,19,20
zSShqhQ7xiCcHZSJP,11,0.9285714285714286,False,19,20
zSShqhQ7xiCcHZSJP,12,1.0,False,19,20
zSShqhQ7xiCcHZSJP,13,0.8571428571428571,False,19,20
zSShqhQ7xiCcHZSJP,14,0.9285714285714286,False,19,20
zSShqhQ7xiCcHZSJP,15,0.9285714285714286,False,19,20
zSShqhQ7xiCcHZSJP,16,1.0,False,19,20
zSShqhQ7xiCcHZSJP,17,1.0,False,19,20
zSShqhQ7xiCcHZSJP,18,1.0,False,19,20
zSShqhQ7xiCcHZSJP,19,0.8571428571428571,False,19,20
zTbHGGYYavSwFSdRx,0,0.8461538461538461,False,16,17
zTbHGGYYavSwFSdRx,1,0.6923076923076923,False,16,17
zTbHGGYYavSwFSdRx,2,0.8461538461538461,False,16,17
zTbHGGYYavSwFSdRx,3,0.8461538461538461,False,16,17
zTbHGGYYavSwFSdRx,4,0.8461538461538461,False,16,17
zTbHGGYYavSwFSdRx,5,0.8461538461538461,False,16,17
zTbHGGYYavSwFSdRx,6,0.7692307692307693,False,16,17
zTbHGGYYavSwFSdRx,7,0.7692307692307693,False,16,17
zTbHGGYYavSwFSdRx,8,0.8461538461538461,False,16,17
zTbHGGYYavSwFSdRx,9,0.8461538461538461,False,16,17
zTbHGGYYavSwFSdRx,10,0.8461538461538461,False,16,17
zTbHGGYYavSwFSdRx,11,0.9230769230769231,False,16,17
zTbHGGYYavSwFSdRx,12,0.9230769230769231,False,16,17
zTbHGGYYavSwFSdRx,13,0.9230769230769231,False,16,17
zTbHGGYYavSwFSdRx,14,0.9230769230769231,False,16,17
zTbHGGYYavSwFSdRx,15,0.9230769230769231,False,16,17
zTbHGGYYavSwFSdRx,16,0.8461538461538461,False,16,17
zhZNqqHS7Aa6X9P8M,0,0.6125,True,21,22
zhZNqqHS7Aa6X9P8M,1,0.8105263157894737,True,21,22
zhZNqqHS7Aa6X9P8M,2,0.8526315789473684,True,21,22
zhZNqqHS7Aa6X9P8M,3,0.8394736842105263,True,21,22
zhZNqqHS7Aa6X9P8M,4,0.718421052631579,True,21,22
zhZNqqHS7Aa6X9P8M,5,0.8394736842105263,True,21,22
zhZNqqHS7Aa6X9P8M,6,0.868421052631579,True,21,22
zhZNqqHS7Aa6X9P8M,7,0.8578947368421053,True,21,22
zhZNqqHS7Aa6X9P8M,8,0.8763157894736842,True,21,22
zhZNqqHS7Aa6X9P8M,9,0.8026315789473685,True,21,22
zhZNqqHS7Aa6X9P8M,10,0.7736842105263158,True,21,22
zhZNqqHS7Aa6X9P8M,11,0.8052631578947369,True,21,22
zhZNqqHS7Aa6X9P8M,12,0.8315789473684211,True,21,22
zhZNqqHS7Aa6X9P8M,13,0.718421052631579,True,21,22
zhZNqqHS7Aa6X9P8M,14,0.75,True,21,22
zhZNqqHS7Aa6X9P8M,15,0.8105263157894737,True,21,22
zhZNqqHS7Aa6X9P8M,16,0.8263157894736842,True,21,22
zhZNqqHS7Aa6X9P8M,17,0.85,True,21,22
zhZNqqHS7Aa6X9P8M,18,0.7894736842105263,True,21,22
zhZNqqHS7Aa6X9P8M,19,0.7368421052631579,True,21,22
zhZNqqHS7Aa6X9P8M,20,0.7631578947368421,True,21,22
zhZNqqHS7Aa6X9P8M,21,0.8421052631578947,True,21,22
ziYL3nNeMLG9sGtTz,0,0.7821428571428571,True,6,7
ziYL3nNeMLG9sGtTz,1,0.8821428571428571,True,6,7
ziYL3nNeMLG9sGtTz,2,0.9714285714285714,True,6,7
ziYL3nNeMLG9sGtTz,3,0.9928571428571429,True,6,7
ziYL3nNeMLG9sGtTz,4,1.0,True,6,7
ziYL3nNeMLG9sGtTz,5,0.9178571428571428,True,6,7
ziYL3nNeMLG9sGtTz,6,0.7964285714285715,True,6,7
zrxsJ6NsjZqBSyrNS,0,0.5499999999999999,True,10,11
zrxsJ6NsjZqBSyrNS,1,0.5333333333333333,True,10,11
zrxsJ6NsjZqBSyrNS,2,0.75,True,10,11
zrxsJ6NsjZqBSyrNS,3,0.5499999999999999,True,10,11
zrxsJ6NsjZqBSyrNS,4,0.5166666666666667,True,10,11
zrxsJ6NsjZqBSyrNS,5,0.3666666666666667,True,10,11
zrxsJ6NsjZqBSyrNS,6,0.5,True,10,11
zrxsJ6NsjZqBSyrNS,7,0.5,True,10,11
zrxsJ6NsjZqBSyrNS,8,0.5,True,10,11
zrxsJ6NsjZqBSyrNS,9,0.5499999999999999,True,10,11
zrxsJ6NsjZqBSyrNS,10,0.6666666666666666,True,10,11
zzwFiFeNTXYCkijjE,0,0.6857142857142857,False,16,17
zzwFiFeNTXYCkijjE,1,0.6785714285714286,False,16,17
zzwFiFeNTXYCkijjE,2,0.6142857142857142,False,16,17
zzwFiFeNTXYCkijjE,3,0.75,False,16,17
zzwFiFeNTXYCkijjE,4,0.7857142857142857,False,16,17
zzwFiFeNTXYCkijjE,5,0.8928571428571429,False,16,17
zzwFiFeNTXYCkijjE,6,0.6642857142857144,False,16,17
zzwFiFeNTXYCkijjE,7,0.9285714285714286,False,16,17
zzwFiFeNTXYCkijjE,8,0.75,False,16,17
zzwFiFeNTXYCkijjE,9,1.0,False,16,17
zzwFiFeNTXYCkijjE,10,0.9214285714285715,False,16,17
zzwFiFeNTXYCkijjE,11,0.8571428571428571,False,16,17
zzwFiFeNTXYCkijjE,12,0.8214285714285714,False,16,17
zzwFiFeNTXYCkijjE,13,0.7142857142857143,False,16,17
zzwFiFeNTXYCkijjE,14,0.9285714285714286,False,16,17
zzwFiFeNTXYCkijjE,15,0.9714285714285714,False,16,17
zzwFiFeNTXYCkijjE,16,0.7857142857142857,False,16,17
