binning,bin,block,block_meaning,sample,model_family,controls,n_features,n_rounds,n_games,n_rounds_heldout,n_games_heldout,delta_cv_r2,ci_low,ci_high,cv_r2_base,cv_r2_full,delta_heldout_r2,ci_low_heldout,ci_high_heldout,heldout_r2_base,heldout_r2_full
all,all rounds,pre,"this round, before the outcome",channel,elastic net,rules+timing,151,2913,181,4170,275,0.00817876850733934,0.0003054798844346757,0.015131322877597782,0.018398470578706028,0.026577239086045368,-0.00040522070238957486,-0.004262718783801922,0.002942293181938615,0.022763918647075942,0.022358697944686368
all,all rounds,pre,"this round, before the outcome",channel,random forest,rules+timing,151,2913,181,4170,275,-0.03978748391699927,-0.09858954781333377,0.004787256100730391,0.04829293989096839,0.008505455973969123,0.0023462933568701994,-0.006446157448632609,0.011244629496929275,0.04812698185346376,0.05047327521033396
all,all rounds,pre,"this round, before the outcome",channel,elastic net,rules+timing+momentum,151,2913,181,4170,275,0.0007921997606807896,-0.001909401331850194,0.003239751720763209,0.7411625779874291,0.7419547777481099,0.0017996444014700685,4.656245663200165e-05,0.0037695947773051922,0.6229549809307611,0.6247546253322311
all,all rounds,pre,"this round, before the outcome",channel,random forest,rules+timing+momentum,151,2913,181,4170,275,0.02185136744918481,0.012343994061946468,0.03609035366058189,0.5966796325689199,0.6185310000181047,0.01946640121122223,0.015601540595005237,0.023414960805420736,0.5260585997480995,0.5455250009593218
all,all rounds,pre,"this round, before the outcome",talkers,elastic net,rules+timing,151,1162,143,1382,222,0.004679242110324555,-0.017008645350383926,0.02961406040845983,0.05358216207282329,0.05826140418314785,0.038703273565881324,0.01189106846458077,0.07352286385576404,-0.03420418450867291,0.004499089057208416
all,all rounds,pre,"this round, before the outcome",talkers,random forest,rules+timing,151,1162,143,1382,222,-0.008601117181243234,-0.027235011263037023,0.0007459288753541913,-0.024812103287818577,-0.03341322046906181,-0.006187731881591274,-0.012389064255445748,3.447306839257174e-06,0.052940251329502974,0.0467525194479117
all,all rounds,pre,"this round, before the outcome",talkers,elastic net,rules+timing+momentum,151,1162,143,1382,222,-0.0027955920427816805,-0.006645062108652769,0.004640798326582518,0.7032920659733907,0.700496473930609,0.0015308032325638266,-0.001775406589888201,0.004697575226540445,0.5038538195044355,0.5053846227369994
all,all rounds,pre,"this round, before the outcome",talkers,random forest,rules+timing+momentum,151,1162,143,1382,222,0.009231648504809953,-0.00031818960253818246,0.033025405700783536,0.42749036584817235,0.4367220143529823,0.01811663955608578,0.01140710588928596,0.025347396030687887,0.4363228347117444,0.45443947426783016
all,all rounds,post,"last round, after the outcome",channel,elastic net,rules+timing,151,2913,181,4170,275,0.014062724163271256,-0.005709564171013826,0.03239237078539426,0.029475295280752878,0.043538019444024134,0.002696529725057073,-0.0036555284851395417,0.008441700840875838,0.04624377531447221,0.048940305039529286
all,all rounds,post,"last round, after the outcome",channel,random forest,rules+timing,151,2913,181,4170,275,-0.0030528905158832,-0.05787164531829624,0.06456129040821448,0.03781846076355544,0.03476557024767224,-0.00047302173120156166,-0.01134738517163034,0.012975255689945871,0.05248939475263459,0.05201637302143303
all,all rounds,post,"last round, after the outcome",channel,elastic net,rules+timing+momentum,151,2913,181,4170,275,0.0003878985941455637,-0.0015341689722288888,0.0023736498483188226,0.7466995630925839,0.7470874616867295,0.0017736867910713716,-7.866971969695546e-05,0.003974237496136592,0.6327348781742441,0.6345085649653155
all,all rounds,post,"last round, after the outcome",channel,random forest,rules+timing+momentum,151,2913,181,4170,275,0.02102179290431261,-0.007886563760804205,0.0524940094150592,0.5969451510416353,0.6179669439459479,0.05621600225492118,0.04764411247900026,0.06471023657544306,0.526729304508615,0.5829453067635362
all,all rounds,post,"last round, after the outcome",talkers,elastic net,rules+timing,151,1487,145,1904,229,0.015890180578690627,-0.015519452678024204,0.07153513704479839,0.017122928633098056,0.03301310921178868,0.0023052735575312955,-0.016157798847679282,0.018307361099043476,0.006359885542269517,0.008665159099800812
all,all rounds,post,"last round, after the outcome",talkers,random forest,rules+timing,151,1487,145,1904,229,0.1955291830580309,-0.0025909307365732407,0.7870287713624553,-0.15738633067544439,0.03814285238258652,0.008125591511250696,0.0014522758168422246,0.015054982086496707,0.020680155397181044,0.02880574690843174
all,all rounds,post,"last round, after the outcome",talkers,elastic net,rules+timing+momentum,151,1487,145,1904,229,-0.005080883076868492,-0.011006918959127074,0.006082418612308011,0.7377673157092106,0.7326864326323421,0.006115241349156086,0.002148214610546051,0.012048930732023703,0.573988336154738,0.5801035775038941
all,all rounds,post,"last round, after the outcome",talkers,random forest,rules+timing+momentum,151,1487,145,1904,229,0.012286080421823775,-0.022337144832572202,0.08922787061878683,0.42805231862896,0.44033839905078376,0.016975396651412344,0.012521710956887061,0.021241861129590037,0.4963342101289039,0.5133096067803162
all,all rounds,window,the whole gap between the two: post + pre,channel,elastic net,rules+timing,151,2913,181,4170,275,0.002474636873222469,-0.016371279488331926,0.02242915258830079,0.027441373377250833,0.0299160102504733,0.0032076100452052003,-0.0015249553149719347,0.007888722171349767,0.03806733004187479,0.04127494008707999
all,all rounds,window,the whole gap between the two: post + pre,channel,random forest,rules+timing,151,2913,181,4170,275,-0.05745545630555504,-0.11973408750014068,-0.0057720361883367485,0.05155573284612347,-0.005899723459431572,-0.0028836212527703076,-0.010309285602423671,0.006516342803983749,0.04783609346045181,0.044952472207681504
all,all rounds,window,the whole gap between the two: post + pre,channel,elastic net,rules+timing+momentum,151,2913,181,4170,275,0.000446454526197404,-0.0018306467276679895,0.003028195390140747,0.7438262463252331,0.7442727008514305,0.0020935302720256344,0.00031669285514265567,0.003980639186369427,0.6274668074630978,0.6295603377351234
all,all rounds,window,the whole gap between the two: post + pre,channel,random forest,rules+timing+momentum,151,2913,181,4170,275,0.013784157187431756,-0.009016478783873636,0.03891959632978565,0.5944827065982805,0.6082668637857123,0.025320486328647696,0.018833862976208735,0.031740611393956515,0.5606916722262959,0.5860121585549436
all,all rounds,window,the whole gap between the two: post + pre,talkers,elastic net,rules+timing,151,1692,148,2236,233,-0.009849323235352037,-0.025956109293917996,0.017616415845172553,0.04118614131507503,0.031336818079722994,0.019116093465530337,0.009998520279249249,0.029921621894717892,0.015360575839900248,0.034476669305430585
all,all rounds,window,the whole gap between the two: post + pre,talkers,random forest,rules+timing,151,1692,148,2236,233,0.00712907601570878,-0.019285321454096473,0.02683850855798307,0.026626249291228365,0.033755325306937145,0.005200313490397956,0.0018884399960827415,0.008376553539352375,0.0378379432472552,0.04303825673765316
all,all rounds,window,the whole gap between the two: post + pre,talkers,elastic net,rules+timing+momentum,151,1692,148,2236,233,-0.001704067143634358,-0.0053465735224391435,0.0047491571532613675,0.7079564895866279,0.7062524224429936,0.0037479977554951693,0.0014907437282713793,0.0064900638862789555,0.5442502824072601,0.5479982801627553
all,all rounds,window,the whole gap between the two: post + pre,talkers,random forest,rules+timing+momentum,151,1692,148,2236,233,0.005778240919533051,-0.018884537970053714,0.05650910350428618,0.48291494336151564,0.4886931842810487,0.023470483272131304,0.018339241477606318,0.02913723748433236,0.42716203640697925,0.45063251967911055
all,all rounds,cumulative,every message so far this game,channel,elastic net,rules+timing,151,2913,181,4170,275,-0.07189920850497467,-0.13256091668267994,-0.008218888322528128,0.17028928772164786,0.0983900792166732,0.05552970936352064,-0.011124879776985416,0.11944702423181511,-0.025359307181322066,0.030170402182198575
all,all rounds,cumulative,every message so far this game,channel,random forest,rules+timing,151,2913,181,4170,275,-0.006411398437200844,-0.0989292429089311,0.09468758948596692,0.12881351587080414,0.1224021174336033,0.05548497812952402,0.017817977406320306,0.09707857081150172,0.05305549661169595,0.10854047474121997
all,all rounds,cumulative,every message so far this game,channel,elastic net,rules+timing+momentum,151,2913,181,4170,275,-0.0042661445747196325,-0.008710095987779562,0.0010757156699721785,0.7484680831806341,0.7442019386059144,0.006791931770734672,0.0040597295162379445,0.009760197154310243,0.6256500760736003,0.632442007844335
all,all rounds,cumulative,every message so far this game,channel,random forest,rules+timing+momentum,151,2913,181,4170,275,-0.012238047391350926,-0.06748919048388649,0.046032745482758416,0.61449331673358,0.6022552693422291,-0.011136518936993522,-0.021544519546578853,9.943906849858447e-05,0.5503082350679638,0.5391717161309703
all,all rounds,cumulative,every message so far this game,talkers,elastic net,rules+timing,151,2359,148,3410,233,0.02388358056348283,-0.042293996058876154,0.12148125994626009,0.020878521162122965,0.044762101725605796,0.10595971973429297,0.06147032036676609,0.15567523351114182,-0.06759601938736681,0.038363700346926155
all,all rounds,cumulative,every message so far this game,talkers,random forest,rules+timing,151,2359,148,3410,233,-0.0074068664512334514,-0.11369186403176405,0.14369541007685546,-0.011877099275835246,-0.019283965727068697,0.12003612942858355,0.06994059411404346,0.16470589219182924,-0.02114767925635541,0.09888845017222814
all,all rounds,cumulative,every message so far this game,talkers,elastic net,rules+timing+momentum,151,2359,148,3410,233,-0.005792620177890617,-0.011483489908250669,0.0021742092211659756,0.7223458877249619,0.7165532675470713,0.004391194892364059,0.0016811922738900309,0.007222923005664975,0.6645616761483066,0.6689528710406707
all,all rounds,cumulative,every message so far this game,talkers,random forest,rules+timing+momentum,151,2359,148,3410,233,-0.022687552095114638,-0.07787315890767295,0.08082787220943081,0.5438034233285463,0.5211158712334316,0.10861352944867264,0.08117345735152783,0.13455001122414934,0.4466836682801464,0.555297197728819
stage,opening,pre,"this round, before the outcome",channel,elastic net,rules+timing,151,502,172,825,275,-0.02488669535624355,-0.05046381755032264,-0.004498148395608369,0.06209055929511209,0.03720386393886854,0.009257240851042292,-0.0026044117757883707,0.020846426150947478,0.016311783473236696,0.02556902432427899
stage,opening,pre,"this round, before the outcome",channel,random forest,rules+timing,151,502,172,825,275,0.006641518322975659,-0.018325866726261613,0.030525640960254702,0.11930986456643011,0.12595138288940577,0.0038435590073619963,-0.013971796304292735,0.022650579209270043,0.011164544451327751,0.015008103458689748
stage,opening,pre,"this round, before the outcome",channel,elastic net,rules+timing+momentum,151,502,172,825,275,-0.000377537436168196,-0.014894903350317226,0.013659964756616278,0.35166796376276477,0.35129042632659657,0.010947901898093026,0.0022795996714941647,0.02023668127057936,0.2634146739405818,0.27436257583867485
stage,opening,pre,"this round, before the outcome",channel,random forest,rules+timing+momentum,151,502,172,825,275,0.019744914740258745,0.0029589064859983165,0.03493136753752263,0.3195704029563702,0.3393153176966289,0.01346220764561501,0.0026905895186005667,0.024492451720421502,0.21702729838262746,0.23048950602824247
stage,opening,pre,"this round, before the outcome",talkers,elastic net,rules+timing,151,257,120,341,173,-0.023056987754806912,-0.04353449878522332,-0.002014983407640237,0.12302714298088901,0.0999701552260821,0.00019107860912603858,-0.015242643368888106,0.018796351960349345,0.03482176747712429,0.03501284608625033
stage,opening,pre,"this round, before the outcome",talkers,random forest,rules+timing,151,257,120,341,173,-0.0215351803558268,-0.05462112270295716,0.009903138289543275,0.15107756196707745,0.12954238161125065,0.02256489796962491,-0.003917213044412215,0.05285323307787326,0.04223030822593665,0.06479520619556156
stage,opening,pre,"this round, before the outcome",talkers,elastic net,rules+timing+momentum,151,257,120,341,173,0.0026587197132801332,-0.015948585481382307,0.021004598236351032,0.31142768220616357,0.3140864019194437,0.02182345203078706,0.009131019533628057,0.03538137544607825,0.23556128301959922,0.2573847350503863
stage,opening,pre,"this round, before the outcome",talkers,random forest,rules+timing+momentum,151,257,120,341,173,0.010883632333167359,-0.020345834538136088,0.04007163217735092,0.27705300359169993,0.2879366359248673,0.035706177651241955,0.011673967754019738,0.060896587926454464,0.14471167757897685,0.1804178552302188
stage,opening,post,"last round, after the outcome",channel,elastic net,rules+timing,151,502,172,825,275,0.04411224147974391,0.017096016019029315,0.0719223123693043,0.07934027285945955,0.12345251433920346,0.025198146625630358,0.009329623858476214,0.043107649952221744,0.04541143645131018,0.07060958307694054
stage,opening,post,"last round, after the outcome",channel,random forest,rules+timing,151,502,172,825,275,0.03879107975098639,0.0036694655040346393,0.07260957384044311,0.1426948888848545,0.18148596863584088,0.023209804135439382,0.004010763827397232,0.04361821892313794,0.04588323805917294,0.06909304219461232
stage,opening,post,"last round, after the outcome",channel,elastic net,rules+timing+momentum,151,502,172,825,275,0.02546146319890763,0.012674028535964717,0.03992962773545812,0.3847923717376147,0.41025383493652234,0.013586977255699018,0.004307356874071253,0.02348750567532163,0.2834727986014489,0.29705977585714793
stage,opening,post,"last round, after the outcome",channel,random forest,rules+timing+momentum,151,502,172,825,275,0.03520967965867139,0.01009405938226172,0.0607568041134155,0.3354473426714051,0.37065702233007647,0.022430271017862102,0.009227796675848674,0.03514311785388377,0.2295679931828679,0.25199826420073
stage,opening,post,"last round, after the outcome",talkers,elastic net,rules+timing,151,204,117,260,162,0.07130477422883019,0.01129111151049077,0.12534154405309453,-0.026777852162398474,0.04452692206643172,0.09082614113458276,0.052190851276367564,0.12974631203345782,-0.017772403863203667,0.0730537372713791
stage,opening,post,"last round, after the outcome",talkers,random forest,rules+timing,151,204,117,260,162,0.05387960512472245,-0.05246816766721463,0.1439444106689595,-0.0015326495295739928,0.05234695559514846,0.08276236676952775,0.023912584904607372,0.13976972551673525,-0.005956151396548703,0.07680621537297905
stage,opening,post,"last round, after the outcome",talkers,elastic net,rules+timing+momentum,151,204,117,260,162,0.034730472864264006,-0.015042839101486549,0.08334928675899532,0.39467887430700177,0.4294093471712658,0.03788102424368189,0.010069751146015294,0.06691190641607411,0.39550656299862463,0.4333875872423065
stage,opening,post,"last round, after the outcome",talkers,random forest,rules+timing+momentum,151,204,117,260,162,0.05290139971875796,-0.013425802926765512,0.12116033740224973,0.22284897686034522,0.2757503765791032,0.07794543104387597,0.039234941350305204,0.11690550935154671,0.15948627844308827,0.23743170948696424
stage,opening,window,the whole gap between the two: post + pre,channel,elastic net,rules+timing,151,502,172,825,275,0.042059962848207455,0.010156589273605186,0.07550767614778792,0.07720567782345522,0.11926564067166268,0.027294224669497713,0.0058131101785956684,0.05012511559371079,0.02676551808055816,0.05405974275005587
stage,opening,window,the whole gap between the two: post + pre,channel,random forest,rules+timing,151,502,172,825,275,0.014465428059458274,-0.02540374218748627,0.05025983429341398,0.14437525209041235,0.15884068014987063,0.022802153460110386,0.0016368081074188828,0.04683501940224072,0.029933797803853635,0.05273595126396402
stage,opening,window,the whole gap between the two: post + pre,channel,elastic net,rules+timing+momentum,151,502,172,825,275,0.023855540403122877,0.002935548100323579,0.048314541194910555,0.36852584033296654,0.3923813807360894,0.022858129775316538,0.008602711189494234,0.038522414420213875,0.2704444386557562,0.2933025684310727
stage,opening,window,the whole gap between the two: post + pre,channel,random forest,rules+timing+momentum,151,502,172,825,275,0.024396446631265167,-0.0012127139965043248,0.047819631879846614,0.33006770714579436,0.35446415377705953,0.029697241092556226,0.012240221446712754,0.04592267562834699,0.22238275546555542,0.25207999655811164
stage,opening,window,the whole gap between the two: post + pre,talkers,elastic net,rules+timing,151,310,128,432,188,0.05576026986584781,0.006097063865264258,0.10395316841133154,0.08003788195069428,0.1357981518165421,0.05156491194132007,0.018984764337341715,0.08378016727111318,0.024372647030770578,0.07593755897209065
stage,opening,window,the whole gap between the two: post + pre,talkers,random forest,rules+timing,151,310,128,432,188,0.04163544347743264,-0.01953902851701236,0.10635337195790724,0.1008105685207833,0.14244601199821594,0.06626209660426596,0.027895965392862845,0.10548321091124167,0.01484141904401981,0.08110351564828577
stage,opening,window,the whole gap between the two: post + pre,talkers,elastic net,rules+timing+momentum,151,310,128,432,188,0.049941149451877,0.013732144680954244,0.08716097015346927,0.3121902481380038,0.3621313975898808,0.056327060671206075,0.03226639435720319,0.07967135731712326,0.2465945328611836,0.3029215935323897
stage,opening,window,the whole gap between the two: post + pre,talkers,random forest,rules+timing+momentum,151,310,128,432,188,0.03601203891481297,-0.01426953529715356,0.08481090042496,0.26040513107863816,0.29641716999345114,0.05153514235391621,0.02277451008773379,0.0823543824792275,0.15763061925918698,0.20916576161310318
stage,opening,cumulative,every message so far this game,channel,elastic net,rules+timing,151,502,172,825,275,0.04713004962500966,0.006643721152239354,0.09002539570847967,0.09964134958591231,0.14677139921092197,0.04949781933379793,0.02233069781138929,0.07860317689909284,0.012765651468272576,0.06226347080207051
stage,opening,cumulative,every message so far this game,channel,random forest,rules+timing,151,502,172,825,275,0.025978606655859382,-0.020659376229183197,0.07046827957849441,0.16698442032489147,0.19296302698075085,0.05546670595953096,0.029369290970465353,0.08432967953589873,0.021361471378645414,0.07682817733817637
stage,opening,cumulative,every message so far this game,channel,elastic net,rules+timing+momentum,151,502,172,825,275,0.026987184212897364,0.0055401283530610804,0.050377791462136015,0.3731851805593326,0.40017236477222995,0.028868774390521157,0.012711901911581747,0.04532870078671943,0.2646193826789469,0.29348815706946807
stage,opening,cumulative,every message so far this game,channel,random forest,rules+timing+momentum,151,502,172,825,275,0.024917609848514544,-0.005379892927166166,0.05334886724879181,0.33944604367929376,0.3643636535278083,0.032577755684583654,0.011834210397655448,0.05265861394820878,0.22026153454813024,0.2528392902327139
stage,opening,cumulative,every message so far this game,talkers,elastic net,rules+timing,151,330,128,473,188,0.05206924323934936,-0.013489945800526693,0.10966168418034317,0.07537518671749877,0.12744442995684813,0.07667204949161155,0.03683787037885645,0.11734121405183133,-0.00964274082473593,0.06702930866687562
stage,opening,cumulative,every message so far this game,talkers,random forest,rules+timing,151,330,128,473,188,-0.031780988765163776,-0.09963590087765904,0.03690604166350247,0.08512235656007405,0.05334136779491028,0.1440068646303383,0.08732741125104575,0.1993419363248087,-0.05461187783014121,0.08939498680019708
stage,opening,cumulative,every message so far this game,talkers,elastic net,rules+timing+momentum,151,330,128,473,188,0.060512898673812376,0.016834072857873018,0.10191740212457387,0.3148801150006242,0.37539301367443656,0.06392554146041207,0.03582070254228794,0.09395784590730558,0.2600881805392933,0.32401372199970535
stage,opening,cumulative,every message so far this game,talkers,random forest,rules+timing+momentum,151,330,128,473,188,0.02690629839068559,-0.03659056962960294,0.08749010097617496,0.26486911155446957,0.29177540994515516,0.0796218787457752,0.041082201675717855,0.11786707107472735,0.1265908337641357,0.2062127125099109
stage,middle,pre,"this round, before the outcome",channel,elastic net,rules+timing,151,1868,154,2520,205,-0.004044510576815874,-0.03396313074294834,0.020581556900111556,0.044017284214183716,0.03997277363736784,0.0,0.0,0.0,0.05278022863186338,0.05278022863186338
stage,middle,pre,"this round, before the outcome",channel,random forest,rules+timing,151,1868,154,2520,205,0.007171833242140879,-0.01141226307266186,0.026720001888644818,0.044306088456934956,0.051477921699075835,0.0023926119618959962,-0.0013678812761307863,0.005814973067741268,0.022745472381005216,0.025138084342901212
stage,middle,pre,"this round, before the outcome",channel,elastic net,rules+timing+momentum,151,1868,154,2520,205,-0.00014402894352361084,-0.0007539128994285243,0.0006094886069179619,0.7917126227723428,0.7915685938288192,0.00021486162054229485,-0.0004327490962882291,0.0007949187481275821,0.7017221803017261,0.7019370419222684
stage,middle,pre,"this round, before the outcome",channel,random forest,rules+timing+momentum,151,1868,154,2520,205,0.025639141630371176,0.01630331441196371,0.03635263761974098,0.5995668618840971,0.6252060035144683,0.002747259633411825,7.013321153964693e-07,0.005161334090116524,0.5982761960592461,0.6010234556926579
stage,middle,pre,"this round, before the outcome",talkers,elastic net,rules+timing,151,715,108,817,165,0.027517799639575458,-0.0036569047966052586,0.06843072279625155,-0.14288193832767493,-0.11536413868809947,-0.003253716440362986,-0.032801208251144534,0.02398168493154061,-0.08553056550776339,-0.08878428194812638
stage,middle,pre,"this round, before the outcome",talkers,random forest,rules+timing,151,715,108,817,165,-0.007305247432354056,-0.03208746448209111,0.012955024193659945,-0.15635594026356792,-0.16366118769592197,-0.0022718719112387875,-0.01188751560832008,0.008087149952231738,0.013194891975086165,0.010923020063847377
stage,middle,pre,"this round, before the outcome",talkers,elastic net,rules+timing+momentum,151,715,108,817,165,-0.0003274578428634767,-0.005228514455644315,0.01335651021961789,0.7545753913464892,0.7542479335036257,0.002089250452715019,-0.004001681741263319,0.008541421772735786,0.5987825828684981,0.6008718333212131
stage,middle,pre,"this round, before the outcome",talkers,random forest,rules+timing+momentum,151,715,108,817,165,0.03162845826813265,0.019670935882566784,0.05739204232859729,0.2919214319769974,0.32354989024513003,0.01463609157117396,0.00935905596367762,0.02020062810819798,0.46116323155391403,0.475799323125088
stage,middle,post,"last round, after the outcome",channel,elastic net,rules+timing,151,1868,154,2520,205,-0.0061711364661802826,-0.036899885804460984,0.019639145775451873,0.03612574531801449,0.029954608851834208,0.013672774479432714,0.0055947004446720155,0.02125341690201387,0.05278022863186338,0.0664530031112961
stage,middle,post,"last round, after the outcome",channel,random forest,rules+timing,151,1868,154,2520,205,-0.0027214540780667873,-0.01656304313095245,0.012260362701018395,0.042198957812882965,0.03947750373481618,0.007461453041353594,0.0025970486253153874,0.012214204103828518,0.023529101676118325,0.03099055471747192
stage,middle,post,"last round, after the outcome",channel,elastic net,rules+timing+momentum,151,1868,154,2520,205,-0.0024749933576631022,-0.007170478097497332,0.00019348187372404292,0.792367087099686,0.7898920937420228,-0.0003884198331587374,-0.0007625141479713326,-5.946217202261742e-05,0.7046423712762695,0.7042539514431108
stage,middle,post,"last round, after the outcome",channel,random forest,rules+timing+momentum,151,1868,154,2520,205,0.02511796321576054,0.00922924340525624,0.04389599115199602,0.601464033088025,0.6265819963037855,0.01663173461012768,0.012069789999608421,0.020348239718479866,0.5971801098152987,0.6138118444254264
stage,middle,post,"last round, after the outcome",talkers,elastic net,rules+timing,151,1023,116,1280,179,0.048619598737581704,-0.026074283290836036,0.22069545125594003,-0.05232233061119329,-0.0037027318736115866,0.0010906382115826174,-0.02100236561829041,0.02098711480518083,0.020493705361485093,0.02158434357306771
stage,middle,post,"last round, after the outcome",talkers,random forest,rules+timing,151,1023,116,1280,179,0.02074701924937794,-0.01584002500257677,0.12682636143612697,-0.1686932827519696,-0.14794626350259166,0.004620011271091129,0.0005114252061954455,0.008198007831932023,0.027077911848905067,0.031697923119996196
stage,middle,post,"last round, after the outcome",talkers,elastic net,rules+timing+momentum,151,1023,116,1280,179,-0.006375130985890154,-0.020752702287464862,0.0034821210601709263,0.7746652424020357,0.7682901114161456,0.00014712674632166856,-0.0030201354799615525,0.002571404952362286,0.5980822688495362,0.5982293955958579
stage,middle,post,"last round, after the outcome",talkers,random forest,rules+timing+momentum,151,1023,116,1280,179,0.023803873875979376,0.008798135145117344,0.03794720490298872,0.3791329878743773,0.4029368617503567,0.03829831268416639,0.03161409655344587,0.04546097214291393,0.4637844178963506,0.502082730580517
stage,middle,window,the whole gap between the two: post + pre,channel,elastic net,rules+timing,151,1868,154,2520,205,-0.001801733530817362,-0.024485278229530727,0.02044959828416173,0.035705672496221696,0.033903938965404334,0.013011988061321533,0.003895582252858304,0.020942728292633123,0.05278022863186338,0.06579221669318491
stage,middle,window,the whole gap between the two: post + pre,channel,random forest,rules+timing,151,1868,154,2520,205,0.006592576513880788,-0.013345889729762783,0.025643898816850075,0.04225910735005789,0.04885168386393868,0.008785611861663378,0.003961602000047667,0.013611389533596158,0.023311212506662127,0.032096824368325505
stage,middle,window,the whole gap between the two: post + pre,channel,elastic net,rules+timing+momentum,151,1868,154,2520,205,-0.0007275131777247923,-0.0017799083059907683,0.0004233071358514105,0.7925142939570846,0.7917867807793598,-0.000878518966866082,-0.0013061391739929706,-0.0005137248471416084,0.704050919341277,0.7031724003744109
stage,middle,window,the whole gap between the two: post + pre,channel,random forest,rules+timing+momentum,151,1868,154,2520,205,0.01682865186145177,0.00230045847416549,0.03288343567034123,0.6040783211101252,0.6209069729715769,0.017872564507833255,0.012620873542856497,0.02227177441973131,0.5944709546616054,0.6123435191694386
stage,middle,window,the whole gap between the two: post + pre,talkers,elastic net,rules+timing,151,1091,117,1393,182,0.021813565867649043,-0.009142338644183814,0.12226844911465228,-0.08705752615185625,-0.0652439602842072,-0.001845141306200837,-0.022231428222461706,0.017190025740447378,0.03592603747374923,0.03408089616754839
stage,middle,window,the whole gap between the two: post + pre,talkers,random forest,rules+timing,151,1091,117,1393,182,0.011396000118753635,0.000325294965840875,0.0402913940532998,-0.010205922128138312,0.0011900779906153236,0.0020564072623936447,-0.013400788887948493,0.01824608376491364,-0.006080474257725177,-0.004024066995331532
stage,middle,window,the whole gap between the two: post + pre,talkers,elastic net,rules+timing+momentum,151,1091,117,1393,182,-0.0008552701819013464,-0.005532396028063174,0.010073957348935706,0.7663843706730225,0.7655291004911211,0.004446962938256416,0.0005437330049740924,0.00841430514417288,0.6132657488651692,0.6177127118034256
stage,middle,window,the whole gap between the two: post + pre,talkers,random forest,rules+timing+momentum,151,1091,117,1393,182,0.040718302018529995,0.023558208536080965,0.08742373466312264,0.41255425943436164,0.45327256145289163,0.03533084181039203,0.02967356253680261,0.04153073612520278,0.4719521758970715,0.5072830177074635
stage,middle,cumulative,every message so far this game,channel,elastic net,rules+timing,151,1868,154,2520,205,-0.030912824423478757,-0.07932838213061312,0.0342605936365565,0.1744598047279774,0.14354698030449864,0.13405561293624924,0.0736141367970375,0.19738740554484543,-0.08583816905168895,0.048217443884560285
stage,middle,cumulative,every message so far this game,channel,random forest,rules+timing,151,1868,154,2520,205,-0.027185775988671557,-0.11556527912861389,0.06980852596459707,0.08901074527524355,0.061824969286571996,0.06174548615195197,0.00902918833977733,0.11715718736520848,0.022975513784433854,0.08472099993638582
stage,middle,cumulative,every message so far this game,channel,elastic net,rules+timing+momentum,151,1868,154,2520,205,-0.000993327846870784,-0.003164654184980767,0.0020591855341537397,0.7936094191569283,0.7926160913100575,-0.002326193038415636,-0.007548082247379598,0.0020660707741668514,0.7013744692354166,0.6990482761970009
stage,middle,cumulative,every message so far this game,channel,random forest,rules+timing+momentum,151,1868,154,2520,205,0.0025437810614962197,-0.031006042864141128,0.04064682454478314,0.6193984273701304,0.6219422084316266,0.001201824447450539,-0.012524262583819784,0.016636148003880576,0.5927945779013098,0.5939964023487604
stage,middle,cumulative,every message so far this game,talkers,elastic net,rules+timing,151,1589,130,2243,187,-0.021906198237350738,-0.0950131207217288,0.0922399291196769,-0.03559913528529335,-0.057505333522644086,0.03950930381890139,-0.018988682984092488,0.09080919508798106,-0.07596694392072645,-0.03645764010182506
stage,middle,cumulative,every message so far this game,talkers,random forest,rules+timing,151,1589,130,2243,187,0.02193550740864203,-0.1138505941949563,0.3273040127895716,-0.0969576430255572,-0.07502213561691518,0.11090534459964041,0.027320244715691194,0.19267874170458762,-0.036209150839569215,0.0746961937600712
stage,middle,cumulative,every message so far this game,talkers,elastic net,rules+timing+momentum,151,1589,130,2243,187,-0.0027868236321187956,-0.010162011126813012,0.009872580268388735,0.7658114343985166,0.7630246107663978,-0.0031521207902265314,-0.008292723824817808,0.0006975412300134149,0.7326562835483383,0.7295041627581118
stage,middle,cumulative,every message so far this game,talkers,random forest,rules+timing+momentum,151,1589,130,2243,187,-0.015213038163398585,-0.07407169126334233,0.10083228645833958,0.5185019040814387,0.5032888659180401,0.039110023863974774,0.011313811594649652,0.06392968335617863,0.519789651848718,0.5588996757126927
stage,endgame,pre,"this round, before the outcome",channel,elastic net,rules+timing,151,543,181,825,275,-0.010358216684394073,-0.031141300722775468,0.012196725568801095,0.1390802775821509,0.12872206089775684,0.01979508508071015,0.0026833164081412814,0.04061916764261029,0.04387998448138564,0.06367506956209579
stage,endgame,pre,"this round, before the outcome",channel,random forest,rules+timing,151,543,181,825,275,0.028047014546446203,-0.04085760679095938,0.09150813627143783,0.14195316630098387,0.17000018084743007,0.006272373096484096,-0.0014768773320945393,0.01458372145086754,0.04369665188345628,0.04996902497994038
stage,endgame,pre,"this round, before the outcome",channel,elastic net,rules+timing+momentum,151,543,181,825,275,-0.002173256311640004,-0.005913967937584022,0.0014671416719389955,0.803996960670885,0.801823704359245,-0.005429497972890829,-0.01684363921168846,0.0021692489869383686,0.6593233427948961,0.6538938448220053
stage,endgame,pre,"this round, before the outcome",channel,random forest,rules+timing+momentum,151,543,181,825,275,0.02640558523138048,0.017115619026201956,0.03455552514801582,0.5986930073202164,0.6250985925515968,0.03163555872503132,0.025439657666245907,0.038144301849809666,0.5534347040522564,0.5850702627772877
stage,endgame,pre,"this round, before the outcome",talkers,elastic net,rules+timing,151,190,100,224,137,-0.06619815975962551,-0.11903926668427309,-0.004558697018476686,0.10625428336277909,0.04005612360315358,0.02524456940623221,-0.03236057334003452,0.0900217059564664,-0.01696342887686142,0.00828114052937079
stage,endgame,pre,"this round, before the outcome",talkers,random forest,rules+timing,151,190,100,224,137,-0.030998848365570875,-0.05923937563598622,0.011283092698285074,0.040380127279227795,0.00938127891365692,0.018075246902032216,-0.012652955412036069,0.05391634465013867,0.004212120224651117,0.022287367126683333
stage,endgame,pre,"this round, before the outcome",talkers,elastic net,rules+timing+momentum,151,190,100,224,137,-0.008484046419319546,-0.026027261527496858,0.016585143507502894,0.7715887918744658,0.7631047454551463,0.002299536992131479,-0.03015141476775718,0.030256475330092632,0.616055535113097,0.6183550721052284
stage,endgame,pre,"this round, before the outcome",talkers,random forest,rules+timing+momentum,151,190,100,224,137,0.00554583207899062,-0.007587986523908982,0.028067879930392458,0.34694751246556665,0.3524933445445573,0.03601709348877091,0.02093057968494344,0.054774676202501524,0.38000884141757085,0.41602593490634177
stage,endgame,post,"last round, after the outcome",channel,elastic net,rules+timing,151,543,181,825,275,-0.004854374385026228,-0.027058734333688494,0.017914883256398555,0.14275028804619572,0.1378959136611695,0.015399529236123422,-0.007353124786063264,0.04269753114699027,0.062251378716185246,0.07765090795230867
stage,endgame,post,"last round, after the outcome",channel,random forest,rules+timing,151,543,181,825,275,0.04427748972969814,-0.025043380755073372,0.11260140257007571,0.14692198270403978,0.19119947243373792,0.0037213888153286856,-0.013166188079882351,0.021783959863854178,0.05017511032416211,0.053896499139490794
stage,endgame,post,"last round, after the outcome",channel,elastic net,rules+timing+momentum,151,543,181,825,275,-0.0022044892930997984,-0.00502444651923141,0.00012161896368985391,0.8055231235504375,0.8033186342573377,-0.00035226313180802826,-0.0027277599773787103,0.002016969050712816,0.6632361678820264,0.6628839047502184
stage,endgame,post,"last round, after the outcome",channel,random forest,rules+timing+momentum,151,543,181,825,275,0.03463997146737274,0.022609897017393597,0.04599524554131497,0.6004887287021101,0.6351287001694829,0.03570760527976957,0.02601496121734022,0.046343099511239896,0.552588806233457,0.5882964115132265
stage,endgame,post,"last round, after the outcome",talkers,elastic net,rules+timing,151,260,112,364,173,-0.021340291375408604,-0.07812786995338547,0.04396951894272097,0.04745473613144069,0.026114444756032085,0.004944742678033243,-0.06589432858412732,0.08872056437203711,0.029729801721211757,0.034674544399245
stage,endgame,post,"last round, after the outcome",talkers,random forest,rules+timing,151,260,112,364,173,-0.009337806762565126,-0.03977213257015941,0.020804532785261762,0.03182601057643619,0.022488203813871066,-0.01639786507889307,-0.05400429160631852,0.028603432862954765,0.04997751903757541,0.03357965395868234
stage,endgame,post,"last round, after the outcome",talkers,elastic net,rules+timing+momentum,151,260,112,364,173,0.0010651935698892112,-0.009534803956052546,0.013236887738990259,0.7528482246007359,0.7539134181706251,-0.004855042729318471,-0.010021626836050429,-0.0005932753664789366,0.6002158820798358,0.5953608393505173
stage,endgame,post,"last round, after the outcome",talkers,random forest,rules+timing+momentum,151,260,112,364,173,0.008507672177535563,-0.00808251326231453,0.030370884420425646,0.37122448434065913,0.3797321565181947,0.0026418789181760216,-0.00892951988770542,0.015931544584587967,0.4611229812023937,0.4637648601205697
stage,endgame,window,the whole gap between the two: post + pre,channel,elastic net,rules+timing,151,543,181,825,275,-0.01254622169373476,-0.03460133600456114,0.009203497943363928,0.13853737961183243,0.12599115791809767,0.011172029351512736,-0.007017932135188761,0.030509229385085067,0.060348609051018465,0.0715206384025312
stage,endgame,window,the whole gap between the two: post + pre,channel,random forest,rules+timing,151,543,181,825,275,0.04980658994328935,-0.02186960241688021,0.11433073774030969,0.14372763321930515,0.1935342231625945,0.00415898389083702,-0.011779563289534117,0.021283415987855624,0.04915997965655339,0.05331896354739041
stage,endgame,window,the whole gap between the two: post + pre,channel,elastic net,rules+timing+momentum,151,543,181,825,275,-0.003096537047394099,-0.006601923174643742,8.172015968283232e-05,0.8046553146157033,0.8015587775683092,-0.0007768909960557124,-0.0036214742584379485,0.0019178870134221313,0.6616918595571535,0.6609149685610978
stage,endgame,window,the whole gap between the two: post + pre,channel,random forest,rules+timing+momentum,151,543,181,825,275,0.02835026950664099,0.015341221738708269,0.04120335979546299,0.5997536147251695,0.6281038842318105,0.03137628553229799,0.021738106505021195,0.04186171493945828,0.5518351285698316,0.5832114141021296
stage,endgame,window,the whole gap between the two: post + pre,talkers,elastic net,rules+timing,151,291,117,411,185,-0.07717041994489804,-0.12426170354910518,-0.012520633796094518,0.13500622613423763,0.05783580618933959,0.03587346683702508,-0.03305321227702767,0.13019036436216994,0.02953819110044975,0.06541165793747483
stage,endgame,window,the whole gap between the two: post + pre,talkers,random forest,rules+timing,151,291,117,411,185,0.006519688695337145,-0.026731604568006738,0.04687829710878732,0.0011518596383640611,0.007671548333701206,0.012201067764102014,-0.01455491754999074,0.03491427934449413,0.04344713993498128,0.055648207699083296
stage,endgame,window,the whole gap between the two: post + pre,talkers,elastic net,rules+timing+momentum,151,291,117,411,185,-0.006505382680309646,-0.015178291225405566,0.000663670685028371,0.76972135401322,0.7632159713329103,-0.0031351091353004623,-0.00781288255560576,0.0008287442300122713,0.6179305014475507,0.6147953923122502
stage,endgame,window,the whole gap between the two: post + pre,talkers,random forest,rules+timing+momentum,151,291,117,411,185,-0.0013460783878023186,-0.011868846868036303,0.011659311616105807,0.4248898117836888,0.42354373339588647,-0.001801700786742244,-0.011202278972811924,0.008477320852717098,0.4757959301529733,0.47399422936623103
stage,endgame,cumulative,every message so far this game,channel,elastic net,rules+timing,151,543,181,825,275,-0.018835360929588485,-0.08490479672469411,0.04355173071427659,0.21403062892109814,0.19519526799150966,0.010948276637099075,-0.061955101184281366,0.09769817734190954,-0.007640184952861118,0.003308091684237957
stage,endgame,cumulative,every message so far this game,channel,random forest,rules+timing,151,543,181,825,275,0.028852958883326174,-0.06707385664624178,0.12649688882461346,0.14070470679690006,0.16955766568022623,0.0035538176323328674,-0.05926614415834226,0.06818281198377105,0.06596475904447108,0.06951857667680394
stage,endgame,cumulative,every message so far this game,channel,elastic net,rules+timing+momentum,151,543,181,825,275,-0.039389919623548875,-0.12346496302103233,0.0027937158266180973,0.8054459312296122,0.7660560116060633,0.0010957694876361224,-0.00469275344581144,0.006865315628463576,0.6616232753722848,0.662719044859921
stage,endgame,cumulative,every message so far this game,channel,random forest,rules+timing+momentum,151,543,181,825,275,0.006213709186315364,-0.03300912838417354,0.03628923840910228,0.6015768969701464,0.6077906061564617,0.001417882976549878,-0.018057366296912538,0.020710992325925034,0.5531500246542218,0.5545679076307717
stage,endgame,cumulative,every message so far this game,talkers,elastic net,rules+timing,151,440,148,694,233,0.0031592712552018787,-0.11555017688354034,0.12664922068922208,0.11273720569593815,0.11589647695114003,-0.09273996102540416,-0.19867714055308638,0.01892606718947512,0.059916193305826204,-0.032823767719577956
stage,endgame,cumulative,every message so far this game,talkers,random forest,rules+timing,151,440,148,694,233,0.05828067005687776,-0.04570533390591266,0.1724086116773578,0.050531784057051166,0.10881245411392892,0.0021124243180361546,-0.041624839297589686,0.04684296648794323,0.05012259520233453,0.052235019520370685
stage,endgame,cumulative,every message so far this game,talkers,elastic net,rules+timing+momentum,151,440,148,694,233,-0.015354931593717147,-0.04663032794319308,0.006237372852007438,0.7741765439917377,0.7588216123980206,-0.0026604352780041918,-0.011857299395685746,0.006859505512664857,0.6708583116872003,0.6681978764091961
stage,endgame,cumulative,every message so far this game,talkers,random forest,rules+timing+momentum,151,440,148,694,233,-0.007501103968071909,-0.05064030938123226,0.0401947538122528,0.521871455426711,0.5143703514586391,-0.010975028468897863,-0.03549456454237232,0.011482332857385404,0.5290432087984065,0.5180681803295086
round_bin,round 1,pre,"this round, before the outcome",channel,elastic net,rules+timing,151,181,181,275,275,-0.0029719997959450906,-0.03516478976309758,0.029291130372329895,0.0660885386525436,0.06311653885659851,-0.002404879400980442,-0.028795564873803657,0.023329554475922314,0.08596147365626283,0.08355659425528239
round_bin,round 1,pre,"this round, before the outcome",channel,random forest,rules+timing,151,181,181,275,275,-0.008980735596043732,-0.03447758072734325,0.015751492294427197,0.06679081182838953,0.0578100762323458,-0.002205300462171378,-0.016962349621114557,0.012439871019848628,0.03134570389253555,0.02914040343036417
round_bin,round 1,pre,"this round, before the outcome",channel,elastic net,rules+timing+momentum,151,181,181,275,275,-0.0029719997959450906,-0.03505615373473617,0.02823465076271443,0.0660885386525436,0.06311653885659851,-0.002404879400980442,-0.029573456502057664,0.022693683106310758,0.08596147365626283,0.08355659425528239
round_bin,round 1,pre,"this round, before the outcome",channel,random forest,rules+timing+momentum,151,181,181,275,275,-0.008980735596043954,-0.034930759644661996,0.015278371687569153,0.06679081182838953,0.057810076232345575,-0.002205300462171378,-0.017971565150967084,0.012341076788423267,0.03134570389253555,0.02914040343036417
round_bin,round 1,pre,"this round, before the outcome",talkers,elastic net,rules+timing,151,92,92,116,116,0.07259677263392728,-0.032443420246748574,0.17139237794682496,0.0009531609342035008,0.07354993356813078,-0.02019204509209438,-0.1181630200407268,0.06944629144362192,0.06427393934271808,0.0440818942506237
round_bin,round 1,pre,"this round, before the outcome",talkers,random forest,rules+timing,151,92,92,116,116,0.0431281141562333,-0.06414534885731978,0.12229342914770866,-0.006076711578734573,0.03705140257749873,-0.010519137260608047,-0.0661863211388164,0.03866040396831658,0.033768262750760725,0.023249125490152678
round_bin,round 1,pre,"this round, before the outcome",talkers,elastic net,rules+timing+momentum,151,92,92,116,116,0.07259677263392728,-0.03710945776182834,0.17000647734504357,0.0009531609342035008,0.07354993356813078,-0.02019204509209438,-0.11677232953720511,0.0708243445837337,0.06427393934271808,0.0440818942506237
round_bin,round 1,pre,"this round, before the outcome",talkers,random forest,rules+timing+momentum,151,92,92,116,116,0.0431281141562333,-0.05846304348137108,0.12335095497919034,-0.006076711578734573,0.03705140257749873,-0.010519137260608047,-0.06805564441435218,0.03603504512408091,0.03376826275076095,0.0232491254901529
round_bin,round 1,post,"last round, after the outcome",channel,elastic net,rules+timing,151,181,181,275,275,0.0,0.0,0.0,0.06750602692902175,0.06750602692902175,0.0,0.0,0.0,0.07914489908186262,0.07914489908186262
round_bin,round 1,post,"last round, after the outcome",channel,random forest,rules+timing,151,181,181,275,275,-0.00984979419707288,-0.014785128897460389,-0.0049468674103955975,0.06807721485261842,0.058227420655545536,0.005276196728168703,0.000322048755744836,0.010050718104258704,0.019553504310452663,0.024829701038621366
round_bin,round 1,post,"last round, after the outcome",channel,elastic net,rules+timing+momentum,151,181,181,275,275,0.0,0.0,0.0,0.06750602692902175,0.06750602692902175,0.0,0.0,0.0,0.07914489908186262,0.07914489908186262
round_bin,round 1,post,"last round, after the outcome",channel,random forest,rules+timing+momentum,151,181,181,275,275,-0.00984979419707288,-0.01499545508494099,-0.004888334637173185,0.06807721485261842,0.058227420655545536,0.005276196728168481,0.0006977576383850354,0.010398137232846518,0.019553504310452885,0.024829701038621366
round_bin,round 1,window,the whole gap between the two: post + pre,channel,elastic net,rules+timing,151,181,181,275,275,-0.03237755769104067,-0.07088842187063712,0.005132907502660884,0.0660885386525436,0.033710980961502934,-0.0033255052670152496,-0.030260444264461756,0.021071955216965595,0.08596147365626283,0.08263596838924758
round_bin,round 1,window,the whole gap between the two: post + pre,channel,random forest,rules+timing,151,181,181,275,275,-0.007766843703770121,-0.03404786736998086,0.01772606636582908,0.06679081182838953,0.05902396812461941,-0.00397801218622007,-0.019831753261715122,0.01245611556355268,0.03134570389253555,0.027367691706315478
round_bin,round 1,window,the whole gap between the two: post + pre,channel,elastic net,rules+timing+momentum,151,181,181,275,275,-0.03237755769104067,-0.07064234767819971,0.006978486938981343,0.0660885386525436,0.033710980961502934,-0.0033255052670152496,-0.03002179574318898,0.021004031398665638,0.08596147365626283,0.08263596838924758
round_bin,round 1,window,the whole gap between the two: post + pre,channel,random forest,rules+timing+momentum,151,181,181,275,275,-0.007766843703770121,-0.03443702514685986,0.016483269400344974,0.06679081182838953,0.05902396812461941,-0.003978012186219626,-0.019316476820303265,0.011766850766267134,0.031345703892535326,0.0273676917063157
round_bin,round 1,window,the whole gap between the two: post + pre,talkers,elastic net,rules+timing,151,92,92,116,116,0.06797949731079267,-0.04158631396356035,0.17606441402146011,0.0009531609342035008,0.06893265824499617,-0.020299454526268912,-0.11842885272803927,0.06797085577310505,0.06427393934271808,0.043974484816449166
round_bin,round 1,window,the whole gap between the two: post + pre,talkers,random forest,rules+timing,151,92,92,116,116,0.03712294018782347,-0.06644017939540899,0.11023935604439625,-0.006076711578734573,0.0310462286090889,-0.013387746759580987,-0.06673112215640818,0.034921230699888305,0.033768262750760725,0.020380515991179737
round_bin,round 1,window,the whole gap between the two: post + pre,talkers,elastic net,rules+timing+momentum,151,92,92,116,116,0.06797949731079267,-0.03788291996496511,0.1726566952381297,0.0009531609342035008,0.06893265824499617,-0.020299454526268912,-0.10890152516234368,0.07079812277040726,0.06427393934271808,0.043974484816449166
round_bin,round 1,window,the whole gap between the two: post + pre,talkers,random forest,rules+timing+momentum,151,92,92,116,116,0.03712294018782347,-0.05473792191211489,0.11116138161545809,-0.006076711578734573,0.0310462286090889,-0.013387746759580765,-0.06370829618632926,0.036077742342210624,0.033768262750760725,0.02038051599117996
round_bin,round 1,cumulative,every message so far this game,channel,elastic net,rules+timing,151,181,181,275,275,-0.029060197322299253,-0.06822320087387818,0.008135436624587105,0.0660885386525436,0.03702834133024435,-0.01638360075831291,-0.06100672123709108,0.020736792399818627,0.08596147365626283,0.06957787289794992
round_bin,round 1,cumulative,every message so far this game,channel,random forest,rules+timing,151,181,181,275,275,-0.009209758512598532,-0.03460732040724795,0.016503301101357254,0.06679081182838953,0.057581053315791,-0.004214980449302463,-0.018716543518799467,0.010672821071318063,0.03134570389253555,0.027130723443233085
round_bin,round 1,cumulative,every message so far this game,channel,elastic net,rules+timing+momentum,151,181,181,275,275,-0.029060197322299253,-0.06729291997039136,0.00761350247379889,0.0660885386525436,0.03702834133024435,-0.01638360075831291,-0.06026582626749867,0.020174036336752754,0.08596147365626283,0.06957787289794992
round_bin,round 1,cumulative,every message so far this game,channel,random forest,rules+timing+momentum,151,181,181,275,275,-0.009209758512598532,-0.034932451026713225,0.01528355798467867,0.06679081182838953,0.057581053315791,-0.004214980449302241,-0.019146145463108118,0.010912823479084352,0.031345703892535104,0.027130723443232863
round_bin,round 1,cumulative,every message so far this game,talkers,elastic net,rules+timing,151,92,92,116,116,0.1068972887637143,-0.0003223039543201077,0.2091599434771866,0.0009531609342035008,0.1078504496979178,-0.02746624721123736,-0.13211643151593994,0.07670231043972117,0.06427393934271808,0.03680769213148072
round_bin,round 1,cumulative,every message so far this game,talkers,random forest,rules+timing,151,92,92,116,116,0.031422002322803566,-0.05973407280381424,0.10232703395244581,-0.006076711578734573,0.025345290744068993,-0.010543244422901443,-0.06437163279107001,0.03621114000510542,0.03376826275076095,0.023225018327859503
round_bin,round 1,cumulative,every message so far this game,talkers,elastic net,rules+timing+momentum,151,92,92,116,116,0.1068972887637143,0.0009466138623812907,0.21418570638407775,0.0009531609342035008,0.1078504496979178,-0.02746624721123736,-0.13261050990574397,0.07320580067114327,0.06427393934271808,0.03680769213148072
round_bin,round 1,cumulative,every message so far this game,talkers,random forest,rules+timing+momentum,151,92,92,116,116,0.031422002322803566,-0.06510714244524561,0.10088770503951601,-0.006076711578734573,0.025345290744068993,-0.01054324442290111,-0.0653699819200831,0.038207263883169126,0.033768262750760725,0.023225018327859615
round_bin,round 2,pre,"this round, before the outcome",channel,elastic net,rules+timing,151,181,181,275,275,-0.012125384648388526,-0.052445144386878854,0.02974767308103438,0.021777765737777233,0.009652381089388706,0.005814333707187425,-0.016719029235464606,0.03135479960811988,-0.020557137009887816,-0.014742803302700391
round_bin,round 2,pre,"this round, before the outcome",channel,random forest,rules+timing,151,181,181,275,275,0.04003600845011002,-0.004836966318339994,0.08225106613243943,0.05455445480409604,0.09459046325420606,-0.006339249045546058,-0.04355785717657886,0.030699192387945613,-0.015211527177942052,-0.02155077622348811
round_bin,round 2,pre,"this round, before the outcome",channel,elastic net,rules+timing+momentum,151,181,181,275,275,-0.01457247843831444,-0.042490033666027376,0.014493376160537719,0.46369416163882293,0.4491216832005085,-0.00365694047808629,-0.02824662916795261,0.02196374381166262,0.362006121531829,0.3583491810537427
round_bin,round 2,pre,"this round, before the outcome",channel,random forest,rules+timing+momentum,151,181,181,275,275,0.04828408883796409,0.01842683809029523,0.07788469789438991,0.29493337709461853,0.3432174659325826,0.012206684975796245,-0.017841651806898527,0.041389041860338455,0.2038423265237309,0.21604901149952715
round_bin,round 2,pre,"this round, before the outcome",talkers,elastic net,rules+timing,151,91,91,117,117,-0.0013311841083889497,-0.02335103958788376,0.02050481637087229,0.00071035955899168,-0.0006208245493972697,0.0,0.0,0.0,-0.0625897613537254,-0.0625897613537254
round_bin,round 2,pre,"this round, before the outcome",talkers,random forest,rules+timing,151,91,91,117,117,-0.01430020815711619,-0.042344423652681276,0.01564570490629848,0.0089390312954849,-0.005361176861631289,-0.03624124671568851,-0.07032551137580943,-0.0020275371678041107,-0.025796185472973576,-0.06203743218866209
round_bin,round 2,pre,"this round, before the outcome",talkers,elastic net,rules+timing+momentum,151,91,91,117,117,-0.10529779472138023,-0.24941686599866336,0.022475947339849887,0.3848414749186768,0.2795436801972966,-0.039958998926653555,-0.11075452358911617,0.05413372723622212,0.41249922760541635,0.3725402286787628
round_bin,round 2,pre,"this round, before the outcome",talkers,random forest,rules+timing+momentum,151,91,91,117,117,-0.0036343010655327523,-0.037526130898137326,0.03152014063198842,0.10955801185799607,0.10592371079246332,-0.004098177455024499,-0.027050115673181503,0.025603186932531843,0.02032653410437424,0.01622835664934974
round_bin,round 2,post,"last round, after the outcome",channel,elastic net,rules+timing,151,181,181,275,275,0.021202358412623967,-0.03840914843809082,0.0888699666931436,-0.026909572515375846,-0.005707214102751879,0.006346201141236296,-0.03308953774179081,0.04669332593629275,0.012169244405843216,0.018515445547079512
round_bin,round 2,post,"last round, after the outcome",channel,random forest,rules+timing,151,181,181,275,275,0.06108995587917265,0.014754406052343775,0.1077584369428779,0.040907834084482175,0.10199778996365483,0.0615363356611458,0.028989788385539166,0.09717378239040957,-0.007870766741307156,0.053665568919838647
round_bin,round 2,post,"last round, after the outcome",channel,elastic net,rules+timing+momentum,151,181,181,275,275,0.05848259588705684,0.011598495754618233,0.11345253988699008,0.4726261807393791,0.531108776626436,-0.028475205861685948,-0.09760894800816382,0.024019419273733425,0.3962436594931643,0.36776845363147836
round_bin,round 2,post,"last round, after the outcome",channel,random forest,rules+timing+momentum,151,181,181,275,275,0.07694845071113032,0.045502222103370564,0.10810767558699551,0.28474722512001716,0.3616956758311475,0.06672550401086341,0.04362560731392827,0.08999872187935043,0.2072755568605259,0.2740010608713893
round_bin,round 2,post,"last round, after the outcome",talkers,elastic net,rules+timing,151,106,106,127,127,0.0022539566825268142,-0.03772434857350996,0.04042665722079139,-0.01747314639471398,-0.015219189712187164,0.033899640627509164,0.013027285175066428,0.052560469807981194,-0.0020004276996017367,0.03189921292790743
round_bin,round 2,post,"last round, after the outcome",talkers,random forest,rules+timing,151,106,106,127,127,0.10285708342641242,0.010685519582455366,0.188075009724143,-0.04464632035714722,0.0582107630692652,0.09491230725871402,0.034584845055000084,0.16092184313607114,-0.016769337303420118,0.0781429699552939
round_bin,round 2,post,"last round, after the outcome",talkers,elastic net,rules+timing+momentum,151,106,106,127,127,0.07486467789208284,-0.0073417081109821754,0.1636651878932455,0.24027687919349938,0.3151415570855822,0.05226245124786033,0.0042348561079738,0.09827047342384192,0.2854168883834054,0.33767933963126573
round_bin,round 2,post,"last round, after the outcome",talkers,random forest,rules+timing+momentum,151,106,106,127,127,0.06483475892044077,-0.005260584593904083,0.13361736645197442,0.09110056930736465,0.15593532822780543,0.07634385101760832,0.035618440924516714,0.11829548525097847,0.061721978101741404,0.13806582911934973
round_bin,round 2,window,the whole gap between the two: post + pre,channel,elastic net,rules+timing,151,181,181,275,275,-0.010807158581418341,-0.20952085296634035,0.11035281827357309,0.012059649168079667,0.0012524905866613256,-0.016884386400978446,-0.06638717470281595,0.027478892511356177,-0.005882258427375886,-0.022766644828354332
round_bin,round 2,window,the whole gap between the two: post + pre,channel,random forest,rules+timing,151,181,181,275,275,0.03934560992529301,-0.00960184284565709,0.08246607145296556,0.05010588389194526,0.08945149381723827,0.0417877058597208,0.0072879250477142395,0.07475880625853708,-0.00787428720735428,0.03391341865236652
round_bin,round 2,window,the whole gap between the two: post + pre,channel,elastic net,rules+timing+momentum,151,181,181,275,275,-0.09619237947217751,-0.3055433386867479,0.03065133782094301,0.47926415100258346,0.38307177153040595,0.00032967193279243023,-0.026523667483811974,0.027568587104881543,0.37427502311486505,0.3746046950476575
round_bin,round 2,window,the whole gap between the two: post + pre,channel,random forest,rules+timing+momentum,151,181,181,275,275,0.05197420413635967,0.017894994565279727,0.0826881389639887,0.2871385709773199,0.33911277511367954,0.0578828750402447,0.036371446312008136,0.08233766388336197,0.205751288330838,0.2636341633710827
round_bin,round 2,window,the whole gap between the two: post + pre,talkers,elastic net,rules+timing,151,118,118,159,159,0.04773312085873993,-0.025606073479234402,0.1188337400396715,-0.03019844710727826,0.01753467375146167,0.0011010411489131844,-0.0538115191193585,0.05086551359307424,-0.021668042687885247,-0.020567001538972063
round_bin,round 2,window,the whole gap between the two: post + pre,talkers,random forest,rules+timing,151,118,118,159,159,0.0031640623692010816,-0.05763348271537521,0.06090398366740216,-0.02455808031498763,-0.021394017945786548,0.04502076498756824,0.009106288413181401,0.08236336911629695,-0.020921347667927748,0.024099417319640493
round_bin,round 2,window,the whole gap between the two: post + pre,talkers,elastic net,rules+timing+momentum,151,118,118,159,159,0.06683669556674487,-0.01790814725627094,0.1495576631196882,0.2487244980217802,0.3155611935885251,0.035295757072026035,-0.015155636993173321,0.0812674793601053,0.2779406465376171,0.3132364036096431
round_bin,round 2,window,the whole gap between the two: post + pre,talkers,random forest,rules+timing+momentum,151,118,118,159,159,0.01949867878695899,-0.0270574239325491,0.06429562575916797,0.10153796954157679,0.12103664832853578,0.043920556308191805,0.017117155240878475,0.0748267649833394,0.046443232990566075,0.09036378929875788
round_bin,round 2,cumulative,every message so far this game,channel,elastic net,rules+timing,151,181,181,275,275,-0.041874746418230746,-0.22929262335315093,0.06829123847085859,0.06834797952025728,0.02647323310202654,-0.004895530835630879,-0.04561904548045063,0.026811854634223985,-0.017884085716861176,-0.022779616552492055
round_bin,round 2,cumulative,every message so far this game,channel,random forest,rules+timing,151,181,181,275,275,0.035618656335808074,-0.023148045660570542,0.08888175895176526,0.0679527553165502,0.10357141165235828,0.02386011198079896,-0.017727933518039564,0.06504624528213333,-0.005980926923150998,0.01787918505764796
round_bin,round 2,cumulative,every message so far this game,channel,elastic net,rules+timing+momentum,151,181,181,275,275,0.04527534741338324,0.005851583423745874,0.09044686542342217,0.4930796484982166,0.5383549959115999,-0.02445893395770027,-0.05101260565012749,0.0016769212611863927,0.3775042256615664,0.3530452917038661
round_bin,round 2,cumulative,every message so far this game,channel,random forest,rules+timing+momentum,151,181,181,275,275,0.04191926212854724,0.006282750635288789,0.07351079976411685,0.2946265320043613,0.3365457941329085,0.03732489509933745,0.013690689719692038,0.061759912550916826,0.20499335861582668,0.24231825371516413
round_bin,round 2,cumulative,every message so far this game,talkers,elastic net,rules+timing,151,124,124,169,169,-0.0014918780361747874,-0.03096445398792396,0.026076214838548682,-0.0387324200136927,-0.04022429804986749,0.0,0.0,0.0,-0.033427454007861845,-0.033427454007861845
round_bin,round 2,cumulative,every message so far this game,talkers,random forest,rules+timing,151,124,124,169,169,0.03905446818130298,-0.04336520319854504,0.10933413695774104,-0.01634787169328411,0.02270659648801887,0.044674775731941896,-0.004127387987575243,0.09482899877766879,-0.06687272812611522,-0.022197952394173326
round_bin,round 2,cumulative,every message so far this game,talkers,elastic net,rules+timing+momentum,151,124,124,169,169,0.03772159462268876,-0.06152257293575093,0.1255652987176711,0.21404365091437616,0.2517652455370649,-0.03157471806499279,-0.08033990364460818,0.02317326375771995,0.3392858564630292,0.30771113839803643
round_bin,round 2,cumulative,every message so far this game,talkers,random forest,rules+timing+momentum,151,124,124,169,169,0.04013125462352485,-0.018745677766238752,0.09805987993910663,0.08701589663359854,0.1271471512571234,0.03525524964377258,0.002614839521934571,0.07148133713764333,0.041253440248038675,0.07650868989181125
round_bin,round 3,pre,"this round, before the outcome",channel,elastic net,rules+timing,151,181,181,275,275,-0.0019038710927716807,-0.007182757994805033,0.003684430908470909,0.026399140510429575,0.024495269417657894,0.0,0.0,0.0,0.05462933083834043,0.05462933083834043
round_bin,round 3,pre,"this round, before the outcome",channel,random forest,rules+timing,151,181,181,275,275,0.03161360258104129,-0.020791692978603588,0.07506906027869424,0.04323246956434712,0.07484607214538841,0.01392902654686512,-0.017330794368750173,0.04337797030766865,0.05420364533490085,0.06813267188176597
round_bin,round 3,pre,"this round, before the outcome",channel,elastic net,rules+timing+momentum,151,181,181,275,275,-0.0025864452927647497,-0.006867011216425805,0.0015914868936744793,0.5738226656626711,0.5712362203699064,0.0,0.0,0.0,0.45582995174991126,0.45582995174991126
round_bin,round 3,pre,"this round, before the outcome",channel,random forest,rules+timing+momentum,151,181,181,275,275,0.025955045778143226,0.00328454335734795,0.043922770409598536,0.34707664230434077,0.373031688082484,0.011583263439676306,-0.014209630321185057,0.03440942529758107,0.33762945866183525,0.34921272210151155
round_bin,round 3,pre,"this round, before the outcome",talkers,elastic net,rules+timing,151,86,86,108,108,-0.09943186024835549,-0.2560473676042503,0.011095432628866291,-0.0448489222351951,-0.14428078248355058,0.0,0.0,0.0,-0.028109955100116935,-0.028109955100116935
round_bin,round 3,pre,"this round, before the outcome",talkers,random forest,rules+timing,151,86,86,108,108,-0.019972215467955245,-0.07712587838193606,0.024959135845256095,0.016412685421176243,-0.0035595300467790025,-0.026234532677371858,-0.05002938567154889,0.001156796192487489,-0.0012811018027161225,-0.02751563448008798
round_bin,round 3,pre,"this round, before the outcome",talkers,elastic net,rules+timing+momentum,151,86,86,108,108,-0.022469279372345885,-0.048366835524898406,0.007222831890208174,0.4117668597972296,0.3892975804248837,-0.0410320849085507,-0.06683554131762835,-0.002597152185819845,0.4357558109979396,0.3947237260893889
round_bin,round 3,pre,"this round, before the outcome",talkers,random forest,rules+timing+momentum,151,86,86,108,108,-0.015261803285161246,-0.04685558546806947,0.010127674700808923,0.17246514485857267,0.15720334157341143,0.022018619360546055,0.002736982717113004,0.04614495165515738,0.11007070499178873,0.13208932435233478
round_bin,round 3,post,"last round, after the outcome",channel,elastic net,rules+timing,151,181,181,275,275,0.01971324011594766,4.341749994459803e-05,0.040878097731020455,0.10036106217118357,0.12007430228713123,0.022699429088685608,0.003915466308805069,0.03918180312191826,0.07448847816393955,0.09718790725262516
round_bin,round 3,post,"last round, after the outcome",channel,random forest,rules+timing,151,181,181,275,275,0.07379393229539144,0.02127047053753766,0.12000490322166658,0.07977304928961837,0.1535669815850098,0.034660866651479494,-0.008886269723616877,0.07723664974137202,0.07865012574327057,0.11331099239475007
round_bin,round 3,post,"last round, after the outcome",channel,elastic net,rules+timing+momentum,151,181,181,275,275,-0.005502475785386984,-0.010776000979918232,-0.00021080718410445534,0.5947688282444352,0.5892663524590482,0.003237962727008159,0.001045372300695968,0.005959035586729579,0.4619751761846127,0.46521313891162086
round_bin,round 3,post,"last round, after the outcome",channel,random forest,rules+timing+momentum,151,181,181,275,275,0.045386843022118706,0.013490288591411667,0.07434112450928733,0.36454950655920404,0.40993634958132275,0.02597342463634611,-0.0032545374122353197,0.05132704157077513,0.3532863132469055,0.3792597378832516
round_bin,round 3,post,"last round, after the outcome",talkers,elastic net,rules+timing,151,111,111,133,133,0.16514608987106294,0.04183908562940017,0.2883304822405535,-0.12383386362443094,0.041312226246632,0.02089352172585679,-0.018778492670993102,0.0542898607507683,-0.034901199558342144,-0.014007677832485355
round_bin,round 3,post,"last round, after the outcome",talkers,random forest,rules+timing,151,111,111,133,133,0.06392801659908143,-0.03253529884358409,0.15368481065836634,-0.02379752056249873,0.0401304960365827,0.08331964152634885,8.261148646435126e-05,0.15313361729864394,-0.028761466771973554,0.0545581747543753
round_bin,round 3,post,"last round, after the outcome",talkers,elastic net,rules+timing+momentum,151,111,111,133,133,-0.014606223623750747,-0.05460732199360971,0.02189777482704352,0.4367291524907039,0.42212292886695313,-0.024051757717885258,-0.04569226189308014,0.0056037550532548755,0.46184343511749726,0.437791677399612
round_bin,round 3,post,"last round, after the outcome",talkers,random forest,rules+timing+momentum,151,111,111,133,133,0.03347554104458883,-0.031986997409262086,0.09372842676597556,0.21170965957307775,0.24518520061766658,0.06294899168643397,0.009352000511641404,0.1073384250244155,0.12181596925829519,0.18476496094472916
round_bin,round 3,window,the whole gap between the two: post + pre,channel,elastic net,rules+timing,151,181,181,275,275,0.028901872882000745,0.005155115345296152,0.051379909304863705,0.0951859349113705,0.12408780779337125,0.03092660390227131,0.0104485351068654,0.0495629123677489,0.07868554110431092,0.10961214500658223
round_bin,round 3,window,the whole gap between the two: post + pre,channel,random forest,rules+timing,151,181,181,275,275,0.051273319452439514,-0.006096410289516302,0.10547813618926276,0.07808124781877557,0.12935456727121508,0.037428991382907006,-0.009840750899847858,0.08335819066121734,0.07656656766852876,0.11399555905143577
round_bin,round 3,window,the whole gap between the two: post + pre,channel,elastic net,rules+timing+momentum,151,181,181,275,275,0.0010691553584815106,-0.012699683222483086,0.012926175889237291,0.5896456907434582,0.5907148461019397,0.0035453885574550092,-0.011675873401700477,0.016505179209690843,0.4631764347159475,0.4667218232734025
round_bin,round 3,window,the whole gap between the two: post + pre,channel,random forest,rules+timing+momentum,151,181,181,275,275,0.04673609782982924,0.011805129926677801,0.0772118630990058,0.35992053294798987,0.4066566307778191,0.0177376402773195,-0.01341525098827962,0.04799744644524207,0.3476881641111208,0.3654258043884403
round_bin,round 3,window,the whole gap between the two: post + pre,talkers,elastic net,rules+timing,151,117,117,157,157,0.07825598311865467,0.029738147104174724,0.1276942634463283,-0.01215257669390235,0.06610340642475232,0.05016378693509649,0.017172212820865278,0.08054029308470666,-0.03735846223493744,0.012805324700159049
round_bin,round 3,window,the whole gap between the two: post + pre,talkers,random forest,rules+timing,151,117,117,157,157,0.007982641598590412,-0.08728109818544591,0.09163468351184365,-0.00785572578493321,0.0001269158136572024,0.09131032035761821,0.021188054986149472,0.1602705381048185,-0.03208548769261843,0.05922483266499978
round_bin,round 3,window,the whole gap between the two: post + pre,talkers,elastic net,rules+timing+momentum,151,117,117,157,157,0.0384573719755642,-0.028124345407218768,0.10676745010501708,0.3897197067655592,0.42817707874112343,0.002243833632792791,-0.040647415454558106,0.0469149642700275,0.4437820807131928,0.4460259143459856
round_bin,round 3,window,the whole gap between the two: post + pre,talkers,random forest,rules+timing+momentum,151,117,117,157,157,0.045553031629009366,-0.02275334258097002,0.10696478090770112,0.18951902616521632,0.2350720577942257,0.07084598334105485,0.02649286289116108,0.11194859228762927,0.1224856185474884,0.19333160188854326
round_bin,round 3,cumulative,every message so far this game,channel,elastic net,rules+timing,151,181,181,275,275,-0.1349729450270144,-0.4582959532732391,0.06260100046467136,0.12480675625644111,-0.010166188770573292,0.07111026175738788,0.026127440148393376,0.1093857759291436,0.04347488827520618,0.11458515003259406
round_bin,round 3,cumulative,every message so far this game,channel,random forest,rules+timing,151,181,181,275,275,0.09921371889207575,0.014644102553565902,0.17172012730401234,0.07314315094767776,0.1723568698397535,0.06471885993693638,0.001667263092950272,0.1291766566451663,0.060213943931924696,0.12493280386886108
round_bin,round 3,cumulative,every message so far this game,channel,elastic net,rules+timing+momentum,151,181,181,275,275,-0.05699615057246188,-0.2285787263400567,0.0210946080511442,0.5797379022829601,0.5227417517104982,0.009323629749944273,-0.004065794986325866,0.02310528373780649,0.45067865802404816,0.46000228777399244
round_bin,round 3,cumulative,every message so far this game,channel,random forest,rules+timing+momentum,151,181,181,275,275,0.05042536419640642,0.0060729273119779,0.09014775509227417,0.3608381817012162,0.4112635458976226,0.008607240539919236,-0.03332834518641789,0.04899535816164314,0.3377824379606199,0.34638967850053914
round_bin,round 3,cumulative,every message so far this game,talkers,elastic net,rules+timing,151,133,133,188,188,0.08790126546777532,-0.04012834369219974,0.18939954658647476,-0.035700173893165266,0.05220109157461006,0.13068594876255724,0.06767389911412076,0.19314043396258027,-0.05720280825660651,0.07348314050595073
round_bin,round 3,cumulative,every message so far this game,talkers,random forest,rules+timing,151,133,133,188,188,0.05152011024107905,-0.05630862280951944,0.15891714642722524,-0.027551029530814564,0.02396908071026449,0.16029735632799658,0.08922323750093997,0.22995009083956375,-0.05833696074740313,0.10196039558059344
round_bin,round 3,cumulative,every message so far this game,talkers,elastic net,rules+timing+momentum,151,133,133,188,188,0.08086681796677919,0.02539993005966205,0.14379865151900761,0.41887818605139193,0.4997450040181711,0.012884297651044818,-0.02091837571911065,0.05626422979653842,0.44828417993379066,0.4611684775848355
round_bin,round 3,cumulative,every message so far this game,talkers,random forest,rules+timing+momentum,151,133,133,188,188,0.06667249696549349,-0.02133531821888652,0.15744636319512983,0.1936911882443667,0.2603636852098602,0.1151686343392242,0.06594869163246268,0.16711159044169652,0.11645616531465408,0.23162479965387828
round_bin,rounds 4-6,pre,"this round, before the outcome",channel,elastic net,rules+timing,151,502,172,825,275,-0.009169445404344834,-0.02800851004340369,0.006765822804059224,0.04717305906215952,0.03800361365781468,-2.9295508434334927e-05,-0.011893911752047459,0.011974729414420217,0.02869555922945788,0.028666263721023544
round_bin,rounds 4-6,pre,"this round, before the outcome",channel,random forest,rules+timing,151,502,172,825,275,-0.028941115182940957,-0.0551681359488642,-0.0034507587344213193,0.09190622404179816,0.0629651088588572,-2.8918987624582115e-06,-0.002379393564926885,0.0021242457536663527,0.02303664177939524,0.02303374988063278
round_bin,rounds 4-6,pre,"this round, before the outcome",channel,elastic net,rules+timing+momentum,151,502,172,825,275,-0.005770739977173922,-0.012448759331714392,0.00016488101734839014,0.6958077016967833,0.6900369617196094,-0.0012983449913465117,-0.004446152207721596,0.002108866221533936,0.5635481788708684,0.5622498338795219
round_bin,rounds 4-6,pre,"this round, before the outcome",channel,random forest,rules+timing+momentum,151,502,172,825,275,0.004186280196989189,-0.0022607670177265506,0.0107628177439432,0.5074681438005546,0.5116544239975438,0.013953133734261214,0.008286241538981432,0.02039363842957746,0.4286897273320427,0.4426428610663039
round_bin,rounds 4-6,pre,"this round, before the outcome",talkers,elastic net,rules+timing,151,208,102,249,150,-0.030631464683114396,-0.09705486996763095,0.021459889504508868,0.0064406054365896415,-0.024190859246524754,0.029698809607091148,-0.019567208257873114,0.07823229560787244,-0.07110498653706654,-0.04140617692997539
round_bin,rounds 4-6,pre,"this round, before the outcome",talkers,random forest,rules+timing,151,208,102,249,150,-0.027497195877147274,-0.06515774565102987,0.007968345739310125,0.0788086057881866,0.05131140991103933,-0.004342693116742291,-0.03237747688720813,0.02721453090823493,0.0075890903762416695,0.0032463972594993784
round_bin,rounds 4-6,pre,"this round, before the outcome",talkers,elastic net,rules+timing+momentum,151,208,102,249,150,-0.018812477896308466,-0.05100926996277502,0.006300366158385592,0.6171614867960549,0.5983490088997464,-0.0035110558764498423,-0.02629075454147626,0.017350357039981862,0.4736253837289286,0.47011432785247875
round_bin,rounds 4-6,pre,"this round, before the outcome",talkers,random forest,rules+timing+momentum,151,208,102,249,150,-0.010951749687557744,-0.028340928414225076,0.006929096992957458,0.37571420039745784,0.3647624507099001,0.02058853389261972,0.005843515648663358,0.038233076400792876,0.304684693640907,0.3252732275335267
round_bin,rounds 4-6,post,"last round, after the outcome",channel,elastic net,rules+timing,151,502,172,825,275,0.01552437557010966,-0.008318157784620275,0.0404784774922859,0.08751378057432424,0.1030381561444339,0.008611485014518916,-0.011287908975569281,0.029969517567293467,0.06031746036562913,0.06892894538014804
round_bin,rounds 4-6,post,"last round, after the outcome",channel,random forest,rules+timing,151,502,172,825,275,-0.007738176453196188,-0.04458846710493099,0.025704626472742523,0.09663482841853477,0.08889665196533858,0.017477304223136203,0.0025953941800794856,0.0314729697019545,0.03724850604545871,0.05472581026859491
round_bin,rounds 4-6,post,"last round, after the outcome",channel,elastic net,rules+timing+momentum,151,502,172,825,275,-0.003916424951414421,-0.009755923143579653,0.0019452503065946502,0.7020657820434318,0.6981493570920174,-0.0007655586822755689,-0.004500822031301363,0.002976877812382194,0.5754988163580592,0.5747332576757836
round_bin,rounds 4-6,post,"last round, after the outcome",channel,random forest,rules+timing+momentum,151,502,172,825,275,0.013819313793379973,-0.005519168598897744,0.03016367843932821,0.5136222871693692,0.5274416009627492,0.02452873972891012,0.012669251488709149,0.037706832328750745,0.4388234163273357,0.4633521560562458
round_bin,rounds 4-6,post,"last round, after the outcome",talkers,elastic net,rules+timing,151,289,116,405,183,0.050618985353164336,-0.013719015129757,0.12023720828921343,0.07366818580542611,0.12428717115859045,-0.004285425683876909,-0.0516192311056,0.03348242214784687,-0.012733355180937656,-0.017018780864814564
round_bin,rounds 4-6,post,"last round, after the outcome",talkers,random forest,rules+timing,151,289,116,405,183,-0.01438921626047962,-0.06782450353178797,0.044163738334181975,0.08513405297240983,0.07074483671193021,-0.011757539456859645,-0.042995542911187644,0.01833354254686203,0.021597371280216215,0.00983983182335657
round_bin,rounds 4-6,post,"last round, after the outcome",talkers,elastic net,rules+timing+momentum,151,289,116,405,183,-0.009781352398161136,-0.019700127913645803,0.0037953807723991196,0.5642579223893109,0.5544765699911498,0.0007201921212450779,-0.00795061814890487,0.012320800864344499,0.5392312825086728,0.5399514746299179
round_bin,rounds 4-6,post,"last round, after the outcome",talkers,random forest,rules+timing+momentum,151,289,116,405,183,-0.01674016888796892,-0.04593879165285219,0.014813427652443515,0.37880895905254475,0.3620687901645758,0.020292985612139214,0.005122955332855786,0.03796399473843871,0.3443693580428313,0.3646623436549705
round_bin,rounds 4-6,window,the whole gap between the two: post + pre,channel,elastic net,rules+timing,151,502,172,825,275,-0.008062456065184076,-0.03841005655745227,0.020817254359027128,0.07794712599357212,0.06988466992838804,-0.016272156361739953,-0.044805806753951974,0.01097687620351911,0.05152872896146299,0.035256572599723035
round_bin,rounds 4-6,window,the whole gap between the two: post + pre,channel,random forest,rules+timing,151,502,172,825,275,-0.014408336335552607,-0.05294419777682535,0.023339988349933057,0.09529977469994932,0.08089143836439672,0.018350759127058858,0.004381578275586584,0.03154582235438657,0.03268400388741399,0.05103476301447285
round_bin,rounds 4-6,window,the whole gap between the two: post + pre,channel,elastic net,rules+timing+momentum,151,502,172,825,275,-0.006486349907389166,-0.011196854233340141,-0.0019523269174182081,0.6990837325023408,0.6925973825949516,-0.0013096537312486944,-0.006106506429326733,0.0032986881707437964,0.5708679428708336,0.569558289139585
round_bin,rounds 4-6,window,the whole gap between the two: post + pre,channel,random forest,rules+timing+momentum,151,502,172,825,275,0.009897569356973612,-0.007755470541721784,0.025635637905087227,0.5107077747205446,0.5206053440775182,0.030931156209572874,0.018949238960145103,0.04382338648848029,0.43589082300307747,0.46682197921265034
round_bin,rounds 4-6,window,the whole gap between the two: post + pre,talkers,elastic net,rules+timing,151,306,121,447,197,0.04916377283568307,-0.02762686179031684,0.12265444324738375,0.026749298407926725,0.0759130712436098,-0.0002639133369248814,-0.08483259162938653,0.06957184972652516,-0.017553583225823566,-0.017817496562748447
round_bin,rounds 4-6,window,the whole gap between the two: post + pre,talkers,random forest,rules+timing,151,306,121,447,197,-0.016418016945956238,-0.06955269477608605,0.039632301395543475,0.0469073415479051,0.030489324601948864,0.03532440936052661,0.0035370599834259335,0.06698349617192187,-0.016490274400434934,0.018834134960091675
round_bin,rounds 4-6,window,the whole gap between the two: post + pre,talkers,elastic net,rules+timing+momentum,151,306,121,447,197,-0.005692169789064283,-0.014921915244010476,0.00580928435635628,0.5846997911330789,0.5790076213440146,0.0012662951156314772,-0.003652181867521634,0.007029315303360491,0.5408399745210228,0.5421062696366543
round_bin,rounds 4-6,window,the whole gap between the two: post + pre,talkers,random forest,rules+timing+momentum,151,306,121,447,197,0.0027633411375876937,-0.01814737561635376,0.027488161962662603,0.385140312610763,0.3879036537483507,0.03191241861137206,0.01553611294019302,0.048841353784302884,0.3581091841419438,0.3900216027533159
round_bin,rounds 4-6,cumulative,every message so far this game,channel,elastic net,rules+timing,151,502,172,825,275,0.020542361021363087,-0.025451730719639142,0.07522686936815776,0.1802704799126893,0.20081284093405238,0.04925791355082776,0.006772058248782515,0.09366632938237346,0.011617138075007971,0.06087505162583573
round_bin,rounds 4-6,cumulative,every message so far this game,channel,random forest,rules+timing,151,502,172,825,275,0.011734540670813365,-0.05812429468463673,0.07702323263646134,0.14698945335285718,0.15872399402367054,0.08654813549787244,0.04254792230503436,0.13198913584077837,0.025224496991932077,0.11177263248980451
round_bin,rounds 4-6,cumulative,every message so far this game,channel,elastic net,rules+timing+momentum,151,502,172,825,275,-0.035978953699537075,-0.08753801588186438,-0.0007669382050717311,0.7028734621260423,0.6668945084265052,0.007086669862013784,-0.0007804827939698498,0.015329582914868321,0.563344098453074,0.5704307683150878
round_bin,rounds 4-6,cumulative,every message so far this game,channel,random forest,rules+timing+momentum,151,502,172,825,275,-0.006446904447374835,-0.035713503607898295,0.01783594401597511,0.5227440446561709,0.516297140208796,0.008579345273701411,-0.014366257774333748,0.030736363316646073,0.4335741391675285,0.4421534844412299
round_bin,rounds 4-6,cumulative,every message so far this game,talkers,elastic net,rules+timing,151,403,139,635,220,0.05372648756844445,-0.02168132633605317,0.13106437804335352,0.024765371485507615,0.07849185905395206,0.10007233945169092,0.05279432767623917,0.14628469265257177,-0.07020721197216817,0.029865127479522746
round_bin,rounds 4-6,cumulative,every message so far this game,talkers,random forest,rules+timing,151,403,139,635,220,0.005652254021204617,-0.10520659259734008,0.11925428279627376,0.00783403180687492,0.013486285828079536,0.15765033643340587,0.10175979290774956,0.22043151620678325,-0.06926786099817384,0.08838247543523203
round_bin,rounds 4-6,cumulative,every message so far this game,talkers,elastic net,rules+timing+momentum,151,403,139,635,220,-0.01598226026805416,-0.04812489108949404,0.009288798949560558,0.6247064986976085,0.6087242384295544,0.0052327661429225625,-0.001137622166472238,0.011988708992472653,0.5792726019765118,0.5845053681194343
round_bin,rounds 4-6,cumulative,every message so far this game,talkers,random forest,rules+timing+momentum,151,403,139,635,220,-0.030695681916107387,-0.08031153447460293,0.01751081827455495,0.43443982858763874,0.40374414667153136,0.058588219921372864,0.034073308000037696,0.08321136835501619,0.35127514551866545,0.4098633654400383
round_bin,rounds 7-10,pre,"this round, before the outcome",channel,elastic net,rules+timing,151,580,154,776,205,0.009528932750878849,-0.005868455130853984,0.027432979091619975,0.030230560008666085,0.039759492759544934,-0.002380089184917722,-0.008499503870401682,0.00524240032324359,0.08421485696138198,0.08183476777646426
round_bin,rounds 7-10,pre,"this round, before the outcome",channel,random forest,rules+timing,151,580,154,776,205,-0.0055109907518916534,-0.01820477943437261,0.00836897877036082,0.049601342063801956,0.0440903513119103,0.004559907772926253,0.0008103631224547687,0.008403955169493528,0.023106514750537932,0.027666422523464185
round_bin,rounds 7-10,pre,"this round, before the outcome",channel,elastic net,rules+timing+momentum,151,580,154,776,205,-0.0012850028537606528,-0.00442788465895261,0.002161879159694577,0.7622872976409579,0.7610022947871973,0.002595560275064246,-0.0014114896355452932,0.007083261216335842,0.6398620790299918,0.6424576393050561
round_bin,rounds 7-10,pre,"this round, before the outcome",channel,random forest,rules+timing+momentum,151,580,154,776,205,0.0064461559566804105,0.0008600623148494774,0.012288895235182819,0.5622381237962191,0.5686842797528995,0.011771547244020408,0.006706342656717562,0.017048657055252645,0.5489550741269286,0.560726621370949
round_bin,rounds 7-10,pre,"this round, before the outcome",talkers,elastic net,rules+timing,151,215,93,255,122,-0.08464615997936853,-0.14813580750051644,0.005471642807079355,0.2277215376042251,0.14307537762485656,0.11710403710386896,0.054288313686483194,0.20445391525176088,-0.12339125472741608,-0.0062872176235471144
round_bin,rounds 7-10,pre,"this round, before the outcome",talkers,random forest,rules+timing,151,215,93,255,122,-0.06527049789945605,-0.09991280112380478,-0.04210822398224725,0.0877223372603142,0.02245183936085815,0.015136177905649806,-0.007314422324162795,0.03837517300939636,0.013568777366940066,0.02870495527258987
round_bin,rounds 7-10,pre,"this round, before the outcome",talkers,elastic net,rules+timing+momentum,151,215,93,255,122,-0.014410299331554022,-0.029479601217080115,0.010792866868589854,0.7123207516190895,0.6979104522875355,0.03768779365384667,0.012631100579435534,0.07309819690534468,0.5759168616105776,0.6136046552644243
round_bin,rounds 7-10,pre,"this round, before the outcome",talkers,random forest,rules+timing+momentum,151,215,93,255,122,-0.015700219628937195,-0.02775190310269212,0.002101421198637665,0.41258281459503365,0.39688259496609646,0.02357687486005422,0.011945368532849257,0.03875846427607194,0.44291669374694853,0.46649356860700275
round_bin,rounds 7-10,post,"last round, after the outcome",channel,elastic net,rules+timing,151,580,154,776,205,-0.009200506020712318,-0.03814914392839931,0.020629106962128923,0.035762322074282316,0.026561816053569998,0.00212119696837898,-0.01328646249090469,0.016168415242500667,0.09206736752842937,0.09418856449680835
round_bin,rounds 7-10,post,"last round, after the outcome",channel,random forest,rules+timing,151,580,154,776,205,-0.01102253176426704,-0.034617024888767854,0.011747436643408724,0.049982163260605006,0.038959631496337965,0.01831267296872141,0.007608173603167756,0.029324961173031305,0.029297251210515962,0.04760992417923737
round_bin,rounds 7-10,post,"last round, after the outcome",channel,elastic net,rules+timing+momentum,151,580,154,776,205,-0.0016101792719770414,-0.004621771726834983,0.0016181719634119627,0.7622458524687084,0.7606356731967313,0.0015161387711120078,-0.0016837099416548789,0.004976498703551813,0.6401953277079975,0.6417114664791095
round_bin,rounds 7-10,post,"last round, after the outcome",channel,random forest,rules+timing+momentum,151,580,154,776,205,0.010208843105289689,-0.0014648476757828544,0.020069096802065638,0.5617649503460631,0.5719737934513528,0.011226678629662867,0.0043819612494114205,0.0190225720514743,0.5512726377043133,0.5624993163339762
round_bin,rounds 7-10,post,"last round, after the outcome",talkers,elastic net,rules+timing,151,314,107,395,158,-0.030023113148420988,-0.061770670741608774,0.0028179358949170126,0.12314113084043765,0.09311801769201666,0.03163383574000278,0.001875602742614016,0.06590953899844348,-0.017872506300202762,0.013761329439800019
round_bin,rounds 7-10,post,"last round, after the outcome",talkers,random forest,rules+timing,151,314,107,395,158,-0.007641500334262696,-0.05149755248095269,0.058428754850176824,0.04666868608885333,0.03902718575459063,0.02128069481164019,-0.04986468030429535,0.11142916393008097,-0.02243974793329806,-0.0011590531216578714
round_bin,rounds 7-10,post,"last round, after the outcome",talkers,elastic net,rules+timing+momentum,151,314,107,395,158,-0.004998685396212399,-0.011898108548596612,0.006521714912886997,0.7493907333362133,0.7443920479400009,0.01631076478489213,0.003956559448760508,0.034467830149314566,0.49544960984427,0.5117603746291621
round_bin,rounds 7-10,post,"last round, after the outcome",talkers,random forest,rules+timing+momentum,151,314,107,395,158,0.005157896850239485,-0.010325034769440833,0.029156469539930806,0.44861377741392783,0.4537716742641673,0.032389711290459644,0.017551658251804388,0.04902704225816244,0.4174375275447476,0.44982723883520725
round_bin,rounds 7-10,window,the whole gap between the two: post + pre,channel,elastic net,rules+timing,151,580,154,776,205,-0.020900169728305662,-0.05532185374547622,0.008080986402629949,0.036598206481362916,0.015698036753057254,0.0010758818254170688,-0.013275423478359055,0.014670790888590064,0.09478401338370102,0.09585989520911808
round_bin,rounds 7-10,window,the whole gap between the two: post + pre,channel,random forest,rules+timing,151,580,154,776,205,-0.016073417308435145,-0.040634825339450724,0.008242552888427302,0.050509291276079726,0.03443587396764458,0.018755527377566916,0.008086631435330652,0.02974171895435853,0.030037293020840128,0.048792820398407044
round_bin,rounds 7-10,window,the whole gap between the two: post + pre,channel,elastic net,rules+timing+momentum,151,580,154,776,205,-0.0014929337572042733,-0.00472882560083108,0.0020586267448436746,0.7624990897299595,0.7610061559727552,0.0006777059857303591,-0.0023755834060003645,0.004000009016075904,0.6410335173657176,0.6417112233514479
round_bin,rounds 7-10,window,the whole gap between the two: post + pre,channel,random forest,rules+timing+momentum,151,580,154,776,205,-0.0026286183802746166,-0.029430691614774535,0.018218286488272277,0.5613538515557677,0.558725233175493,0.01385808316560111,0.00732230650777464,0.020731150078123744,0.5494266474231465,0.5632847305887476
round_bin,rounds 7-10,window,the whole gap between the two: post + pre,talkers,elastic net,rules+timing,151,344,109,434,164,-0.013549550394401533,-0.05358920494286092,0.032799759094164396,0.09866669241189974,0.0851171420174982,0.012323862528468843,-0.011366629191323615,0.03318950484753175,0.00036222848039302313,0.012686091008861866
round_bin,rounds 7-10,window,the whole gap between the two: post + pre,talkers,random forest,rules+timing,151,344,109,434,164,-0.020699549543671147,-0.0565903348743615,0.029233504134860557,0.046052976639836984,0.025353427096165837,0.003656493233627711,-0.028950081086167884,0.03172787895718727,0.0005316571648358304,0.0041881503984635415
round_bin,rounds 7-10,window,the whole gap between the two: post + pre,talkers,elastic net,rules+timing+momentum,151,344,109,434,164,-0.003248034196118077,-0.008504281297678423,0.005460508090197086,0.7386612631150369,0.7354132289189188,0.006855718830452662,0.0018610836577641454,0.013932078031406022,0.5302519896872737,0.5371077085177264
round_bin,rounds 7-10,window,the whole gap between the two: post + pre,talkers,random forest,rules+timing+momentum,151,344,109,434,164,0.004577997364820452,-0.009190832027802031,0.025801484429111874,0.46992134320847734,0.4744993405732978,0.0327479933755368,0.01869398717481446,0.04778995806551056,0.43551350357365803,0.46826149694919483
round_bin,rounds 7-10,cumulative,every message so far this game,channel,elastic net,rules+timing,151,580,154,776,205,-0.02350397003315019,-0.07758014569595961,0.039102071834006887,0.17767843663680183,0.15417446660365164,0.14242377198199108,0.06993089785324327,0.218519926001385,-0.03451123783473342,0.10791253414725765
round_bin,rounds 7-10,cumulative,every message so far this game,channel,random forest,rules+timing,151,580,154,776,205,-0.034360793794277256,-0.13141489151138158,0.04507277919892967,0.08604928774061771,0.05168849394634045,-0.03525058372512113,-0.08062286626088094,0.011029721771170455,0.03524792147489486,-2.662250226270757e-06
round_bin,rounds 7-10,cumulative,every message so far this game,channel,elastic net,rules+timing+momentum,151,580,154,776,205,-0.004405832093687945,-0.010575645020632162,0.0010219322386317913,0.7631930795419448,0.7587872474482569,0.002834507225842109,-0.0015487873940558782,0.006782913653231558,0.6396232053797796,0.6424577126056217
round_bin,rounds 7-10,cumulative,every message so far this game,channel,random forest,rules+timing+momentum,151,580,154,776,205,-0.014845791605860414,-0.05740617794161625,0.020201810661826674,0.573234631609749,0.5583888400038886,-0.002747231957817231,-0.0195629360972409,0.016384391053546565,0.5447566914918714,0.5420094595340542
round_bin,rounds 7-10,cumulative,every message so far this game,talkers,elastic net,rules+timing,151,485,130,684,183,-0.02052810230325064,-0.09441617574252519,0.07047166988980023,0.07327762440406693,0.05274952210081629,0.10447809416130416,0.05813793013062251,0.15402236591926882,-0.058378020836129974,0.046100073325174185
round_bin,rounds 7-10,cumulative,every message so far this game,talkers,random forest,rules+timing,151,485,130,684,183,-0.04639686516553376,-0.14262694473465545,0.05391071564681652,0.010274029605275237,-0.036122835560258526,0.0345323821708432,-0.029904218070339765,0.0961328804783167,-0.04636825507803466,-0.011835872907191458
round_bin,rounds 7-10,cumulative,every message so far this game,talkers,elastic net,rules+timing+momentum,151,485,130,684,183,-0.007919048895294711,-0.013993828819256057,-0.0010364152453100587,0.7319015958498674,0.7239825469545726,0.003588680475183015,-0.00010118138503180107,0.00802570440969687,0.6565053280379689,0.6600940085131519
round_bin,rounds 7-10,cumulative,every message so far this game,talkers,random forest,rules+timing+momentum,151,485,130,684,183,-0.03973962956105359,-0.08272207919143917,0.002279565594088859,0.5297031976844992,0.48996356812344566,0.06009083431453699,0.03469195355034254,0.08235049996256592,0.43969381735328783,0.4997846516678248
round_bin,rounds 11+,pre,"this round, before the outcome",channel,elastic net,rules+timing,151,1288,126,1744,183,0.01188633348609014,-0.00018197353348539108,0.03627101546318414,-0.06715197984028465,-0.05526564635419451,0.0,0.0,0.0,0.057220775334237084,0.057220775334237084
round_bin,rounds 11+,pre,"this round, before the outcome",channel,random forest,rules+timing,151,1288,126,1744,183,-0.0065115768727634915,-0.03375573445640289,0.011221080272659974,-0.024239192336327653,-0.030750769209091144,0.005339286900731599,-0.003584346455508114,0.011955395922382522,0.02697373788042079,0.03231302478115239
round_bin,rounds 11+,pre,"this round, before the outcome",channel,elastic net,rules+timing+momentum,151,1288,126,1744,183,-0.0004586821426586507,-0.0009573903504833558,0.0001267812598911369,0.8464429006773289,0.8459842185346702,-4.6577161288419155e-05,-0.00038832066432955555,0.00031476599710639436,0.7704570253860267,0.7704104482247383
round_bin,rounds 11+,pre,"this round, before the outcome",channel,random forest,rules+timing+momentum,151,1288,126,1744,183,-0.0018283272422245922,-0.012586722001439347,0.01056208409691983,0.5948918960405822,0.5930635687983576,0.00911179852210764,0.005405958691470397,0.013023582302275526,0.663179830212087,0.6722916287341947
round_bin,rounds 11+,pre,"this round, before the outcome",talkers,elastic net,rules+timing,151,470,83,537,130,0.01969550046674562,-0.00593571432797999,0.15602509268563558,-0.16885666252208287,-0.14916116205533725,0.0,0.0,0.0,-0.0003087430116643919,-0.0003087430116643919
round_bin,rounds 11+,pre,"this round, before the outcome",talkers,random forest,rules+timing,151,470,83,537,130,0.01227238962186461,-0.005494179843351665,0.04560910820936931,-0.18898257447958522,-0.1767101848577206,0.0008496229653014442,-0.005761725749374192,0.007930917236875818,0.05699952874488223,0.05784915171018368
round_bin,rounds 11+,pre,"this round, before the outcome",talkers,elastic net,rules+timing+momentum,151,470,83,537,130,-0.0020149996445263385,-0.010650489790439147,0.012998744368958414,0.8700480840724258,0.8680330844278995,-0.004848387880907246,-0.009910776940544883,-0.0003257295401698055,0.6790313592439925,0.6741829713630852
round_bin,rounds 11+,pre,"this round, before the outcome",talkers,random forest,rules+timing+momentum,151,470,83,537,130,0.021151570116266227,0.013780112930988117,0.05354325601078774,0.30982048011876917,0.3309720502350354,0.15020017823517018,0.07438544681721372,0.21535246222986984,0.4552774970744832,0.6054776753096534
round_bin,rounds 11+,post,"last round, after the outcome",channel,elastic net,rules+timing,151,1288,126,1744,183,0.014000166827293992,0.0006315839576036292,0.0353447277977347,-0.06758545381513237,-0.053585286987838376,0.000952259044118664,-6.792054782423506e-05,0.0021206886512349366,0.057220775334237084,0.05817303437835575
round_bin,rounds 11+,post,"last round, after the outcome",channel,random forest,rules+timing,151,1288,126,1744,183,0.012460446154460625,-0.023843641158444766,0.07521427927545347,-0.02378285794734336,-0.011322411792882736,0.005281742930018485,0.0007989782579805288,0.00905573536947801,0.026444175026208994,0.03172591795622748
round_bin,rounds 11+,post,"last round, after the outcome",channel,elastic net,rules+timing+momentum,151,1288,126,1744,183,0.00019918774208915746,-0.0010176692806557475,0.0012426640494011272,0.8466811057986154,0.8468802935407046,-0.00014927928162256077,-0.0010042265887336642,0.0006320661996560774,0.7717131009987421,0.7715638217171196
round_bin,rounds 11+,post,"last round, after the outcome",channel,random forest,rules+timing+momentum,151,1288,126,1744,183,-0.0011877210421431528,-0.017277308618896446,0.0226676697722235,0.5886169592775858,0.5874292382354427,0.00691006095384461,0.0035197188602646146,0.010064013983020752,0.665681385610218,0.6725914465640626
round_bin,rounds 11+,post,"last round, after the outcome",talkers,elastic net,rules+timing,151,667,88,844,151,0.004195025353486148,-0.0011093410985415554,0.032731619829016165,-0.04957299031729523,-0.04537796496380908,0.0,0.0,0.0,-0.0018765994583276324,-0.0018765994583276324
round_bin,rounds 11+,post,"last round, after the outcome",talkers,random forest,rules+timing,151,667,88,844,151,0.013726789441387943,-0.003428454567218986,0.07210640899009375,-0.06822415667614634,-0.0544973672347584,0.002593118254168858,-0.001738210030737708,0.007708948797820622,0.029533455884058313,0.03212657413822717
round_bin,rounds 11+,post,"last round, after the outcome",talkers,elastic net,rules+timing+momentum,151,667,88,844,151,-0.0031286564718366883,-0.008266597892603849,0.0049863524116938885,0.8445734578439997,0.841444801372163,-0.0024603199264607856,-0.007080682930122023,0.001127462407424409,0.69318146485072,0.6907211449242592
round_bin,rounds 11+,post,"last round, after the outcome",talkers,random forest,rules+timing+momentum,151,667,88,844,151,-0.0029764517340319374,-0.022528192796515804,0.061411233445160814,0.3969828096179886,0.39400635788395666,0.015584076510838485,0.008485327988533015,0.022153140030554942,0.5520202199040073,0.5676042964148458
round_bin,rounds 11+,window,the whole gap between the two: post + pre,channel,elastic net,rules+timing,151,1288,126,1744,183,0.0163245467562394,0.0025626173546367094,0.03820925855917524,-0.06771624011390331,-0.051391693357663915,-1.8562928971732617e-13,-3.589573083218056e-13,-1.8077206398459217e-14,0.057220775334237084,0.057220775334051455
round_bin,rounds 11+,window,the whole gap between the two: post + pre,channel,random forest,rules+timing,151,1288,126,1744,183,0.01380476305441558,-0.020574774460624907,0.07385645114121908,-0.02332940128973382,-0.009524638235318239,0.0008392956585920874,-0.003815432007779612,0.005613928499101354,0.0265765712882563,0.02741586694684839
round_bin,rounds 11+,window,the whole gap between the two: post + pre,channel,elastic net,rules+timing+momentum,151,1288,126,1744,183,-5.2549507216448355e-05,-0.0009193553398530174,0.0005604084739979835,0.8466051551238397,0.8465526056166233,-0.0006291046033461978,-0.0014135033124335118,4.347022974832899e-05,0.7712908965914946,0.7706617919881484
round_bin,rounds 11+,window,the whole gap between the two: post + pre,channel,random forest,rules+timing+momentum,151,1288,126,1744,183,0.002131196431830351,-0.011784770339444531,0.021474286538012213,0.5875714298507128,0.5897026262825431,-0.001450748960362902,-0.004538020079037771,0.0020849852787220816,0.6649935174073955,0.6635427684470326
round_bin,rounds 11+,window,the whole gap between the two: post + pre,talkers,elastic net,rules+timing,151,715,90,923,153,0.02783298919157362,0.0010421081333033765,0.15584626810370114,-0.20846904814001377,-0.18063605894844015,0.0,0.0,0.0,-0.006912039021941485,-0.006912039021941485
round_bin,rounds 11+,window,the whole gap between the two: post + pre,talkers,random forest,rules+timing,151,715,90,923,153,-0.013376339902452905,-0.053130696203638354,0.048529825019479465,-0.07108892340684725,-0.08446526330930015,-0.004256607602109552,-0.011957751529916441,0.004931726040625321,0.03782070752479583,0.033564099922686275
round_bin,rounds 11+,window,the whole gap between the two: post + pre,talkers,elastic net,rules+timing+momentum,151,715,90,923,153,-0.00323870309918306,-0.006019951924057932,0.001226850004209941,0.8332983880007764,0.8300596849015933,-0.003145537864524317,-0.0062655146951104135,-0.00030867144729255364,0.7107544836301382,0.7076089457656138
round_bin,rounds 11+,window,the whole gap between the two: post + pre,talkers,random forest,rules+timing+momentum,151,715,90,923,153,0.00817664323799805,-0.005442004682689963,0.05520325130948525,0.4005032760792162,0.40867991931721426,0.0013095357561347942,-0.00550805199231201,0.00804869802175343,0.6233175342218387,0.6246270699779735
round_bin,rounds 11+,cumulative,every message so far this game,channel,elastic net,rules+timing,151,1288,126,1744,183,-0.36403295258139734,-1.1016111140286469,-0.06396195153724239,0.1358592581254391,-0.22817369445595825,0.08837138427303759,0.015986457466201504,0.1646163800291818,-0.06632192347650001,0.02204946079653758
round_bin,rounds 11+,cumulative,every message so far this game,channel,random forest,rules+timing,151,1288,126,1744,183,0.005695863195883222,-0.09434453983420872,0.13385046558970617,0.03608239129467705,0.041778254490560274,0.057544789541768115,-0.003488695199377853,0.11045415967203905,0.03416552813379603,0.09171031767556415
round_bin,rounds 11+,cumulative,every message so far this game,channel,elastic net,rules+timing+momentum,151,1288,126,1744,183,-0.005570898790388412,-0.016908886250838966,-0.0007202089887746177,0.8459595227861707,0.8403886239957823,-0.0002510630467534858,-0.0011669926572464352,0.0007257187782058992,0.7717137938310148,0.7714627307842613
round_bin,rounds 11+,cumulative,every message so far this game,channel,random forest,rules+timing+momentum,151,1288,126,1744,183,0.02602397016404856,-0.025453840128644455,0.09334391553563073,0.6102759871166286,0.6362999572806771,-0.004643414650523092,-0.02010360730604881,0.008022187343527509,0.66528639256317,0.6606429779126469
round_bin,rounds 11+,cumulative,every message so far this game,talkers,elastic net,rules+timing,151,1122,106,1618,172,-0.008092187525578609,-0.0543805313360922,0.08254313665000021,-0.01777319886398132,-0.02586538638955993,-0.02467235063716311,-0.058247764564898316,0.012625602208970724,-0.02327323677043358,-0.04794558740759669
round_bin,rounds 11+,cumulative,every message so far this game,talkers,random forest,rules+timing,151,1122,106,1618,172,-0.1251063488118509,-0.28375178067277906,-0.02167701132675417,-0.017561953694604115,-0.142668302506455,0.043684655791681126,0.011683359634448887,0.0746006451777788,-0.0052574986379487765,0.03842715715373235
round_bin,rounds 11+,cumulative,every message so far this game,talkers,elastic net,rules+timing+momentum,151,1122,106,1618,172,-0.005948589455937903,-0.009489367996835885,0.00033401306866508775,0.8338797980131261,0.8279312085571882,-0.0012686390762882693,-0.002797304282478061,0.000568257697594692,0.7914644096412471,0.7901957705649588
round_bin,rounds 11+,cumulative,every message so far this game,talkers,random forest,rules+timing+momentum,151,1122,106,1618,172,-0.0345382874683372,-0.09695340859468526,0.07877379135613276,0.5324209558106259,0.49788266834228867,0.05910826619496934,0.026774173865946414,0.08648805301328395,0.5640935546317387,0.623201820826708
