N,summary,baseline,min_rounds,n_features,n_games_learn,n_games_heldout,frac_at_ceiling_learn,frac_at_ceiling_heldout,outcome,metric,model_family,delta_cv_r2,ci_low,ci_high,cv_r2_base,cv_r2_full,delta_heldout_r2,ci_low_heldout,ci_high_heldout,heldout_r2_base,heldout_r2_full,delta_cv_auc,auc_ci_low,auc_ci_high,cv_auc_base,cv_auc_full,delta_heldout_auc,auc_ci_low_heldout,auc_ci_high_heldout,heldout_auc_base,heldout_auc_full
1,mean_of_rounds,no_baseline,15,151,71,108,0.4647887323943662,0.3888888888888889,contribution_rate,delta_r2,elastic net,-0.14594160961756508,-0.24491823241414362,-0.012676940267031384,0.10431682010146714,-0.04162478951609794,-0.09265711104837437,-0.20956383045807747,0.07982798531639157,0.08194387391914726,-0.010713237129227116,,,,,,,,,,
1,mean_of_rounds,no_baseline,15,151,71,108,0.4647887323943662,0.3888888888888889,maxed_out,delta_auc,elastic net,,,,,,,,,,,0.008373205741626921,-0.16058227344992063,0.1748938246833171,0.5330940988835725,0.5414673046251994,-0.051767676767676796,-0.1589194826958563,0.055309547092641825,0.6556637806637807,0.6038961038961039
1,mean_of_rounds,no_baseline,15,151,71,108,0.4647887323943662,0.3888888888888889,contribution_rate,delta_r2,random forest,-0.03607525589737348,-0.07175913970274145,0.015885062814815824,0.017693196072691042,-0.01838205982468244,0.027024030264899634,-0.032575605846564534,0.08484003338057378,0.08239742132208117,0.1094214515869808,,,,,,,,,,
1,mean_of_rounds,no_baseline,15,151,71,108,0.4647887323943662,0.3888888888888889,maxed_out,delta_auc,random forest,,,,,,,,,,,0.07496012759170656,-0.09918747580332946,0.24568596777014604,0.5151515151515151,0.5901116427432217,0.058080808080808066,-0.07086426485840555,0.1981714009756444,0.6118326118326118,0.6699134199134199
1,mean_of_rounds,early_contribution,15,151,71,108,0.4647887323943662,0.3888888888888889,contribution_rate,delta_r2,elastic net,-0.1412673496041934,-0.2426406813294868,-0.02550014155924756,0.09964256008809547,-0.04162478951609794,-0.09265711104837437,-0.20921330517080475,0.06738530288537002,0.08194387391914726,-0.010713237129227116,,,,,,,,,,
1,mean_of_rounds,early_contribution,15,151,71,108,0.4647887323943662,0.3888888888888889,maxed_out,delta_auc,elastic net,,,,,,,,,,,0.03748006379585345,-0.1298878205128205,0.19882333675096822,0.5111642743221689,0.5486443381180224,-0.05645743145743154,-0.15945842352092346,0.040511138167388196,0.658910533910534,0.6024531024531025
1,mean_of_rounds,early_contribution,15,151,71,108,0.4647887323943662,0.3888888888888889,contribution_rate,delta_r2,random forest,-0.032636457864558155,-0.06869684908289163,0.017195048082156744,0.014803352349926469,-0.017833105514631686,-0.09128010643157958,-0.14203033431131842,-0.02922853149102922,0.08015243401703676,-0.011127672414542822,,,,,,,,,,
1,mean_of_rounds,early_contribution,15,151,71,108,0.4647887323943662,0.3888888888888889,maxed_out,delta_auc,random forest,,,,,,,,,,,0.055023923444976086,-0.10973326267443921,0.22359125315391087,0.5151515151515151,0.5701754385964912,0.019300144300144262,-0.10957610810539402,0.13928488756613755,0.6488095238095238,0.6681096681096681
2,mean_of_rounds,no_baseline,15,151,75,121,0.4533333333333333,0.4132231404958678,contribution_rate,delta_r2,elastic net,-0.11840601289026609,-0.24323718864259497,0.0409421543235906,0.07134899621048929,-0.0470570166797768,-0.09869083414658175,-0.1976015821248257,0.03498488118313007,0.08935587395598166,-0.009334960190600095,,,,,,,,,,
2,mean_of_rounds,no_baseline,15,151,75,121,0.4533333333333333,0.4132231404958678,maxed_out,delta_auc,elastic net,,,,,,,,,,,-0.007532281205164915,-0.16646527636659222,0.15422222222222215,0.6101147776183643,0.6025824964131994,0.053802816901408534,-0.05324267849194151,0.16154826942192385,0.6422535211267606,0.6960563380281691
2,mean_of_rounds,no_baseline,15,151,75,121,0.4533333333333333,0.4132231404958678,contribution_rate,delta_r2,random forest,-0.04057448820985032,-0.10480956130116574,0.02471363653537688,0.042073938199009064,0.001499449989158741,0.03118632115926978,-0.021274010317020826,0.08320756620572697,0.07416668143674632,0.1053530025960161,,,,,,,,,,
2,mean_of_rounds,no_baseline,15,151,75,121,0.4533333333333333,0.4132231404958678,maxed_out,delta_auc,random forest,,,,,,,,,,,-0.1097560975609756,-0.2683075880758808,0.04103399174607138,0.5839311334289813,0.4741750358680057,-0.10563380281690138,-0.20748650234741786,-0.005575105304490788,0.6056338028169014,0.5
2,mean_of_rounds,early_contribution,15,151,75,121,0.4533333333333333,0.4132231404958678,contribution_rate,delta_r2,elastic net,-0.11885052091997472,-0.23493876058041127,0.04395196605877845,0.07179350424019793,-0.0470570166797768,-0.09869083414658175,-0.1899574836890003,0.02987465032316582,0.08935587395598166,-0.009334960190600095,,,,,,,,,,
2,mean_of_rounds,early_contribution,15,151,75,121,0.4533333333333333,0.4132231404958678,maxed_out,delta_auc,elastic net,,,,,,,,,,,-0.06886657101865146,-0.22142798957315088,0.08684892373842013,0.6556671449067433,0.5868005738880918,0.04690140845070412,-0.07380167631791001,0.15195799699504098,0.6471830985915494,0.6940845070422536
2,mean_of_rounds,early_contribution,15,151,75,121,0.4533333333333333,0.4132231404958678,contribution_rate,delta_r2,random forest,-0.022415104077586956,-0.0914920612460453,0.0451926655561763,0.03272287903750626,0.010307774959919302,0.032552328574199985,-0.022361959328546132,0.08268371646350234,0.07060211735128286,0.10315444592548284,,,,,,,,,,
2,mean_of_rounds,early_contribution,15,151,75,121,0.4533333333333333,0.4132231404958678,maxed_out,delta_auc,random forest,,,,,,,,,,,-0.16463414634146345,-0.31717784992784986,-0.015393287252370444,0.6208751793400287,0.4562410329985652,-0.13352112676056338,-0.23407185000493727,-0.026039918637172685,0.6335211267605634,0.5
3,mean_of_rounds,no_baseline,15,151,77,128,0.45454545454545453,0.3984375,contribution_rate,delta_r2,elastic net,-0.07641311323628708,-0.21257961596424346,0.1393200955705063,0.01736877698896988,-0.0590443362473172,-0.09256727187808766,-0.17771566269391365,0.01595208133675728,0.07261249965350847,-0.019954772224579198,,,,,,,,,,
3,mean_of_rounds,no_baseline,15,151,77,128,0.45454545454545453,0.3984375,maxed_out,delta_auc,elastic net,,,,,,,,,,,-0.09693877551020413,-0.24664976242690062,0.048998274188822875,0.6142857142857143,0.5173469387755102,-0.031321619556913594,-0.13614401003482415,0.08148991076437842,0.6450216450216449,0.6137000254647313
3,mean_of_rounds,no_baseline,15,151,77,128,0.45454545454545453,0.3984375,contribution_rate,delta_r2,random forest,-0.05987595480303354,-0.11710709133014625,0.015090788477543858,0.03830283728463579,-0.021573117518397744,0.02856605361627107,-0.02509039602146913,0.07898021265303719,0.06948497886870852,0.0980510324849796,,,,,,,,,,
3,mean_of_rounds,no_baseline,15,151,77,128,0.45454545454545453,0.3984375,maxed_out,delta_auc,random forest,,,,,,,,,,,-0.07585034013605452,-0.22917031907433377,0.09311740890688258,0.5411564625850341,0.4653061224489796,-0.11140819964349369,-0.213219742063492,-0.009144029704905366,0.6114081996434937,0.5
3,mean_of_rounds,early_contribution,15,151,77,128,0.45454545454545453,0.3984375,contribution_rate,delta_r2,elastic net,-0.0646050479048389,-0.19011344874216754,0.12155087627312938,0.0055607116575217,-0.0590443362473172,-0.17482529196848062,-0.24467880809820067,-0.08693689923057314,0.15487051974390142,-0.019954772224579198,,,,,,,,,,
3,mean_of_rounds,early_contribution,15,151,77,128,0.45454545454545453,0.3984375,maxed_out,delta_auc,elastic net,,,,,,,,,,,-0.0574829931972789,-0.21187584345479082,0.10141175474254728,0.5795918367346938,0.5221088435374149,-0.04227145403615984,-0.16034662356321844,0.07156837628517312,0.6720142602495544,0.6297428062133945
3,mean_of_rounds,early_contribution,15,151,77,128,0.45454545454545453,0.3984375,contribution_rate,delta_r2,random forest,-0.05536009554757593,-0.11581007598453617,0.019625199931496997,0.043386281564269824,-0.011973813983306103,0.01942602225007395,-0.028995966611317807,0.06680032667451212,0.08785279454394779,0.10727881679402174,,,,,,,,,,
3,mean_of_rounds,early_contribution,15,151,77,128,0.45454545454545453,0.3984375,maxed_out,delta_auc,random forest,,,,,,,,,,,-0.10544217687074825,-0.2651144571295434,0.036887198874626353,0.5789115646258504,0.4734693877551021,-0.15788133435192253,-0.25151287538927974,-0.06123070913971651,0.6578813343519225,0.5
4,mean_of_rounds,no_baseline,15,151,80,136,0.4375,0.41911764705882354,contribution_rate,delta_r2,elastic net,-0.081091724077343,-0.1862036161954864,0.08687384766963828,0.040275812166216785,-0.04081591191112621,-0.032500541081771805,-0.12102805707776315,0.083886437718983,0.0705501297044524,0.0380495886226806,,,,,,,,,,
4,mean_of_rounds,no_baseline,15,151,80,136,0.4375,0.41911764705882354,maxed_out,delta_auc,elastic net,,,,,,,,,,,-0.027936507936507926,-0.170974977955741,0.11049907267203772,0.6066666666666667,0.5787301587301588,0.01176993115700653,-0.07201858205512622,0.09941109861943855,0.6309127248500999,0.6426826560071064
4,mean_of_rounds,no_baseline,15,151,80,136,0.4375,0.41911764705882354,contribution_rate,delta_r2,random forest,0.0017972785820615789,-0.06530468034646451,0.08558343222873498,0.04380354252928076,0.04560082111134234,0.005511178267674333,-0.05444202135292789,0.059157706818598506,0.07077937403823886,0.0762905523059132,,,,,,,,,,
4,mean_of_rounds,no_baseline,15,151,80,136,0.4375,0.41911764705882354,maxed_out,delta_auc,random forest,,,,,,,,,,,-0.12761904761904774,-0.2801940902931756,0.027347496403452666,0.5892063492063493,0.46158730158730155,-0.09660226515656234,-0.18587290291320935,0.002700864748278501,0.5966022651565623,0.5
4,mean_of_rounds,early_contribution,15,151,80,136,0.4375,0.41911764705882354,contribution_rate,delta_r2,elastic net,-0.08753841680342866,-0.18310126978421215,0.014021530643420986,0.08145726726609548,-0.006081149537333186,-0.07098349937969217,-0.10803346044201886,-0.02353763626231496,0.2135321930045998,0.14254869362490763,,,,,,,,,,
4,mean_of_rounds,early_contribution,15,151,80,136,0.4375,0.41911764705882354,maxed_out,delta_auc,elastic net,,,,,,,,,,,-0.12158730158730158,-0.24671757967997066,0.003267813087405872,0.6822222222222222,0.5606349206349206,0.042416166999777905,-0.06347861599919619,0.14471372396987137,0.6586719964468133,0.7010881634465912
4,mean_of_rounds,early_contribution,15,151,80,136,0.4375,0.41911764705882354,contribution_rate,delta_r2,random forest,-0.036184168084177126,-0.12274622778546543,0.047975045828881235,0.08289500508323933,0.0467108369990622,-0.02001469107633591,-0.07749948431291043,0.03002935945572811,0.10753641797859326,0.08752172690225735,,,,,,,,,,
4,mean_of_rounds,early_contribution,15,151,80,136,0.4375,0.41911764705882354,maxed_out,delta_auc,random forest,,,,,,,,,,,-0.18031746031746032,-0.29480420136706476,-0.06559422348484859,0.6812698412698412,0.5009523809523809,-0.1803242282922496,-0.27075785090615606,-0.08502565730161361,0.6803242282922496,0.5
5,mean_of_rounds,no_baseline,15,151,80,140,0.4375,0.4142857142857143,contribution_rate,delta_r2,elastic net,-0.06209764226086034,-0.17255304122041978,0.12042201803182548,0.040275812166216785,-0.021821830094643557,-0.014224737017276112,-0.1236629548220343,0.10565337097446678,0.06304737713735464,0.04882264012007853,,,,,,,,,,
5,mean_of_rounds,no_baseline,15,151,80,140,0.4375,0.4142857142857143,maxed_out,delta_auc,elastic net,,,,,,,,,,,0.013650793650793691,-0.13024476423633974,0.14998765984654694,0.6066666666666667,0.6203174603174604,0.0073591253153910685,-0.08393333333333346,0.09778481074417282,0.62973086627418,0.637089991589571
5,mean_of_rounds,no_baseline,15,151,80,140,0.4375,0.4142857142857143,contribution_rate,delta_r2,random forest,-0.003924849172632805,-0.07284024235730982,0.08348878187465861,0.04380354252928076,0.039878693356647954,-0.0015712986211026125,-0.05884887385260574,0.04542011867859146,0.06901752531073257,0.06744622668962996,,,,,,,,,,
5,mean_of_rounds,no_baseline,15,151,80,140,0.4375,0.4142857142857143,maxed_out,delta_auc,random forest,,,,,,,,,,,-0.09968253968253976,-0.25346802434199284,0.05500085991244532,0.5892063492063493,0.4895238095238095,-0.09051724137931039,-0.18251655865576483,0.011736764131682079,0.5905172413793104,0.5
5,mean_of_rounds,early_contribution,15,151,80,140,0.4375,0.4142857142857143,contribution_rate,delta_r2,elastic net,-0.02342254828235013,-0.11835718384775014,0.08563046397881664,0.09981711163612939,0.07639456335377925,-0.039556612434252014,-0.11179559339417622,0.03052203452629035,0.27075844937009697,0.23120183693584495,,,,,,,,,,
5,mean_of_rounds,early_contribution,15,151,80,140,0.4375,0.4142857142857143,maxed_out,delta_auc,elastic net,,,,,,,,,,,-0.06000000000000005,-0.19302002164502172,0.06735895758982703,0.6917460317460317,0.6317460317460316,0.020500420521446627,-0.08844943366201348,0.1232253732119781,0.6632674516400336,0.6837678721614803
5,mean_of_rounds,early_contribution,15,151,80,140,0.4375,0.4142857142857143,contribution_rate,delta_r2,random forest,-0.034361986405020084,-0.12111620266963341,0.05888224324121372,0.08089137794805379,0.046529391543033705,-0.017033826712300915,-0.0694108879195332,0.02726873211331094,0.10739941212285975,0.09036558541055884,,,,,,,,,,
5,mean_of_rounds,early_contribution,15,151,80,140,0.4375,0.4142857142857143,maxed_out,delta_auc,random forest,,,,,,,,,,,-0.15555555555555545,-0.27845330932398443,-0.031241414835164776,0.6692063492063491,0.5136507936507937,-0.18587047939444923,-0.27803237126136116,-0.08735254520078463,0.6858704793944492,0.5
6,mean_of_rounds,no_baseline,15,151,80,140,0.4375,0.4142857142857143,contribution_rate,delta_r2,elastic net,-0.021907858129945446,-0.11587618119442455,0.11987246651316835,0.040275812166216785,0.01836795403627134,0.00632880840536687,-0.09560736976232966,0.11533204151719238,0.06304737713735464,0.06937618554272151,,,,,,,,,,
6,mean_of_rounds,no_baseline,15,151,80,140,0.4375,0.4142857142857143,maxed_out,delta_auc,elastic net,,,,,,,,,,,0.04031746031746031,-0.1082062209685579,0.18150603297411785,0.6066666666666667,0.646984126984127,0.05803195962994123,-0.025002312673450423,0.14266568493334683,0.62973086627418,0.6877628259041212
6,mean_of_rounds,no_baseline,15,151,80,140,0.4375,0.4142857142857143,contribution_rate,delta_r2,random forest,-0.011482017299998648,-0.08252973328820747,0.08685300561856626,0.04380354252928076,0.03232152522928211,0.006628852064725299,-0.04615218872186352,0.05598904014776747,0.06901752531073257,0.07564637737545787,,,,,,,,,,
6,mean_of_rounds,no_baseline,15,151,80,140,0.4375,0.4142857142857143,maxed_out,delta_auc,random forest,,,,,,,,,,,-0.11365079365079372,-0.2595545349635082,0.03940624999999988,0.5892063492063493,0.47555555555555556,-0.09051724137931039,-0.18972322771979613,0.011712465077117373,0.5905172413793104,0.5
6,mean_of_rounds,early_contribution,15,151,80,140,0.4375,0.4142857142857143,contribution_rate,delta_r2,elastic net,0.0290901334830167,-0.03623003943859454,0.1390364344516911,0.12806736055330725,0.15715749403632395,0.000487326316930492,-0.07640102748220076,0.07252530964181705,0.30273142858000246,0.30321875489693295,,,,,,,,,,
6,mean_of_rounds,early_contribution,15,151,80,140,0.4375,0.4142857142857143,maxed_out,delta_auc,elastic net,,,,,,,,,,,-0.05111111111111111,-0.16845823591826503,0.06447557247145444,0.6815873015873016,0.6304761904761905,0.045626576955424825,-0.052111640983064283,0.1445816046046932,0.6757779646761984,0.7214045416316233
6,mean_of_rounds,early_contribution,15,151,80,140,0.4375,0.4142857142857143,contribution_rate,delta_r2,random forest,-0.048597593568294295,-0.11252514392692944,0.03163852241627728,0.08341358277010325,0.03481598920180895,-0.005399376911581988,-0.05370043407609998,0.03490894147528831,0.11026920797079287,0.10486983105921088,,,,,,,,,,
6,mean_of_rounds,early_contribution,15,151,80,140,0.4375,0.4142857142857143,maxed_out,delta_auc,random forest,,,,,,,,,,,-0.1238095238095237,-0.24064741641337387,-0.010684642782317193,0.699047619047619,0.5752380952380953,-0.19480656013456676,-0.28417264221873856,-0.10369358213328596,0.6948065601345668,0.5
7,mean_of_rounds,no_baseline,15,151,82,141,0.4268292682926829,0.41134751773049644,contribution_rate,delta_r2,elastic net,0.03427472832108058,-0.09007548869831677,0.23815800389769146,0.0055503856504939275,0.03982511397157451,-0.012383743682861659,-0.11521605788276534,0.10303909004225012,0.08025124922449645,0.06786750554163479,,,,,,,,,,
7,mean_of_rounds,no_baseline,15,151,82,141,0.4268292682926829,0.41134751773049644,maxed_out,delta_auc,elastic net,,,,,,,,,,,0.007294832826747699,-0.13321426735973452,0.1411483253588517,0.6133738601823708,0.6206686930091185,0.012671375155795639,-0.06556829741653913,0.09253440239535729,0.6329455754050686,0.6456169505608642
7,mean_of_rounds,no_baseline,15,151,82,141,0.4268292682926829,0.41134751773049644,contribution_rate,delta_r2,random forest,0.009262391360433164,-0.09061461408643448,0.14447419999423886,0.04185915916532623,0.051121550525759396,0.0008738539588665217,-0.06068922246354634,0.055823218948482474,0.07472463493263592,0.07559848889150245,,,,,,,,,,
7,mean_of_rounds,no_baseline,15,151,82,141,0.4268292682926829,0.41134751773049644,maxed_out,delta_auc,random forest,,,,,,,,,,,0.09057750759878413,-0.07814366998577527,0.262084694459568,0.4644376899696049,0.555015197568389,-0.04403822185292894,-0.16043096211402297,0.0693549368488167,0.5830909846281678,0.5390527627752388
7,mean_of_rounds,early_contribution,15,151,82,141,0.4268292682926829,0.41134751773049644,contribution_rate,delta_r2,elastic net,0.008189408379072893,-0.09466890868715169,0.16301659106642538,0.15747050843429444,0.16565991681336734,-0.024990806609365035,-0.11607166571164063,0.05076387901802196,0.3780338636848001,0.35304305707543504,,,,,,,,,,
7,mean_of_rounds,early_contribution,15,151,82,141,0.4268292682926829,0.41134751773049644,maxed_out,delta_auc,elastic net,,,,,,,,,,,-0.08328267477203655,-0.21726190476190466,0.0459070910973084,0.6826747720364742,0.5993920972644377,0.007582052347320234,-0.0868129208073753,0.10492368279025827,0.6851890319900291,0.6927710843373494
7,mean_of_rounds,early_contribution,15,151,82,141,0.4268292682926829,0.41134751773049644,contribution_rate,delta_r2,random forest,-0.05099617627500386,-0.11239634981371532,0.02822181067251296,0.08996989331236482,0.038973717037360966,-0.008812949630095601,-0.062175717945200784,0.03824707383512458,0.13007969008338438,0.12126674045328878,,,,,,,,,,
7,mean_of_rounds,early_contribution,15,151,82,141,0.4268292682926829,0.41134751773049644,maxed_out,delta_auc,random forest,,,,,,,,,,,-0.03161094224923999,-0.14909279856195937,0.08751357079119566,0.6474164133738601,0.6158054711246201,-0.04445367677606982,-0.12125053602058324,0.032376437329267455,0.6763606148732864,0.6319069380972165
8,mean_of_rounds,no_baseline,15,151,82,142,0.4268292682926829,0.4084507042253521,contribution_rate,delta_r2,elastic net,-0.030624586630167316,-0.15386766298935733,0.16446959909316006,0.0055503856504939275,-0.02507420097967339,0.01543389376957105,-0.0751797046293028,0.11598555694583279,0.08297311340797231,0.09840700717754336,,,,,,,,,,
8,mean_of_rounds,no_baseline,15,151,82,142,0.4268292682926829,0.4084507042253521,maxed_out,delta_auc,elastic net,,,,,,,,,,,0.0036474164133738496,-0.1403210981973434,0.1483403110047846,0.6133738601823708,0.6170212765957447,-0.012315270935960632,-0.0928338193402551,0.07151706817595463,0.6352627257799671,0.6229474548440065
8,mean_of_rounds,no_baseline,15,151,82,142,0.4268292682926829,0.4084507042253521,contribution_rate,delta_r2,random forest,-0.028404534772813572,-0.09340792495392147,0.06767545099566089,0.04185915916532623,0.01345462439251266,0.01099997913455586,-0.040589094602725244,0.05648522972337335,0.07613277534416918,0.08713275447872504,,,,,,,,,,
8,mean_of_rounds,no_baseline,15,151,82,142,0.4268292682926829,0.4084507042253521,maxed_out,delta_auc,random forest,,,,,,,,,,,0.02978723404255318,-0.13824023199023203,0.19424384029927766,0.4644376899696049,0.49422492401215806,-0.03530377668308704,-0.14248843169961137,0.08140960555506752,0.5870279146141215,0.5517241379310345
8,mean_of_rounds,early_contribution,15,151,82,142,0.4268292682926829,0.4084507042253521,contribution_rate,delta_r2,elastic net,0.012034574166191137,-0.07309150070985032,0.15574501243561667,0.19134433477688073,0.20337890894307187,0.0022249587945363247,-0.05376864017123137,0.05509675815980058,0.42369396898763134,0.42591892778216767,,,,,,,,,,
8,mean_of_rounds,early_contribution,15,151,82,142,0.4268292682926829,0.4084507042253521,maxed_out,delta_auc,elastic net,,,,,,,,,,,-0.08145896656534957,-0.21879595588235293,0.05319888660338967,0.6966565349544074,0.6151975683890578,-0.03509852216748777,-0.12855412552211337,0.06327256024309233,0.6982758620689655,0.6631773399014778
8,mean_of_rounds,early_contribution,15,151,82,142,0.4268292682926829,0.4084507042253521,contribution_rate,delta_r2,random forest,-0.046421855353603436,-0.09942701606243348,0.021234791763547665,0.111059068520166,0.06463721316656257,0.0021834109000172797,-0.039469032406498364,0.03599654241487827,0.1523178152522412,0.15450122615225848,,,,,,,,,,
8,mean_of_rounds,early_contribution,15,151,82,142,0.4268292682926829,0.4084507042253521,maxed_out,delta_auc,random forest,,,,,,,,,,,-0.01641337386018238,-0.12019044512966472,0.07909544464028859,0.664437689969605,0.6480243161094226,-0.018883415435139494,-0.08196585205113395,0.04665149355634419,0.6927339901477833,0.6738505747126438
9,mean_of_rounds,no_baseline,15,151,82,143,0.4268292682926829,0.40559440559440557,contribution_rate,delta_r2,elastic net,-0.09168617932228473,-0.22919584416584066,0.08789739943337137,0.0055503856504939275,-0.0861357936717908,0.011973165515870798,-0.06831845856317034,0.11003843689038999,0.08678738632998528,0.09876055184585608,,,,,,,,,,
9,mean_of_rounds,no_baseline,15,151,82,143,0.4268292682926829,0.40559440559440557,maxed_out,delta_auc,elastic net,,,,,,,,,,,-0.031003039513677777,-0.17158048703352302,0.11059027777777776,0.6133738601823708,0.5823708206686931,-0.013995943204868189,-0.08690674813813959,0.059121239984075286,0.6352941176470588,0.6212981744421906
9,mean_of_rounds,no_baseline,15,151,82,143,0.4268292682926829,0.40559440559440557,contribution_rate,delta_r2,random forest,-0.030854107035389045,-0.09491140080211381,0.0609210336962741,0.04185915916532623,0.011005052129937187,0.011811448257440071,-0.03742226158600628,0.051299789170375025,0.07771361357922402,0.08952506183666409,,,,,,,,,,
9,mean_of_rounds,no_baseline,15,151,82,143,0.4268292682926829,0.40559440559440557,maxed_out,delta_auc,random forest,,,,,,,,,,,0.003039513677811523,-0.15706845238095232,0.15981828249270105,0.4644376899696049,0.4674772036474164,-0.08853955375253542,-0.18090471813184547,0.004322789667040687,0.5885395537525354,0.5
9,mean_of_rounds,early_contribution,15,151,82,143,0.4268292682926829,0.40559440559440557,contribution_rate,delta_r2,elastic net,0.015253002298906027,-0.07632340476520871,0.160694056463117,0.20642893206651136,0.2216819343654174,-0.02145265402891916,-0.06872681664708392,0.029962821981921763,0.4618596100526674,0.44040695602374824,,,,,,,,,,
9,mean_of_rounds,early_contribution,15,151,82,143,0.4268292682926829,0.40559440559440557,maxed_out,delta_auc,elastic net,,,,,,,,,,,-0.058358662613981815,-0.16388574102859824,0.048067084942084864,0.7106382978723405,0.6522796352583586,-0.03539553752535496,-0.1323074641643687,0.06363065947328643,0.7098377281947261,0.6744421906693712
9,mean_of_rounds,early_contribution,15,151,82,143,0.4268292682926829,0.40559440559440557,contribution_rate,delta_r2,random forest,-0.03415982479073909,-0.08458931558382893,0.029293771853162454,0.11804214388584444,0.08388231909510535,0.010805229111167214,-0.025626756403087314,0.046844592004106164,0.1575270168499886,0.1683322459611558,,,,,,,,,,
9,mean_of_rounds,early_contribution,15,151,82,143,0.4268292682926829,0.40559440559440557,maxed_out,delta_auc,random forest,,,,,,,,,,,-0.025531914893617058,-0.11750367647058818,0.06061148154171413,0.6808510638297872,0.6553191489361702,-0.03164300202839743,-0.08109771644015122,0.018946344539107315,0.7219066937119675,0.69026369168357
10,mean_of_rounds,no_baseline,15,151,83,145,0.42168674698795183,0.4068965517241379,contribution_rate,delta_r2,elastic net,-0.20903396558714804,-0.4343887663627013,-0.03358238058888111,0.040340454517096225,-0.16869351107005182,0.0013240149140795188,-0.0744514731740236,0.08508334939086003,0.09449689271753203,0.09582090763161155,,,,,,,,,,
10,mean_of_rounds,no_baseline,15,151,83,145,0.42168674698795183,0.4068965517241379,maxed_out,delta_auc,elastic net,,,,,,,,,,,0.0803571428571428,-0.07320154372232761,0.23650655051102323,0.5470238095238096,0.6273809523809524,0.003350413874655178,-0.0674866560972386,0.07496674507123421,0.6294836420969648,0.63283405597162
10,mean_of_rounds,no_baseline,15,151,83,145,0.42168674698795183,0.4068965517241379,contribution_rate,delta_r2,random forest,-0.012926537490483891,-0.07790335800069968,0.062157095929493825,0.0654050794661688,0.05247854197568491,0.012246250064326891,-0.040987837744631765,0.05601281546686245,0.08758205657338936,0.09982830663771625,,,,,,,,,,
10,mean_of_rounds,no_baseline,15,151,83,145,0.42168674698795183,0.4068965517241379,maxed_out,delta_auc,random forest,,,,,,,,,,,0.06130952380952387,-0.09519186258316699,0.21329523325360505,0.4886904761904762,0.55,-0.04000788332676386,-0.1403066905005107,0.05788819991483919,0.6129286558927867,0.5729207725660228
10,mean_of_rounds,early_contribution,15,151,83,145,0.42168674698795183,0.4068965517241379,contribution_rate,delta_r2,elastic net,0.011016146615662747,-0.09207398651153487,0.15563851478072457,0.17415954124752986,0.1851756878631926,-0.0310378734740403,-0.07006969030990325,0.009804713462273917,0.4648683732127852,0.4338304997387449,,,,,,,,,,
10,mean_of_rounds,early_contribution,15,151,83,145,0.42168674698795183,0.4068965517241379,maxed_out,delta_auc,elastic net,,,,,,,,,,,-0.05535714285714288,-0.16551169590643275,0.05514717023172908,0.7374999999999999,0.682142857142857,-0.04276704769412687,-0.13258512624908134,0.04555921052631573,0.7189594008671659,0.676192353173039
10,mean_of_rounds,early_contribution,15,151,83,145,0.42168674698795183,0.4068965517241379,contribution_rate,delta_r2,random forest,-0.023154531076776674,-0.07718216742478538,0.04411630603519971,0.1241753562087432,0.10102082513196653,0.01993195441169371,-0.02164923036312825,0.05627875901340754,0.15367548345083948,0.1736074378625332,,,,,,,,,,
10,mean_of_rounds,early_contribution,15,151,83,145,0.42168674698795183,0.4068965517241379,maxed_out,delta_auc,random forest,,,,,,,,,,,0.02261904761904765,-0.06243053959172331,0.10984460764329229,0.7220238095238095,0.7446428571428572,-0.030744974379188106,-0.08450744558991967,0.017916963759724,0.7266456444619629,0.6959006700827748
1,cumulative,no_baseline,15,151,71,108,0.4647887323943662,0.3888888888888889,contribution_rate,delta_r2,elastic net,-0.21107934420312435,-0.3310193947495213,-0.09033302139287493,0.10431682010146714,-0.10676252410165721,-0.09265711104837437,-0.21278219921336655,0.07916297050575194,0.08194387391914726,-0.010713237129227116,,,,,,,,,,
1,cumulative,no_baseline,15,151,71,108,0.4647887323943662,0.3888888888888889,maxed_out,delta_auc,elastic net,,,,,,,,,,,0.03389154704944175,-0.1242485119047619,0.1864691558441558,0.5330940988835725,0.5669856459330143,-0.05104617604617612,-0.17751880433799688,0.07621794248321619,0.6556637806637807,0.6046176046176046
1,cumulative,no_baseline,15,151,71,108,0.4647887323943662,0.3888888888888889,contribution_rate,delta_r2,random forest,-0.029613097215265838,-0.05941045907026248,0.015840835310527396,0.017693196072691042,-0.011919901142574796,-0.0017424364382223612,-0.05514883995783651,0.05913704138434784,0.08239742132208117,0.0806549848838588,,,,,,,,,,
1,cumulative,no_baseline,15,151,71,108,0.4647887323943662,0.3888888888888889,maxed_out,delta_auc,random forest,,,,,,,,,,,0.08054226475279103,-0.10592227695675964,0.26551010043657103,0.5151515151515151,0.5956937799043062,0.051587301587301626,-0.09000991460230588,0.18899991395987917,0.6118326118326118,0.6634199134199135
1,cumulative,early_contribution,15,151,71,108,0.4647887323943662,0.3888888888888889,contribution_rate,delta_r2,elastic net,-0.17200459791841394,-0.26770953580295015,-0.04373516124130726,0.09964256008809547,-0.07236203783031847,-0.09265711104837437,-0.21150856079418848,0.06527143715746918,0.08194387391914726,-0.010713237129227116,,,,,,,,,,
1,cumulative,early_contribution,15,151,71,108,0.4647887323943662,0.3888888888888889,maxed_out,delta_auc,elastic net,,,,,,,,,,,0.05582137161084544,-0.11863835398318162,0.21860731051907525,0.5111642743221689,0.5669856459330144,-0.05645743145743165,-0.1852462121212121,0.06209665937397387,0.658910533910534,0.6024531024531024
1,cumulative,early_contribution,15,151,71,108,0.4647887323943662,0.3888888888888889,contribution_rate,delta_r2,random forest,-0.02987567339865338,-0.06195881615477046,0.018998543328665577,0.014803352349926469,-0.015072321048726911,0.007009994830662669,-0.046482408703098256,0.06501683116752846,0.08015243401703676,0.08716242884769942,,,,,,,,,,
1,cumulative,early_contribution,15,151,71,108,0.4647887323943662,0.3888888888888889,maxed_out,delta_auc,random forest,,,,,,,,,,,0.10606060606060608,-0.08291997880233172,0.2820945945945944,0.5151515151515151,0.6212121212121212,0.019660894660894712,-0.11719341856060606,0.16292934706389114,0.6488095238095238,0.6684704184704185
2,cumulative,no_baseline,15,151,75,121,0.4533333333333333,0.4132231404958678,contribution_rate,delta_r2,elastic net,-0.12386416089746188,-0.2446541678893279,0.009140056992287404,0.07134899621048929,-0.05251516468697259,-0.04650708293306838,-0.1346657122216364,0.07818100101232565,0.08935587395598166,0.04284879102291328,,,,,,,,,,
2,cumulative,no_baseline,15,151,75,121,0.4533333333333333,0.4132231404958678,maxed_out,delta_auc,elastic net,,,,,,,,,,,0.05774748923959838,-0.09595907489496835,0.2020283740678478,0.6101147776183643,0.6678622668579627,-0.03154929577464782,-0.13812948758791388,0.07678858604845451,0.6422535211267606,0.6107042253521128
2,cumulative,no_baseline,15,151,75,121,0.4533333333333333,0.4132231404958678,contribution_rate,delta_r2,random forest,-0.029354964768371183,-0.09475512887282109,0.02773616125507497,0.042073938199009064,0.012718973430637881,0.022710723399033683,-0.028791026206359156,0.07169118956103974,0.07416668143674632,0.09687740483578,,,,,,,,,,
2,cumulative,no_baseline,15,151,75,121,0.4533333333333333,0.4132231404958678,maxed_out,delta_auc,random forest,,,,,,,,,,,-0.09612625538020081,-0.2475159109677587,0.06143718853820589,0.5839311334289813,0.4878048780487805,-0.10563380281690138,-0.2064117747022677,-0.0012267612524462337,0.6056338028169014,0.5
2,cumulative,early_contribution,15,151,75,121,0.4533333333333333,0.4132231404958678,contribution_rate,delta_r2,elastic net,-0.12430866892717052,-0.25037985652425027,0.008356495574377303,0.07179350424019793,-0.05251516468697259,-0.04650708293306838,-0.13498844689770392,0.08544171129165162,0.08935587395598166,0.04284879102291328,,,,,,,,,,
2,cumulative,early_contribution,15,151,75,121,0.4533333333333333,0.4132231404958678,maxed_out,delta_auc,elastic net,,,,,,,,,,,0.01147776183644178,-0.11752136752136744,0.13656959591170112,0.6556671449067433,0.667144906743185,-0.01281690140845082,-0.11282139028219178,0.08789642499807591,0.6471830985915494,0.6343661971830986
2,cumulative,early_contribution,15,151,75,121,0.4533333333333333,0.4132231404958678,contribution_rate,delta_r2,random forest,-0.024411599103888015,-0.09341368868486347,0.037041783223569255,0.03272287903750626,0.008311279933618243,0.030104454463130814,-0.019201225726009546,0.08140587801948167,0.07060211735128286,0.10070657181441367,,,,,,,,,,
2,cumulative,early_contribution,15,151,75,121,0.4533333333333333,0.4132231404958678,maxed_out,delta_auc,random forest,,,,,,,,,,,-0.14383070301291245,-0.2871655659418817,0.01072135525764572,0.6208751793400287,0.4770444763271162,-0.13352112676056338,-0.23524212747014533,-0.028288416439921252,0.6335211267605634,0.5
3,cumulative,no_baseline,15,151,77,128,0.45454545454545453,0.3984375,contribution_rate,delta_r2,elastic net,-0.11444557770315611,-0.2559139667740322,0.1463792852162747,0.01736877698896988,-0.09707680071418623,-0.038212952064048844,-0.13144729944857572,0.07751800293273392,0.07261249965350847,0.03439954758945962,,,,,,,,,,
3,cumulative,no_baseline,15,151,77,128,0.45454545454545453,0.3984375,maxed_out,delta_auc,elastic net,,,,,,,,,,,-0.08605442176870748,-0.2430585488505748,0.07542566584133568,0.6142857142857143,0.5282312925170068,-0.0544945250827602,-0.1455565869470923,0.036262147565157075,0.6450216450216449,0.5905271199388847
3,cumulative,no_baseline,15,151,77,128,0.45454545454545453,0.3984375,contribution_rate,delta_r2,random forest,-0.03221256043534593,-0.09603030664242239,0.02115356435822763,0.03830283728463579,0.006090276849289866,0.029650529054737973,-0.015129605106818064,0.0727412267939861,0.06948497886870852,0.0991355079234465,,,,,,,,,,
3,cumulative,no_baseline,15,151,77,128,0.45454545454545453,0.3984375,maxed_out,delta_auc,random forest,,,,,,,,,,,0.0023809523809522615,-0.17493538160404187,0.17680499325236154,0.5411564625850341,0.5435374149659864,0.008658008658008698,-0.1260191722037652,0.13681096059113293,0.6114081996434937,0.6200662083015024
3,cumulative,early_contribution,15,151,77,128,0.45454545454545453,0.3984375,contribution_rate,delta_r2,elastic net,-0.04388183240284327,-0.14749001544731266,0.1616955911163763,0.0055607116575217,-0.03832112074532157,-0.1204709721544418,-0.19229982582702135,-0.02976438993827119,0.15487051974390142,0.03439954758945962,,,,,,,,,,
3,cumulative,early_contribution,15,151,77,128,0.45454545454545453,0.3984375,maxed_out,delta_auc,elastic net,,,,,,,,,,,-0.04523809523809519,-0.19322318396253757,0.1145726026499481,0.5795918367346938,0.5343537414965986,-0.07053730583142348,-0.1564147333990289,0.020311274457232686,0.6720142602495544,0.6014769544181309
3,cumulative,early_contribution,15,151,77,128,0.45454545454545453,0.3984375,contribution_rate,delta_r2,random forest,-0.045115485120454046,-0.11689607633489874,0.013242318188867416,0.043386281564269824,-0.0017292035561842223,-0.10633615282386755,-0.15005400392983412,-0.057088621545642294,0.08785279454394779,-0.01848335827991976,,,,,,,,,,
3,cumulative,early_contribution,15,151,77,128,0.45454545454545453,0.3984375,maxed_out,delta_auc,random forest,,,,,,,,,,,-0.07006802721088434,-0.2274293364762319,0.09440273746102712,0.5789115646258504,0.508843537414966,-0.005984211866564837,-0.12666074454066253,0.11726598494343095,0.6578813343519225,0.6518971224853577
4,cumulative,no_baseline,15,151,80,136,0.4375,0.41911764705882354,contribution_rate,delta_r2,elastic net,-0.06840323429191608,-0.18869444329204393,0.06457334259425578,0.040275812166216785,-0.028127422125699297,-0.04954728962927302,-0.1472884737830232,0.07601072055440236,0.0705501297044524,0.021002840075179385,,,,,,,,,,
4,cumulative,no_baseline,15,151,80,136,0.4375,0.41911764705882354,maxed_out,delta_auc,elastic net,,,,,,,,,,,0.06126984126984125,-0.09407493548118549,0.2082796266233766,0.6066666666666667,0.6679365079365079,-0.09860093271152559,-0.20033577250867363,-0.006810746724539886,0.6309127248500999,0.5323117921385743
4,cumulative,no_baseline,15,151,80,136,0.4375,0.41911764705882354,contribution_rate,delta_r2,random forest,-0.029564664775312277,-0.09493382581200493,0.04189895859786896,0.04380354252928076,0.014238877753968482,0.007063745218269579,-0.04341808783147409,0.05508593839976453,0.07077937403823886,0.07784311925650844,,,,,,,,,,
4,cumulative,no_baseline,15,151,80,136,0.4375,0.41911764705882354,maxed_out,delta_auc,random forest,,,,,,,,,,,0.0025396825396825085,-0.15599957374254061,0.15011652607127565,0.5892063492063493,0.5917460317460318,0.00344214967799239,-0.12378968567119619,0.1322024248908364,0.5966022651565623,0.6000444148345547
4,cumulative,early_contribution,15,151,80,136,0.4375,0.41911764705882354,contribution_rate,delta_r2,elastic net,-0.10675655705945342,-0.20237491240016647,0.0029000004797504054,0.08145726726609548,-0.025299289793357937,-0.15992648706246027,-0.219013537261733,-0.08647213382763665,0.2135321930045998,0.05360570594213954,,,,,,,,,,
4,cumulative,early_contribution,15,151,80,136,0.4375,0.41911764705882354,maxed_out,delta_auc,elastic net,,,,,,,,,,,0.0034920634920635463,-0.11746221304360842,0.11928217950532423,0.6822222222222222,0.6857142857142857,-0.10237619364867867,-0.20888381812298748,0.009105913402692765,0.6586719964468133,0.5562958027981346
4,cumulative,early_contribution,15,151,80,136,0.4375,0.41911764705882354,contribution_rate,delta_r2,random forest,-0.05813166230189748,-0.13310929468487945,0.005006890226094711,0.08289500508323933,0.024763342781341846,-0.012452703962599343,-0.05598435715337981,0.0279982532257295,0.10753641797859326,0.09508371401599391,,,,,,,,,,
4,cumulative,early_contribution,15,151,80,136,0.4375,0.41911764705882354,maxed_out,delta_auc,random forest,,,,,,,,,,,-0.056507936507936396,-0.1718776872263916,0.06064576583444492,0.6812698412698412,0.6247619047619049,-0.04230512991339108,-0.15960793763528147,0.06571169660109422,0.6803242282922496,0.6380190983788585
5,cumulative,no_baseline,15,151,80,140,0.4375,0.4142857142857143,contribution_rate,delta_r2,elastic net,-0.12841128757093778,-0.2684366686673543,0.026635495242566597,0.040275812166216785,-0.088135475404721,-0.03459943397011778,-0.14784060728105772,0.09481127849734566,0.06304737713735464,0.028447943167236867,,,,,,,,,,
5,cumulative,no_baseline,15,151,80,140,0.4375,0.4142857142857143,maxed_out,delta_auc,elastic net,,,,,,,,,,,0.08539682539682547,-0.06692229118582742,0.23570260561185125,0.6066666666666667,0.6920634920634922,-0.08536585365853655,-0.19037559229095027,0.01939525073591245,0.62973086627418,0.5443650126156434
5,cumulative,no_baseline,15,151,80,140,0.4375,0.4142857142857143,contribution_rate,delta_r2,random forest,-0.03163111679661934,-0.09740462316340708,0.024006639672955528,0.04380354252928076,0.012172425732661418,0.0054618104117935,-0.03604499212291544,0.043057495685997725,0.06901752531073257,0.07447933572252607,,,,,,,,,,
5,cumulative,no_baseline,15,151,80,140,0.4375,0.4142857142857143,maxed_out,delta_auc,random forest,,,,,,,,,,,0.07238095238095221,-0.08381029653240614,0.2295259305132113,0.5892063492063493,0.6615873015873015,-0.011669470142977256,-0.15380412276745586,0.12117855076745075,0.5905172413793104,0.5788477712363331
5,cumulative,early_contribution,15,151,80,140,0.4375,0.4142857142857143,contribution_rate,delta_r2,elastic net,-0.09631688199530153,-0.20539088781618642,0.020417892849255482,0.09981711163612939,0.0035002296408278566,-0.11521205143825419,-0.17049043846356507,-0.055065229171526495,0.27075844937009697,0.15554639793184277,,,,,,,,,,
5,cumulative,early_contribution,15,151,80,140,0.4375,0.4142857142857143,maxed_out,delta_auc,elastic net,,,,,,,,,,,-0.009206349206349107,-0.11300505050505039,0.09366116522366527,0.6917460317460317,0.6825396825396826,-0.04972666105971402,-0.10409387046492391,-0.0007485477145404574,0.6632674516400336,0.6135407905803196
5,cumulative,early_contribution,15,151,80,140,0.4375,0.4142857142857143,contribution_rate,delta_r2,random forest,-0.06922560243960263,-0.12225487058628276,-0.0009486521798576085,0.08089137794805379,0.01166577550845116,-0.011307250608322605,-0.04932249218410091,0.022224955637820256,0.10739941212285975,0.09609216151453714,,,,,,,,,,
5,cumulative,early_contribution,15,151,80,140,0.4375,0.4142857142857143,maxed_out,delta_auc,random forest,,,,,,,,,,,0.052063492063492145,-0.09117222222222217,0.19223483536029015,0.6692063492063491,0.7212698412698413,-0.06770395290159803,-0.16900785120307943,0.0359398915816326,0.6858704793944492,0.6181665264928512
6,cumulative,no_baseline,15,151,80,140,0.4375,0.4142857142857143,contribution_rate,delta_r2,elastic net,-0.13404961409999228,-0.27760938099721716,0.004860694841680828,0.040275812166216785,-0.09377380193377549,-0.014500796328696941,-0.11252131244049896,0.09794573255060265,0.06304737713735464,0.0485465808086577,,,,,,,,,,
6,cumulative,no_baseline,15,151,80,140,0.4375,0.4142857142857143,maxed_out,delta_auc,elastic net,,,,,,,,,,,-0.02952380952380962,-0.20381561345712296,0.1434837092731831,0.6066666666666667,0.5771428571428571,-0.015979814970563444,-0.11752996690710199,0.07977559910695425,0.62973086627418,0.6137510513036165
6,cumulative,no_baseline,15,151,80,140,0.4375,0.4142857142857143,contribution_rate,delta_r2,random forest,-0.06922481378910461,-0.11945829435423344,-0.0026219061964090095,0.04380354252928076,-0.025421271259823852,0.021863257566344108,-0.013396758644252752,0.05787772890712886,0.06901752531073257,0.09088078287707668,,,,,,,,,,
6,cumulative,no_baseline,15,151,80,140,0.4375,0.4142857142857143,maxed_out,delta_auc,random forest,,,,,,,,,,,0.04317460317460309,-0.11255842666901847,0.19012775842044125,0.5892063492063493,0.6323809523809524,-0.09051724137931039,-0.18745605872621998,0.00979700061842911,0.5905172413793104,0.5
6,cumulative,early_contribution,15,151,80,140,0.4375,0.4142857142857143,contribution_rate,delta_r2,elastic net,-0.0625316902437768,-0.1858557618579724,0.04536654495908947,0.12806736055330725,0.06553567030953045,-0.04485441081407582,-0.09844436971746197,0.0080810557921405,0.30273142858000246,0.25787701776592664,,,,,,,,,,
6,cumulative,early_contribution,15,151,80,140,0.4375,0.4142857142857143,maxed_out,delta_auc,elastic net,,,,,,,,,,,-0.02825396825396831,-0.13152424355158726,0.07028806560597753,0.6815873015873016,0.6533333333333333,-0.013036164844407061,-0.05442205713005036,0.026111105019809268,0.6757779646761984,0.6627417998317914
6,cumulative,early_contribution,15,151,80,140,0.4375,0.4142857142857143,contribution_rate,delta_r2,random forest,-0.06517791886228108,-0.12037644869214037,0.0024773342016603315,0.08341358277010325,0.018235663907822164,0.003062984025072102,-0.02969131588261711,0.03088682631784506,0.11026920797079287,0.11333219199586497,,,,,,,,,,
6,cumulative,early_contribution,15,151,80,140,0.4375,0.4142857142857143,maxed_out,delta_auc,random forest,,,,,,,,,,,0.0031746031746031633,-0.13448071669379208,0.1347740096275252,0.699047619047619,0.7022222222222222,-0.03227502102607227,-0.13062826682639347,0.06940617583972239,0.6948065601345668,0.6625315391084945
7,cumulative,no_baseline,15,151,82,141,0.4268292682926829,0.41134751773049644,contribution_rate,delta_r2,elastic net,-0.09735753100693256,-0.21007950902768407,0.10515558171857511,0.0055503856504939275,-0.09180714535643864,-0.03859321905952551,-0.13460613785892522,0.08250347566710757,0.08025124922449645,0.04165803016497094,,,,,,,,,,
7,cumulative,no_baseline,15,151,82,141,0.4268292682926829,0.41134751773049644,maxed_out,delta_auc,elastic net,,,,,,,,,,,0.054711246200607855,-0.09752075602968452,0.19520068539587077,0.6133738601823708,0.6680851063829787,-0.0382218529289573,-0.1384582166199812,0.06027214135766761,0.6329455754050686,0.5947237224761113
7,cumulative,no_baseline,15,151,82,141,0.4268292682926829,0.41134751773049644,contribution_rate,delta_r2,random forest,-0.037144789128207956,-0.1169272279786933,0.07559665574817735,0.04185915916532623,0.004714370037118276,0.02017802191379725,-0.020963467586456865,0.05845070534599069,0.07472463493263592,0.09490265684643318,,,,,,,,,,
7,cumulative,no_baseline,15,151,82,141,0.4268292682926829,0.41134751773049644,maxed_out,delta_auc,random forest,,,,,,,,,,,0.18480243161094223,0.010391188053771833,0.3556799229353577,0.4644376899696049,0.6492401215805471,0.07810552555047778,-0.04221251658558152,0.20260520446062974,0.5830909846281678,0.6611965101786456
7,cumulative,early_contribution,15,151,82,141,0.4268292682926829,0.41134751773049644,contribution_rate,delta_r2,elastic net,-0.1290870105261852,-0.23508324322884325,0.011282444536523264,0.15747050843429444,0.028383497908109234,-0.09952660605205665,-0.14294736590219553,-0.043918770916847566,0.3780338636848001,0.2785072576327434,,,,,,,,,,
7,cumulative,early_contribution,15,151,82,141,0.4268292682926829,0.41134751773049644,maxed_out,delta_auc,elastic net,,,,,,,,,,,-0.0455927051671734,-0.15580792976377078,0.05775075987841949,0.6826747720364742,0.6370820668693008,-0.019837972579975105,-0.08168076441102749,0.04717768877415431,0.6851890319900291,0.665351059410054
7,cumulative,early_contribution,15,151,82,141,0.4268292682926829,0.41134751773049644,contribution_rate,delta_r2,random forest,-0.07371082471808454,-0.1320921751125736,-0.005643836187304508,0.08996989331236482,0.01625906859428028,0.00597838247309157,-0.02270335500121142,0.03435257889129507,0.13007969008338438,0.13605807255647595,,,,,,,,,,
7,cumulative,early_contribution,15,151,82,141,0.4268292682926829,0.41134751773049644,maxed_out,delta_auc,random forest,,,,,,,,,,,0.0893617021276597,-0.021549409237379108,0.2102781100478467,0.6474164133738601,0.7367781155015198,0.025135022850020672,-0.05328725084781795,0.10518526633825157,0.6763606148732864,0.701495637723307
8,cumulative,no_baseline,15,151,82,142,0.4268292682926829,0.4084507042253521,contribution_rate,delta_r2,elastic net,-0.04006307193441527,-0.19233064579807757,0.17916322396610437,0.0055503856504939275,-0.034512686283921346,-0.14238566574713962,-0.3412171679726448,0.024332679262692163,0.08297311340797231,-0.05941255233916731,,,,,,,,,,
8,cumulative,no_baseline,15,151,82,142,0.4268292682926829,0.4084507042253521,maxed_out,delta_auc,elastic net,,,,,,,,,,,0.04984802431610935,-0.09790870648013508,0.1896185587761674,0.6133738601823708,0.6632218844984802,-0.059113300492610765,-0.15030849617668962,0.022511296125847003,0.6352627257799671,0.5761494252873564
8,cumulative,no_baseline,15,151,82,142,0.4268292682926829,0.4084507042253521,contribution_rate,delta_r2,random forest,-0.05239430186304361,-0.1194357411134534,0.03260337506650104,0.04185915916532623,-0.010535142697717381,0.01996606917017585,-0.017817594976888604,0.05384459860928536,0.07613277534416918,0.09609884451434503,,,,,,,,,,
8,cumulative,no_baseline,15,151,82,142,0.4268292682926829,0.4084507042253521,maxed_out,delta_auc,random forest,,,,,,,,,,,0.17325227963525835,0.005928324105004669,0.33641776422107283,0.4644376899696049,0.6376899696048632,0.07963875205254511,-0.04468529277739809,0.20315551169814192,0.5870279146141215,0.6666666666666666
8,cumulative,early_contribution,15,151,82,142,0.4268292682926829,0.4084507042253521,contribution_rate,delta_r2,elastic net,-0.04690970434094999,-0.18342457416998206,0.15173910574251642,0.19134433477688073,0.14443463043593074,-0.13246904588749797,-0.2538659594960889,-0.04248517839909932,0.42369396898763134,0.29122492310013337,,,,,,,,,,
8,cumulative,early_contribution,15,151,82,142,0.4268292682926829,0.4084507042253521,maxed_out,delta_auc,elastic net,,,,,,,,,,,-0.06504559270516719,-0.18305824377252955,0.05467126701169248,0.6966565349544074,0.6316109422492402,-0.06260262725779964,-0.16323511213102795,0.0430248255637577,0.6982758620689655,0.6356732348111659
8,cumulative,early_contribution,15,151,82,142,0.4268292682926829,0.4084507042253521,contribution_rate,delta_r2,random forest,-0.0731953137868313,-0.13367011968267317,-0.0032073540559281444,0.111059068520166,0.0378637547333347,-0.005220500756780044,-0.034338273151934606,0.023519668077997238,0.1523178152522412,0.14709731449546115,,,,,,,,,,
8,cumulative,early_contribution,15,151,82,142,0.4268292682926829,0.4084507042253521,maxed_out,delta_auc,random forest,,,,,,,,,,,0.04802431610942237,-0.05706284786641942,0.15383335446247456,0.664437689969605,0.7124620060790273,0.01621510673234805,-0.058818594599844606,0.08744852757319502,0.6927339901477833,0.7089490968801313
9,cumulative,no_baseline,15,151,82,143,0.4268292682926829,0.40559440559440557,contribution_rate,delta_r2,elastic net,-0.06773247718203179,-0.1776589024583698,0.12586694443772023,0.0055503856504939275,-0.062182091531537864,-0.0644025110923836,-0.15018685348955327,0.04390254288344513,0.08678738632998528,0.022384875237601687,,,,,,,,,,
9,cumulative,no_baseline,15,151,82,143,0.4268292682926829,0.40559440559440557,maxed_out,delta_auc,elastic net,,,,,,,,,,,0.05592705167173251,-0.12182668521954237,0.22959378824969387,0.6133738601823708,0.6693009118541033,-0.05294117647058816,-0.14421315951516728,0.039333645443195946,0.6352941176470588,0.5823529411764706
9,cumulative,no_baseline,15,151,82,143,0.4268292682926829,0.40559440559440557,contribution_rate,delta_r2,random forest,-0.0699334620504205,-0.12922413770779584,0.004698992839189264,0.04185915916532623,-0.02807430288509427,0.02445779681333171,-0.011484699224961306,0.05987902299813528,0.07771361357922424,0.10217141039255595,,,,,,,,,,
9,cumulative,no_baseline,15,151,82,143,0.4268292682926829,0.40559440559440557,maxed_out,delta_auc,random forest,,,,,,,,,,,0.17629179331306988,0.008171685096325938,0.3519432204700059,0.4644376899696049,0.6407294832826748,0.07028397565922928,-0.06348103630665142,0.19336709770114938,0.5885395537525354,0.6588235294117647
9,cumulative,early_contribution,15,151,82,143,0.4268292682926829,0.40559440559440557,contribution_rate,delta_r2,elastic net,-0.0197872968554359,-0.14201281141881278,0.1492853645947794,0.20642893206651136,0.18664163521107546,-0.07593096697341162,-0.12318931362616978,-0.02614719085219057,0.4618596100526674,0.3859286430792558,,,,,,,,,,
9,cumulative,early_contribution,15,151,82,143,0.4268292682926829,0.40559440559440557,maxed_out,delta_auc,elastic net,,,,,,,,,,,0.007902735562310026,-0.11939307598039216,0.13037148755898736,0.7106382978723405,0.7185410334346505,-0.06825557809330629,-0.16835875377348616,0.0344079589238685,0.7098377281947261,0.6415821501014198
9,cumulative,early_contribution,15,151,82,143,0.4268292682926829,0.40559440559440557,contribution_rate,delta_r2,random forest,-0.007121760962849111,-0.053063892420280256,0.045118838201512065,0.11804214388584444,0.11092038292299533,0.005000922728750745,-0.02183546776859757,0.03174503497819422,0.1575270168499886,0.16252793957873934,,,,,,,,,,
9,cumulative,early_contribution,15,151,82,143,0.4268292682926829,0.40559440559440557,maxed_out,delta_auc,random forest,,,,,,,,,,,0.07051671732522802,-0.028035122458150877,0.17625104483282686,0.6808510638297872,0.7513677811550152,0.0036511156186612714,-0.06658226789236403,0.07153874342144759,0.7219066937119675,0.7255578093306287
10,cumulative,no_baseline,15,151,83,145,0.42168674698795183,0.4068965517241379,contribution_rate,delta_r2,elastic net,-0.1619943476011807,-0.30612525733007145,0.0331003800184693,0.040340454517096225,-0.12165389308408447,-0.029112543135367264,-0.12012137889141189,0.07007832354487013,0.09449689271753203,0.06538434958216477,,,,,,,,,,
10,cumulative,no_baseline,15,151,83,145,0.42168674698795183,0.4068965517241379,maxed_out,delta_auc,elastic net,,,,,,,,,,,0.1345238095238095,-0.02558305515622579,0.28546233579638736,0.5470238095238096,0.6815476190476191,-0.019511233740638456,-0.1124172455510272,0.07133182643790269,0.6294836420969648,0.6099724083563264
10,cumulative,no_baseline,15,151,83,145,0.42168674698795183,0.4068965517241379,contribution_rate,delta_r2,random forest,-0.08046198622881817,-0.14003012424975336,-0.006188917219567206,0.0654050794661688,-0.015056906762649369,0.01902041740650251,-0.01579971491046197,0.05205580363007273,0.08758205657338936,0.10660247397989187,,,,,,,,,,
10,cumulative,no_baseline,15,151,83,145,0.42168674698795183,0.4068965517241379,maxed_out,delta_auc,random forest,,,,,,,,,,,0.07380952380952382,-0.09988634221170983,0.23876008736828053,0.4886904761904762,0.5625,0.017146235711470226,-0.10850756091899721,0.1441960314375782,0.6129286558927867,0.6300748916042569
10,cumulative,early_contribution,15,151,83,145,0.42168674698795183,0.4068965517241379,contribution_rate,delta_r2,elastic net,-0.1577443134593799,-0.3088831726831066,0.04111288948546096,0.17415954124752986,0.016415227788149966,-0.05072975795162615,-0.13862884206985232,0.02518946275093683,0.4648683732127852,0.414138615261159,,,,,,,,,,
10,cumulative,early_contribution,15,151,83,145,0.42168674698795183,0.4068965517241379,maxed_out,delta_auc,elastic net,,,,,,,,,,,0.010119047619047694,-0.08524427486131234,0.1004728192550489,0.7374999999999999,0.7476190476190476,-0.054394954670871076,-0.1570705155192939,0.03848831716036767,0.7189594008671659,0.6645644461962948
10,cumulative,early_contribution,15,151,83,145,0.42168674698795183,0.4068965517241379,contribution_rate,delta_r2,random forest,-0.054047856559721996,-0.10536043364697788,0.010448098854681053,0.1241753562087432,0.07012749964902121,0.019879831774024526,-0.006696048598165494,0.04457968405710499,0.15367548345083948,0.173555315224864,,,,,,,,,,
10,cumulative,early_contribution,15,151,83,145,0.42168674698795183,0.4068965517241379,maxed_out,delta_auc,random forest,,,,,,,,,,,0.03452380952380951,-0.05417804621848742,0.12500811688311683,0.7220238095238095,0.756547619047619,-0.011036657469452038,-0.07823165591022731,0.053874622143119374,0.7266456444619629,0.7156089869925109
1,mean_of_rounds,no_baseline,12,151,87,123,0.42528735632183906,0.4065040650406504,contribution_rate,delta_r2,elastic net,-0.07587417012281228,-0.21261682615343677,0.1402786271634754,0.03719086949389938,-0.0386833006289129,-0.05233483277461359,-0.2054604304479941,0.17528830016328303,0.07578542672925415,0.023450593954640553,,,,,,,,,,
1,mean_of_rounds,no_baseline,12,151,87,123,0.42528735632183906,0.4065040650406504,maxed_out,delta_auc,elastic net,,,,,,,,,,,-0.002162162162162251,-0.1458491161616162,0.13817086982784624,0.5594594594594595,0.5572972972972973,-0.03506849315068494,-0.1395886934860203,0.06808991488445945,0.606027397260274,0.570958904109589
1,mean_of_rounds,no_baseline,12,151,87,123,0.42528735632183906,0.4065040650406504,contribution_rate,delta_r2,random forest,-0.03711422713489754,-0.09888311475903107,0.021071707230254567,0.11817001701368324,0.0810557898787857,0.01582439837960181,-0.0425743893998674,0.07615802948113422,0.07969447568613419,0.095518874065736,,,,,,,,,,
1,mean_of_rounds,no_baseline,12,151,87,123,0.42528735632183906,0.4065040650406504,maxed_out,delta_auc,random forest,,,,,,,,,,,-0.15405405405405415,-0.31321348404681737,-0.008142701525054476,0.6437837837837839,0.4897297297297297,0.017397260273972592,-0.08083301767676765,0.11540106951871647,0.599041095890411,0.6164383561643836
1,mean_of_rounds,early_contribution,12,151,87,123,0.42528735632183906,0.4065040650406504,contribution_rate,delta_r2,elastic net,-0.03343304421452831,-0.15035554689584335,0.17710853726814352,-0.005250256414384591,-0.0386833006289129,-0.05943474182245889,-0.20549657154829926,0.13857510481107838,0.08288533577709944,0.023450593954640553,,,,,,,,,,
1,mean_of_rounds,early_contribution,12,151,87,123,0.42528735632183906,0.4065040650406504,maxed_out,delta_auc,elastic net,,,,,,,,,,,0.008648648648648671,-0.1287543161918856,0.14653788224239658,0.5405405405405406,0.5491891891891892,-0.06863013698630138,-0.17906256415287095,0.03249901343341282,0.6398630136986302,0.5712328767123288
1,mean_of_rounds,early_contribution,12,151,87,123,0.42528735632183906,0.4065040650406504,contribution_rate,delta_r2,random forest,-0.03991796039997242,-0.10047489878640428,0.018072420580689648,0.10273882828009062,0.0628208678801182,0.02560149628276487,-0.026238746548209832,0.08176045344271694,0.07226373712703593,0.0978652334098008,,,,,,,,,,
1,mean_of_rounds,early_contribution,12,151,87,123,0.42528735632183906,0.4065040650406504,maxed_out,delta_auc,random forest,,,,,,,,,,,-0.19027027027027021,-0.3290366246928747,-0.052979267596203104,0.6405405405405405,0.45027027027027033,-0.0010958904109590328,-0.11618118371218492,0.11431375363828782,0.6317808219178083,0.6306849315068492
2,mean_of_rounds,no_baseline,12,151,91,137,0.4175824175824176,0.4233576642335766,contribution_rate,delta_r2,elastic net,-0.037844548070937734,-0.13133377384080616,0.09991650021278684,0.034706478166854016,-0.003138069904083718,-0.04466957598360255,-0.16161027861170157,0.11527176502034135,0.0992338269104257,0.054564250926823155,,,,,,,,,,
2,mean_of_rounds,no_baseline,12,151,91,137,0.4175824175824176,0.4233576642335766,maxed_out,delta_auc,elastic net,,,,,,,,,,,-0.02408142999006957,-0.18012611530542205,0.12712060400429315,0.5489076464746773,0.5248262164846077,0.02902662592754257,-0.08611201298701301,0.14064550977879792,0.5955914447839371,0.6246180707114797
2,mean_of_rounds,no_baseline,12,151,91,137,0.4175824175824176,0.4233576642335766,contribution_rate,delta_r2,random forest,-0.014867418597705129,-0.09111740968135763,0.05962777321476898,0.1211016369997755,0.10623421840207037,0.01860707511563786,-0.052565805890991704,0.08568550348352423,0.059988186766983365,0.07859526188262123,,,,,,,,,,
2,mean_of_rounds,no_baseline,12,151,91,137,0.4175824175824176,0.4233576642335766,maxed_out,delta_auc,random forest,,,,,,,,,,,-0.11991062562065546,-0.2475875028444647,0.012156836136428107,0.6283515392254221,0.5084409136047666,-0.09100829332169358,-0.2108063377692817,0.03504885057471249,0.605194238323876,0.5141859450021824
2,mean_of_rounds,early_contribution,12,151,91,137,0.4175824175824176,0.4233576642335766,contribution_rate,delta_r2,elastic net,0.005515536350638062,-0.0698368481175168,0.11646510462555264,-0.015920455940061196,-0.010404919589423134,-0.04245145572546871,-0.16648160036828177,0.1276832335435113,0.09701570665229187,0.054564250926823155,,,,,,,,,,
2,mean_of_rounds,early_contribution,12,151,91,137,0.4175824175824176,0.4233576642335766,maxed_out,delta_auc,elastic net,,,,,,,,,,,-0.06901688182720955,-0.20897853036611447,0.06505127638401612,0.6002979145978152,0.5312810327706057,0.013640331732867716,-0.10137709777673212,0.13139437902219853,0.6382584024443475,0.6518987341772152
2,mean_of_rounds,early_contribution,12,151,91,137,0.4175824175824176,0.4233576642335766,contribution_rate,delta_r2,random forest,-0.0053261894187406345,-0.08530936368652649,0.07284621492909363,0.10772943136724578,0.10240324194850514,0.006330166610909793,-0.06929646960760319,0.06806796829729145,0.07124923405544892,0.07757940066635871,,,,,,,,,,
2,mean_of_rounds,early_contribution,12,151,91,137,0.4175824175824176,0.4233576642335766,maxed_out,delta_auc,random forest,,,,,,,,,,,-0.17080436941410143,-0.3199066077650573,-0.021011491367528543,0.6603773584905661,0.4895729890764647,-0.07256656481885637,-0.19174974234977013,0.05035268847006659,0.6205805325185508,0.5480139676996945
3,mean_of_rounds,no_baseline,12,151,94,146,0.4148936170212766,0.4041095890410959,contribution_rate,delta_r2,elastic net,0.0029742689211704754,-0.09138397493734288,0.13667390571107313,0.05137180557061416,0.054346074491784635,0.022101256139558934,-0.10431538357527403,0.1908057505062551,0.07170875445999048,0.09381001059954941,,,,,,,,,,
3,mean_of_rounds,no_baseline,12,151,94,146,0.4148936170212766,0.4041095890410959,maxed_out,delta_auc,elastic net,,,,,,,,,,,-0.014918414918414835,-0.13419776537082512,0.11167906102697121,0.5771561771561771,0.5622377622377622,-0.03224235339957149,-0.15553300941695053,0.08409312293006024,0.5962400155854277,0.5639976621858562
3,mean_of_rounds,no_baseline,12,151,94,146,0.4148936170212766,0.4041095890410959,contribution_rate,delta_r2,random forest,0.004520359166099386,-0.06577397837648452,0.08386003982776913,0.11660878720283918,0.12112914636893857,0.025112020369443377,-0.05175739658757658,0.09745541358724143,0.06954238652778766,0.09465440689723104,,,,,,,,,,
3,mean_of_rounds,no_baseline,12,151,94,146,0.4148936170212766,0.4041095890410959,maxed_out,delta_auc,random forest,,,,,,,,,,,-0.09603729603729605,-0.24592286825017082,0.05344202898550716,0.565967365967366,0.4699300699300699,-0.10461718293395672,-0.19738056279080116,-0.010081184644305697,0.6046171829339567,0.5
3,mean_of_rounds,early_contribution,12,151,94,146,0.4148936170212766,0.4041095890410959,contribution_rate,delta_r2,elastic net,-0.01440595641736897,-0.11907020210506845,0.10477419828570382,0.06990402034017296,0.055498063922803986,-0.04899435743529457,-0.08757664985184921,-0.0027555501517438933,0.2353131500327591,0.18631879259746453,,,,,,,,,,
3,mean_of_rounds,early_contribution,12,151,94,146,0.4148936170212766,0.4041095890410959,maxed_out,delta_auc,elastic net,,,,,,,,,,,-0.011655011655011704,-0.12830122180451137,0.10502659050517243,0.6247086247086248,0.6130536130536131,-0.09896746541983248,-0.2055988037224986,0.012285349586258432,0.6935515293200857,0.5945840639002532
3,mean_of_rounds,early_contribution,12,151,94,146,0.4148936170212766,0.4041095890410959,contribution_rate,delta_r2,random forest,0.006541066975817467,-0.07319290197760243,0.09487569863775602,0.12082108990882134,0.1273621568846388,-0.005078286967598933,-0.08681939273899847,0.06824189808559415,0.11461145488196045,0.10953316791436152,,,,,,,,,,
3,mean_of_rounds,early_contribution,12,151,94,146,0.4148936170212766,0.4041095890410959,maxed_out,delta_auc,random forest,,,,,,,,,,,-0.06526806526806528,-0.18408322279671194,0.055479797979798046,0.6438228438228438,0.5785547785547785,-0.1189362945645821,-0.22624022405411118,-0.013010046848040989,0.6675433469705825,0.5486070524060004
4,mean_of_rounds,no_baseline,12,151,98,155,0.40816326530612246,0.4258064516129032,contribution_rate,delta_r2,elastic net,0.004118189761044944,-0.11969672818786418,0.17487412964314603,-0.017432908300965222,-0.013314718539920278,-0.039577869657917875,-0.15640263709280464,0.11301910388195802,0.10003233927850197,0.060454469620584095,,,,,,,,,,
4,mean_of_rounds,no_baseline,12,151,98,155,0.40816326530612246,0.4258064516129032,maxed_out,delta_auc,elastic net,,,,,,,,,,,-0.06702586206896555,-0.20124746761399295,0.05738040634966135,0.5890086206896552,0.5219827586206897,0.0042560435818862485,-0.09457380617977534,0.09921137579525742,0.5910793326523663,0.5953353762342526
4,mean_of_rounds,no_baseline,12,151,98,155,0.40816326530612246,0.4258064516129032,contribution_rate,delta_r2,random forest,-0.06077829991724093,-0.13374537205327158,0.020242403018220362,0.10348546633010192,0.042707166412860986,-0.012509123709278702,-0.09525872060924392,0.05872793331794583,0.07433505034640087,0.061825926637122164,,,,,,,,,,
4,mean_of_rounds,no_baseline,12,151,98,155,0.40816326530612246,0.4258064516129032,maxed_out,delta_auc,random forest,,,,,,,,,,,-0.004741379310344684,-0.13404433957843498,0.12501052188552184,0.5228448275862069,0.5181034482758622,-0.1098059244126659,-0.19901284748508719,-0.017533854921279107,0.6098059244126659,0.5
4,mean_of_rounds,early_contribution,12,151,98,155,0.40816326530612246,0.4258064516129032,contribution_rate,delta_r2,elastic net,-0.0003036934622697718,-0.08424314718374756,0.12157760032901307,0.1000171006924152,0.09971340723014543,-0.04052221505664222,-0.08063587875307339,0.011181314693248675,0.290266811378033,0.2497445963213908,,,,,,,,,,
4,mean_of_rounds,early_contribution,12,151,98,155,0.40816326530612246,0.4258064516129032,maxed_out,delta_auc,elastic net,,,,,,,,,,,-0.07176724137931045,-0.15136343690236043,0.006988130160799283,0.7191810344827587,0.6474137931034483,-0.026727953694245743,-0.057183722527472634,0.001776355885973871,0.6763704460333674,0.6496424923391216
4,mean_of_rounds,early_contribution,12,151,98,155,0.40816326530612246,0.4258064516129032,contribution_rate,delta_r2,random forest,-0.02861862158390338,-0.10816695197887818,0.05693875136035373,0.1361652164715197,0.10754659488761631,-0.03091497801829135,-0.10231441520112082,0.02764371443421951,0.1283978821809738,0.09748290416268246,,,,,,,,,,
4,mean_of_rounds,early_contribution,12,151,98,155,0.40816326530612246,0.4258064516129032,maxed_out,delta_auc,random forest,,,,,,,,,,,-0.11250000000000016,-0.21948260281878385,-0.013167109574808279,0.6767241379310346,0.5642241379310344,-0.1317671092951994,-0.2207425926405227,-0.04835939217974218,0.6898195437521282,0.5580524344569288
5,mean_of_rounds,no_baseline,12,151,98,160,0.40816326530612246,0.425,contribution_rate,delta_r2,elastic net,0.022033248771202274,-0.08366706584153541,0.1687395274898023,-0.017432908300965222,0.004600340470237052,-0.04635972967024904,-0.1623247097711235,0.09258670367787332,0.09671264490126996,0.05035291523102092,,,,,,,,,,
5,mean_of_rounds,no_baseline,12,151,98,160,0.40816326530612246,0.425,maxed_out,delta_auc,elastic net,,,,,,,,,,,0.027801724137930917,-0.1069082977769661,0.15818310657596374,0.5890086206896552,0.6168103448275861,-0.004955242966752094,-0.10318869047619054,0.10001774993596031,0.5952685421994885,0.5903132992327365
5,mean_of_rounds,no_baseline,12,151,98,160,0.40816326530612246,0.425,contribution_rate,delta_r2,random forest,-0.0540764187141024,-0.12906342929871661,0.03621443989354844,0.1034854663301018,0.0494090476159994,-0.011478371374341823,-0.08130401146753247,0.04846671252595265,0.07535701799217609,0.06387864661783427,,,,,,,,,,
5,mean_of_rounds,no_baseline,12,151,98,160,0.40816326530612246,0.425,maxed_out,delta_auc,random forest,,,,,,,,,,,-0.006896551724137834,-0.1505137720118435,0.1359557521104132,0.5228448275862069,0.515948275862069,-0.10949488491048587,-0.19573252930387522,-0.01887808062122414,0.6094948849104859,0.5
5,mean_of_rounds,early_contribution,12,151,98,160,0.40816326530612246,0.425,contribution_rate,delta_r2,elastic net,-0.006234572686013573,-0.07797964658265168,0.08961417496662315,0.14265999681545682,0.13642542412944325,-0.06877941621984252,-0.11104934862708013,-0.015148315446329665,0.3365964192287755,0.26781700300893296,,,,,,,,,,
5,mean_of_rounds,early_contribution,12,151,98,160,0.40816326530612246,0.425,maxed_out,delta_auc,elastic net,,,,,,,,,,,-0.048706896551724,-0.15285935477100093,0.04655586032741207,0.7155172413793103,0.6668103448275863,-0.020060741687979555,-0.05518441307333977,0.013610808330076524,0.6840632992327366,0.664002557544757
5,mean_of_rounds,early_contribution,12,151,98,160,0.40816326530612246,0.425,contribution_rate,delta_r2,random forest,-0.07151246302822256,-0.13863515690263875,0.011214046732135673,0.1316051145169801,0.06009265148875753,-0.030701763432273932,-0.09427208825234919,0.02378582606144799,0.13845875684118603,0.1077569934089121,,,,,,,,,,
5,mean_of_rounds,early_contribution,12,151,98,160,0.40816326530612246,0.425,maxed_out,delta_auc,random forest,,,,,,,,,,,-0.11206896551724144,-0.22576886401726026,-0.005160710975157598,0.7047413793103449,0.5926724137931034,-0.1351502557544758,-0.2192939409314197,-0.049846740072565544,0.6901374680306905,0.5549872122762147
6,mean_of_rounds,no_baseline,12,151,98,160,0.40816326530612246,0.425,contribution_rate,delta_r2,elastic net,0.07005955535681141,-0.045972379517498,0.2437543801593845,-0.017432908300965222,0.05262664705584619,-0.047765068416952494,-0.16562922560895973,0.08962932053969935,0.09671264490126996,0.04894757648431747,,,,,,,,,,
6,mean_of_rounds,no_baseline,12,151,98,160,0.40816326530612246,0.425,maxed_out,delta_auc,elastic net,,,,,,,,,,,0.043749999999999956,-0.08391775029521363,0.1688150611928421,0.5890086206896552,0.6327586206896552,0.045396419437340185,-0.06059071751644734,0.1468971317924469,0.5952685421994885,0.6406649616368287
6,mean_of_rounds,no_baseline,12,151,98,160,0.40816326530612246,0.425,contribution_rate,delta_r2,random forest,-0.05132859131275469,-0.12558902370523117,0.045434316699489476,0.10348546633010192,0.052156875017347226,0.00045909733935789454,-0.07627799500939482,0.06258847089362406,0.07535701799217598,0.07581611533153387,,,,,,,,,,
6,mean_of_rounds,no_baseline,12,151,98,160,0.40816326530612246,0.425,maxed_out,delta_auc,random forest,,,,,,,,,,,-0.028017241379310276,-0.1627396215529692,0.0938765110858133,0.5228448275862069,0.4948275862068966,-0.10949488491048587,-0.1974646775503406,-0.019649989343563587,0.6094948849104859,0.5
6,mean_of_rounds,early_contribution,12,151,98,160,0.40816326530612246,0.425,contribution_rate,delta_r2,elastic net,-0.007694517967533954,-0.07328333654805405,0.08440423297895658,0.17954459460020622,0.17185007663267227,-0.03594620630891343,-0.08340473696909476,0.012231507304561955,0.37192175364225666,0.3359755473333432,,,,,,,,,,
6,mean_of_rounds,early_contribution,12,151,98,160,0.40816326530612246,0.425,maxed_out,delta_auc,elastic net,,,,,,,,,,,-0.041810344827586166,-0.11738423709272464,0.026745833813862262,0.7482758620689656,0.7064655172413794,-0.033727621483375936,-0.06901265561592954,8.328209109553303e-05,0.7002877237851662,0.6665601023017903
6,mean_of_rounds,early_contribution,12,151,98,160,0.40816326530612246,0.425,contribution_rate,delta_r2,random forest,-0.07135794842307475,-0.13487821452075846,0.011907101021250092,0.1422982468391829,0.07094029841610816,-0.025914984654390794,-0.09403151984690174,0.02999754696863935,0.15145181611910252,0.12553683146471173,,,,,,,,,,
6,mean_of_rounds,early_contribution,12,151,98,160,0.40816326530612246,0.425,maxed_out,delta_auc,random forest,,,,,,,,,,,-0.1344827586206897,-0.24065735570957944,-0.03762301104692424,0.7172413793103448,0.5827586206896551,-0.11269181585677734,-0.18770043822297922,-0.03913282710004022,0.7025255754475703,0.589833759590793
7,mean_of_rounds,no_baseline,12,151,100,161,0.4,0.422360248447205,contribution_rate,delta_r2,elastic net,0.0153082933371671,-0.09992383153767433,0.1836837279249016,0.03344432333795733,0.04875261667512443,-0.02810382193753347,-0.1390244895595227,0.09719709278870464,0.10123472134910627,0.0731308994115728,,,,,,,,,,
7,mean_of_rounds,no_baseline,12,151,100,161,0.4,0.422360248447205,maxed_out,delta_auc,elastic net,,,,,,,,,,,0.09395833333333337,-0.026788492143143796,0.21386194436194436,0.6147916666666666,0.70875,0.018817204301075252,-0.07297227237812369,0.111239230190986,0.5983554712207464,0.6171726755218216
7,mean_of_rounds,no_baseline,12,151,100,161,0.4,0.422360248447205,contribution_rate,delta_r2,random forest,-0.0685009567517606,-0.15381478637114968,0.027377523815125777,0.10602387048353046,0.03752291373176986,-0.010983205906667015,-0.08271850339846969,0.05591393484774393,0.0801164908236498,0.06913328491698278,,,,,,,,,,
7,mean_of_rounds,no_baseline,12,151,100,161,0.4,0.422360248447205,maxed_out,delta_auc,random forest,,,,,,,,,,,-0.061249999999999916,-0.19966897856242122,0.07378892803856382,0.5970833333333333,0.5358333333333334,-0.11329854522454141,-0.1992439364083102,-0.022648107457610842,0.6132985452245414,0.5
7,mean_of_rounds,early_contribution,12,151,100,161,0.4,0.422360248447205,contribution_rate,delta_r2,elastic net,-0.045653835493767114,-0.11735712536749106,0.045411646121084046,0.20447615408755682,0.1588223185937897,-0.046694320452949856,-0.08921368237223978,0.0012636112179108356,0.42387626264240297,0.3771819421894531,,,,,,,,,,
7,mean_of_rounds,early_contribution,12,151,100,161,0.4,0.422360248447205,maxed_out,delta_auc,elastic net,,,,,,,,,,,-0.01749999999999996,-0.13109232406107416,0.09293749999999987,0.7324999999999999,0.715,-0.03320683111954459,-0.06445245577928575,-0.0019408470962930602,0.7136306135357369,0.6804237824161923
7,mean_of_rounds,early_contribution,12,151,100,161,0.4,0.422360248447205,contribution_rate,delta_r2,random forest,-0.07889067847260112,-0.16199037100141117,0.014880439851093866,0.1622077802136066,0.08331710174100548,-0.028548789386691698,-0.08890593318642435,0.023464058903957905,0.16460894851783925,0.13606015913114755,,,,,,,,,,
7,mean_of_rounds,early_contribution,12,151,100,161,0.4,0.422360248447205,maxed_out,delta_auc,random forest,,,,,,,,,,,-0.11666666666666659,-0.20264958175505057,-0.03466993435927509,0.7395833333333333,0.6229166666666667,-0.092741935483871,-0.16728608310794194,-0.014659370927011976,0.7107052498418722,0.6179633143580012
8,mean_of_rounds,no_baseline,12,151,100,162,0.4,0.41975308641975306,contribution_rate,delta_r2,elastic net,0.036972115536090366,-0.08555411454257257,0.21947239680975256,0.03344432333795733,0.0704164388740477,0.014762575444227322,-0.09107255314354948,0.12831655911922182,0.10426009956504112,0.11902267500926844,,,,,,,,,,
8,mean_of_rounds,no_baseline,12,151,100,162,0.4,0.41975308641975306,maxed_out,delta_auc,elastic net,,,,,,,,,,,0.06729166666666675,-0.056267219131731265,0.18542368659420275,0.6147916666666666,0.6820833333333334,0.003754693366708417,-0.08152267059570739,0.09391935398041722,0.600281602002503,0.6040362953692114
8,mean_of_rounds,no_baseline,12,151,100,162,0.4,0.41975308641975306,contribution_rate,delta_r2,random forest,-0.060158310178122676,-0.13684586466228707,0.03829359285663929,0.10602387048353046,0.04586556030540778,0.006896943735639316,-0.053547129076783606,0.06223343456202324,0.08215747777969029,0.08905442151532961,,,,,,,,,,
8,mean_of_rounds,no_baseline,12,151,100,162,0.4,0.41975308641975306,maxed_out,delta_auc,random forest,,,,,,,,,,,0.04250000000000009,-0.08639246064775973,0.16346449686293432,0.5970833333333333,0.6395833333333334,-0.11639549436795993,-0.19869946230106778,-0.02755555274838883,0.6163954943679599,0.5
8,mean_of_rounds,early_contribution,12,151,100,162,0.4,0.41975308641975306,contribution_rate,delta_r2,elastic net,-0.03704894628426891,-0.10896829981376996,0.0572856837587603,0.2610329472422085,0.22398400095793958,-0.006867403689051921,-0.05469053959409084,0.040092374920380654,0.46206800796740655,0.4552006042783546,,,,,,,,,,
8,mean_of_rounds,early_contribution,12,151,100,162,0.4,0.41975308641975306,maxed_out,delta_auc,elastic net,,,,,,,,,,,0.019166666666666665,-0.07779795046264433,0.11037720046162332,0.7520833333333333,0.77125,-0.07180851063829785,-0.16041307992791717,0.013660279942363176,0.7296620775969963,0.6578535669586985
8,mean_of_rounds,early_contribution,12,151,100,162,0.4,0.41975308641975306,contribution_rate,delta_r2,random forest,-0.03392303954863041,-0.0988077900529443,0.038333716011606844,0.1851455909939349,0.1512225514453045,-0.005938499997022784,-0.05573042177269585,0.03609289501340027,0.18414150392051332,0.17820300392349053,,,,,,,,,,
8,mean_of_rounds,early_contribution,12,151,100,162,0.4,0.41975308641975306,maxed_out,delta_auc,random forest,,,,,,,,,,,-0.0625,-0.13762832926570456,0.009654299579672686,0.7454166666666666,0.6829166666666666,-0.06492490613266588,-0.13224032425031723,0.00046832784979335124,0.7166770963704632,0.6517521902377973
9,mean_of_rounds,no_baseline,12,151,100,164,0.4,0.4146341463414634,contribution_rate,delta_r2,elastic net,0.023457736193099543,-0.08960323125173339,0.1886481629465732,0.03344432333795733,0.05690205953105687,-0.017683561341256038,-0.12120955654943914,0.09502060022600975,0.11105484365004792,0.09337128230879188,,,,,,,,,,
9,mean_of_rounds,no_baseline,12,151,100,164,0.4,0.4146341463414634,maxed_out,delta_auc,elastic net,,,,,,,,,,,0.06395833333333345,-0.04748455678261386,0.17481560412692793,0.6147916666666666,0.6787500000000001,-0.008042279411764719,-0.09948059505083821,0.07762974337269993,0.6013327205882353,0.5932904411764706
9,mean_of_rounds,no_baseline,12,151,100,164,0.4,0.4146341463414634,contribution_rate,delta_r2,random forest,-0.06405431692880303,-0.1376349030301528,0.029902932223982947,0.10602387048353057,0.041969553554727534,0.014949120865287213,-0.039418895698641696,0.06194652019114216,0.08560684607405011,0.10055596693933733,,,,,,,,,,
9,mean_of_rounds,no_baseline,12,151,100,164,0.4,0.4146341463414634,maxed_out,delta_auc,random forest,,,,,,,,,,,-0.07624999999999993,-0.22383494381359098,0.07164096547709992,0.5970833333333333,0.5208333333333334,-0.05928308823529427,-0.17485656483765719,0.05528463419501206,0.6155024509803922,0.556219362745098
9,mean_of_rounds,early_contribution,12,151,100,164,0.4,0.4146341463414634,contribution_rate,delta_r2,elastic net,-0.05685896284718506,-0.12647225075481927,0.03708349558958045,0.27630797031667464,0.2194490074694896,0.00035595048842418375,-0.04110153541916911,0.0450210645917331,0.4789715400008153,0.4793274904892395,,,,,,,,,,
9,mean_of_rounds,early_contribution,12,151,100,164,0.4,0.4146341463414634,maxed_out,delta_auc,elastic net,,,,,,,,,,,-0.05625000000000002,-0.13105707722414012,0.013647735169295981,0.7658333333333334,0.7095833333333333,-0.07781862745098034,-0.16348410760280968,0.009981368257530229,0.7408088235294117,0.6629901960784313
9,mean_of_rounds,early_contribution,12,151,100,164,0.4,0.4146341463414634,contribution_rate,delta_r2,random forest,-0.03560853963973298,-0.09104360330108947,0.030304706303602356,0.1865852567281605,0.15097671708842753,0.009018955920318539,-0.03291640532027217,0.04522678127184758,0.1960947553440039,0.20511371126432243,,,,,,,,,,
9,mean_of_rounds,early_contribution,12,151,100,164,0.4,0.4146341463414634,maxed_out,delta_auc,random forest,,,,,,,,,,,-0.03833333333333344,-0.10715449168318016,0.030775384133830685,0.7554166666666667,0.7170833333333333,-0.06855085784313719,-0.13154914301726997,-0.009640945467416173,0.7359834558823529,0.6674325980392157
10,mean_of_rounds,no_baseline,12,151,101,166,0.39603960396039606,0.41566265060240964,contribution_rate,delta_r2,elastic net,-0.03589300672905105,-0.15644117936461233,0.14725874173428405,-0.006099389924290266,-0.04199239665334131,-0.034261107710034544,-0.13112317965897527,0.07823550867259306,0.12808144631271146,0.09382033860267691,,,,,,,,,,
10,mean_of_rounds,no_baseline,12,151,101,166,0.39603960396039606,0.41566265060240964,maxed_out,delta_auc,elastic net,,,,,,,,,,,0.12786885245901647,0.004546892070611222,0.2467809967809966,0.5897540983606557,0.7176229508196722,0.009786343941431297,-0.0746430646051738,0.09305404751536242,0.6116091438816674,0.6213954878230987
10,mean_of_rounds,no_baseline,12,151,101,166,0.39603960396039606,0.41566265060240964,contribution_rate,delta_r2,random forest,-0.004603715337747949,-0.06985540952520511,0.08042635445178581,0.08553927609471301,0.08093556075696506,0.015649499099108066,-0.04497167877447577,0.07102640845580466,0.08935832737079086,0.10500782646989892,,,,,,,,,,
10,mean_of_rounds,no_baseline,12,151,101,166,0.39603960396039606,0.41566265060240964,maxed_out,delta_auc,random forest,,,,,,,,,,,0.0807377049180329,-0.06602014057371196,0.22183849454143806,0.5422131147540983,0.6229508196721312,-0.06872852233676996,-0.17727154050054325,0.039142757067691165,0.6173614223815929,0.5486329000448229
10,mean_of_rounds,early_contribution,12,151,101,166,0.39603960396039606,0.41566265060240964,contribution_rate,delta_r2,elastic net,-0.05751739479711815,-0.12015423584402286,0.02655907607683898,0.29662175667112733,0.23910436187400919,0.0187982244073146,-0.028299126806917242,0.06574126651052839,0.49074621928604234,0.5095444436933569,,,,,,,,,,
10,mean_of_rounds,early_contribution,12,151,101,166,0.39603960396039606,0.41566265060240964,maxed_out,delta_auc,elastic net,,,,,,,,,,,0.0036885245901639996,-0.0644350579926133,0.06696531980807986,0.8012295081967212,0.8049180327868852,-0.055505752278499854,-0.14079076800016932,0.0294799502653842,0.7442850739578664,0.6887793216793665
10,mean_of_rounds,early_contribution,12,151,101,166,0.39603960396039606,0.41566265060240964,contribution_rate,delta_r2,random forest,-0.014666985876582994,-0.0652329053079428,0.052857596325278214,0.1746980997344597,0.16003111385787672,0.017631085859966977,-0.026187245645932406,0.055755165894306714,0.2058609321460203,0.22349201800598728,,,,,,,,,,
10,mean_of_rounds,early_contribution,12,151,101,166,0.39603960396039606,0.41566265060240964,maxed_out,delta_auc,random forest,,,,,,,,,,,0.051639344262294995,-0.0020344944792353684,0.10556010928961752,0.7713114754098361,0.8229508196721311,-0.046914686986403886,-0.10373647730080061,0.007104425786708001,0.7353951890034366,0.6884805020170327
1,cumulative,no_baseline,12,151,87,123,0.42528735632183906,0.4065040650406504,contribution_rate,delta_r2,elastic net,-0.04693279332302014,-0.18530398765353184,0.13843174843142317,0.03719086949389938,-0.009741923829120758,-0.008001950892587484,-0.17925994688272198,0.18856860799416958,0.07578542672925415,0.06778347583666666,,,,,,,,,,
1,cumulative,no_baseline,12,151,87,123,0.42528735632183906,0.4065040650406504,maxed_out,delta_auc,elastic net,,,,,,,,,,,0.000540540540540535,-0.12858898046398046,0.12949852865550535,0.5594594594594595,0.56,-0.1016438356164383,-0.22339158260901956,0.021120061465410934,0.606027397260274,0.5043835616438357
1,cumulative,no_baseline,12,151,87,123,0.42528735632183906,0.4065040650406504,contribution_rate,delta_r2,random forest,-0.02415920336241506,-0.07623999544384981,0.029747522170342995,0.11817001701368324,0.09401081365126818,0.004890170606395627,-0.052263274226353386,0.06328648578848259,0.07969447568613408,0.08458464629252971,,,,,,,,,,
1,cumulative,no_baseline,12,151,87,123,0.42528735632183906,0.4065040650406504,maxed_out,delta_auc,random forest,,,,,,,,,,,-0.11567567567567583,-0.25874973780196475,0.026729040975364226,0.6437837837837839,0.528108108108108,0.005068493150684916,-0.11632286697142162,0.11956275297839139,0.599041095890411,0.6041095890410959
1,cumulative,early_contribution,12,151,87,123,0.42528735632183906,0.4065040650406504,contribution_rate,delta_r2,elastic net,-0.004492777536277304,-0.12014128880325321,0.14638600679963545,-0.005250256414384591,-0.009743033950661895,-0.015101859940432782,-0.17599577743229142,0.1897466969289294,0.08288533577709944,0.06778347583666666,,,,,,,,,,
1,cumulative,early_contribution,12,151,87,123,0.42528735632183906,0.4065040650406504,maxed_out,delta_auc,elastic net,,,,,,,,,,,0.005945945945945996,-0.12807319352765945,0.1343971306471307,0.5405405405405406,0.5464864864864866,-0.126986301369863,-0.23570062444739157,-0.018603708791208637,0.6398630136986302,0.5128767123287672
1,cumulative,early_contribution,12,151,87,123,0.42528735632183906,0.4065040650406504,contribution_rate,delta_r2,random forest,-0.005889952635426465,-0.05257132690756522,0.049612558459416374,0.10273882828009062,0.09684887564466416,0.010356905440078945,-0.03926581883443155,0.06331023946308782,0.07226373712703615,0.0826206425671151,,,,,,,,,,
1,cumulative,early_contribution,12,151,87,123,0.42528735632183906,0.4065040650406504,maxed_out,delta_auc,random forest,,,,,,,,,,,-0.15459459459459463,-0.2962973239610309,-0.014839838231496035,0.6405405405405405,0.4859459459459459,-0.02493150684931511,-0.14298935300386467,0.09729768688102035,0.6317808219178083,0.6068493150684932
2,cumulative,no_baseline,12,151,91,137,0.4175824175824176,0.4233576642335766,contribution_rate,delta_r2,elastic net,0.027932090513633434,-0.06754669676760809,0.16471488493898448,0.034706478166854016,0.06263856868048745,-0.10542596397326787,-0.22871017404239657,0.051228239737911546,0.0992338269104257,-0.006192137062842162,,,,,,,,,,
2,cumulative,no_baseline,12,151,91,137,0.4175824175824176,0.4233576642335766,maxed_out,delta_auc,elastic net,,,,,,,,,,,0.07621648460774577,-0.059834560265594826,0.21093910634898563,0.5489076464746773,0.625124131082423,-0.07354866870362275,-0.1627592253081603,0.02423903013525655,0.5955914447839371,0.5220427760803144
2,cumulative,no_baseline,12,151,91,137,0.4175824175824176,0.4233576642335766,contribution_rate,delta_r2,random forest,-0.00609570245393809,-0.0734634002510976,0.06607054091142268,0.1211016369997755,0.11500593454583741,0.02563002008482429,-0.03327985124008625,0.08377060511145268,0.05998818676698314,0.08561820685180743,,,,,,,,,,
2,cumulative,no_baseline,12,151,91,137,0.4175824175824176,0.4233576642335766,maxed_out,delta_auc,random forest,,,,,,,,,,,-0.11146971201588873,-0.25714571714571716,0.038887716740831677,0.6283515392254221,0.5168818272095334,-0.02859013531209076,-0.1475506805768903,0.08948997260480922,0.605194238323876,0.5766041030117852
2,cumulative,early_contribution,12,151,91,137,0.4175824175824176,0.4233576642335766,contribution_rate,delta_r2,elastic net,0.07855902462054865,0.00016467904508012153,0.1827287934629379,-0.015920455940061196,0.06263856868048745,-0.10320784371513403,-0.23988691421622013,0.07264575918059825,0.09701570665229187,-0.006192137062842162,,,,,,,,,,
2,cumulative,early_contribution,12,151,91,137,0.4175824175824176,0.4233576642335766,maxed_out,delta_auc,elastic net,,,,,,,,,,,0.047169811320754707,-0.07934719142645973,0.17750945992432055,0.6002979145978152,0.6474677259185699,-0.0900261894369272,-0.18809645264024044,0.007005892658066465,0.6382584024443475,0.5482322130074203
2,cumulative,early_contribution,12,151,91,137,0.4175824175824176,0.4233576642335766,contribution_rate,delta_r2,random forest,-0.0036745604729244707,-0.07724053199257332,0.08245621736563283,0.10772943136724578,0.1040548708943213,0.016052095078177953,-0.045454395778982845,0.07406705893220984,0.07124923405544892,0.08730132913362687,,,,,,,,,,
2,cumulative,early_contribution,12,151,91,137,0.4175824175824176,0.4233576642335766,maxed_out,delta_auc,random forest,,,,,,,,,,,-0.10625620655412127,-0.2487698596582398,0.0451183431952662,0.6603773584905661,0.5541211519364448,-0.03808380619816665,-0.15496780881711045,0.07509571322985927,0.6205805325185508,0.5824967263203842
3,cumulative,no_baseline,12,151,94,146,0.4148936170212766,0.4041095890410959,contribution_rate,delta_r2,elastic net,-0.029624031376141113,-0.2558501955804482,0.1417562623788022,0.05137180557061416,0.021747774194473046,0.012786301458394211,-0.13283984296859655,0.18530674736261224,0.07170875445999048,0.08449505591838469,,,,,,,,,,
3,cumulative,no_baseline,12,151,94,146,0.4148936170212766,0.4041095890410959,maxed_out,delta_auc,elastic net,,,,,,,,,,,-0.0927738927738927,-0.22171544196219847,0.03785310253232261,0.5771561771561771,0.48438228438228437,-0.05717903759984433,-0.15539483637140705,0.04175846848401192,0.5962400155854277,0.5390609779855834
3,cumulative,no_baseline,12,151,94,146,0.4148936170212766,0.4041095890410959,contribution_rate,delta_r2,random forest,0.010516604573371557,-0.0702527881228795,0.08230399564502855,0.11660878720283918,0.12712539177621074,0.0239677004497173,-0.05359927331924338,0.093655033332333,0.06954238652778766,0.09351008697750496,,,,,,,,,,
3,cumulative,no_baseline,12,151,94,146,0.4148936170212766,0.4041095890410959,maxed_out,delta_auc,random forest,,,,,,,,,,,-0.038228438228438355,-0.18149458180708178,0.11229882217197884,0.565967365967366,0.5277389277389276,-0.10461718293395672,-0.1985523252063984,-0.012240793516860308,0.6046171829339567,0.5
3,cumulative,early_contribution,12,151,94,146,0.4148936170212766,0.4041095890410959,contribution_rate,delta_r2,elastic net,-0.0033349481764871625,-0.14241775047969438,0.13502877222741694,0.06990402034017296,0.0665690721636858,-0.10887597739485633,-0.18444848939663142,-0.024768288456566395,0.2353131500327591,0.12643717263790277,,,,,,,,,,
3,cumulative,early_contribution,12,151,94,146,0.4148936170212766,0.4041095890410959,maxed_out,delta_auc,elastic net,,,,,,,,,,,-0.0060606060606061,-0.10464546783625742,0.09770617313720774,0.6247086247086248,0.6186480186480187,-0.07773232028053756,-0.16429218708196405,0.007792207792207797,0.6935515293200857,0.6158192090395481
3,cumulative,early_contribution,12,151,94,146,0.4148936170212766,0.4041095890410959,contribution_rate,delta_r2,random forest,0.0058064048725603445,-0.07596897685752213,0.0806167405624315,0.12082108990882134,0.1266274947813817,0.0024670481872387517,-0.06778682733224196,0.06365685663647128,0.11461145488196045,0.1170785030691992,,,,,,,,,,
3,cumulative,early_contribution,12,151,94,146,0.4148936170212766,0.4041095890410959,maxed_out,delta_auc,random forest,,,,,,,,,,,-0.10209790209790215,-0.20925925925925926,0.0023588182412551586,0.6438228438228438,0.5417249417249417,-0.16754334697058249,-0.2540005692119825,-0.07674557719064502,0.6675433469705825,0.5
4,cumulative,no_baseline,12,151,98,155,0.40816326530612246,0.4258064516129032,contribution_rate,delta_r2,elastic net,0.04895993377122254,-0.048021604019116,0.17864325849279017,-0.017432908300965222,0.03152702547025732,-0.4646120013568805,-0.9193358973505847,-0.12415972383768571,0.10003233927850197,-0.36457966207837855,,,,,,,,,,
4,cumulative,no_baseline,12,151,98,155,0.40816326530612246,0.4258064516129032,maxed_out,delta_auc,elastic net,,,,,,,,,,,-0.07564655172413792,-0.21251077586206898,0.04547975760103807,0.5890086206896552,0.5133620689655173,-0.06622403813415045,-0.16347100668925987,0.034381600248905235,0.5910793326523663,0.5248552945182159
4,cumulative,no_baseline,12,151,98,155,0.40816326530612246,0.4258064516129032,contribution_rate,delta_r2,random forest,-0.032308660615225415,-0.10107193210632356,0.05189234130819141,0.10348546633010192,0.0711768057148765,-0.015274312310158633,-0.09480662626891362,0.05840817944353971,0.07433505034640087,0.05906073803624223,,,,,,,,,,
4,cumulative,no_baseline,12,151,98,155,0.40816326530612246,0.4258064516129032,maxed_out,delta_auc,random forest,,,,,,,,,,,-0.06336206896551716,-0.18581440252183049,0.05986672219908373,0.5228448275862069,0.4594827586206897,0.001532175689479165,-0.12946098877911674,0.1244858532357473,0.6098059244126659,0.6113381001021451
4,cumulative,early_contribution,12,151,98,155,0.40816326530612246,0.4258064516129032,contribution_rate,delta_r2,elastic net,-0.005787872204156885,-0.07886570059479979,0.08524288169738083,0.1000171006924152,0.09422922848825832,-0.42749951734247615,-0.8341731015695768,-0.16962374084665405,0.290266811378033,-0.13723270596444315,,,,,,,,,,
4,cumulative,early_contribution,12,151,98,155,0.40816326530612246,0.4258064516129032,maxed_out,delta_auc,elastic net,,,,,,,,,,,-0.12392241379310354,-0.22294673466200132,-0.03663344109195395,0.7191810344827587,0.5952586206896552,-0.003915560095335335,-0.041146136004824946,0.03260166022338303,0.6763704460333674,0.672454885938032
4,cumulative,early_contribution,12,151,98,155,0.40816326530612246,0.4258064516129032,contribution_rate,delta_r2,random forest,-0.0776313399644808,-0.1440401155244962,-0.008939847521297764,0.1361652164715197,0.058533876507038896,-0.02989427821940338,-0.10957988131214816,0.03044169559931419,0.1283978821809738,0.09850360396157043,,,,,,,,,,
4,cumulative,early_contribution,12,151,98,155,0.40816326530612246,0.4258064516129032,maxed_out,delta_auc,random forest,,,,,,,,,,,-0.09956896551724148,-0.21029033180778037,0.009982654116143543,0.6767241379310346,0.5771551724137931,-0.051923731699012765,-0.13130009020468977,0.025138100067613193,0.6898195437521282,0.6378958120531154
5,cumulative,no_baseline,12,151,98,160,0.40816326530612246,0.425,contribution_rate,delta_r2,elastic net,0.06657539703197957,-0.05117852940157203,0.2343839469644763,-0.017432908300965222,0.049142488731014344,-0.16403667067431427,-0.32884420027401673,0.00011378535856404278,0.09671264490126996,-0.0673240257730443,,,,,,,,,,
5,cumulative,no_baseline,12,151,98,160,0.40816326530612246,0.425,maxed_out,delta_auc,elastic net,,,,,,,,,,,0.00581896551724137,-0.12636314395763118,0.14293543141113263,0.5890086206896552,0.5948275862068966,-0.0625,-0.16634911543580932,0.04310501295280381,0.5952685421994885,0.5327685421994885
5,cumulative,no_baseline,12,151,98,160,0.40816326530612246,0.425,contribution_rate,delta_r2,random forest,-0.04712132676215541,-0.10330886300186891,0.020992065766829337,0.10348546633010192,0.0563641395679465,0.0019333651509213512,-0.05712687747219458,0.049881351981296555,0.0753570179921762,0.07729038314309755,,,,,,,,,,
5,cumulative,no_baseline,12,151,98,160,0.40816326530612246,0.425,maxed_out,delta_auc,random forest,,,,,,,,,,,0.022413793103448265,-0.10279131590606988,0.15562232682241448,0.5228448275862069,0.5452586206896551,-0.02701406649616367,-0.13866669565066458,0.0898355407873645,0.6094948849104859,0.5824808184143222
5,cumulative,early_contribution,12,151,98,160,0.40816326530612246,0.425,contribution_rate,delta_r2,elastic net,0.005374495553695624,-0.06470434373758382,0.10070025071876494,0.14265999681545682,0.14803449236915245,-0.18696412457144718,-0.29390339454221426,-0.0976609948380473,0.3365964192287755,0.1496322946573283,,,,,,,,,,
5,cumulative,early_contribution,12,151,98,160,0.40816326530612246,0.425,maxed_out,delta_auc,elastic net,,,,,,,,,,,0.0008620689655173264,-0.09469796650717695,0.08996401957919342,0.7155172413793103,0.7163793103448276,-0.05986253196930946,-0.11193067828505966,-0.010384371399256947,0.6840632992327366,0.6242007672634271
5,cumulative,early_contribution,12,151,98,160,0.40816326530612246,0.425,contribution_rate,delta_r2,random forest,-0.05843654175480739,-0.11531183621560918,0.0033514342604666907,0.1316051145169801,0.0731685727621727,-0.0144285267265305,-0.060926311034857156,0.028135723691012922,0.1384587568411858,0.1240302301146553,,,,,,,,,,
5,cumulative,early_contribution,12,151,98,160,0.40816326530612246,0.425,maxed_out,delta_auc,random forest,,,,,,,,,,,-0.09482758620689657,-0.19750275735294107,0.006735724592867302,0.7047413793103449,0.6099137931034483,-0.0523497442455243,-0.13087504709907377,0.032138780833801124,0.6901374680306905,0.6377877237851662
6,cumulative,no_baseline,12,151,98,160,0.40816326530612246,0.425,contribution_rate,delta_r2,elastic net,0.0791909824977608,-0.04275704988559713,0.2632712221266328,-0.017432908300965222,0.061758074196795576,-0.09389388469867255,-0.22431644759718655,0.04854464145401119,0.09671264490126996,0.0028187602025974146,,,,,,,,,,
6,cumulative,no_baseline,12,151,98,160,0.40816326530612246,0.425,maxed_out,delta_auc,elastic net,,,,,,,,,,,0.014439655172413746,-0.12417250240343458,0.14626349235913402,0.5890086206896552,0.603448275862069,-0.03564578005115093,-0.12706709414525538,0.05769072876370079,0.5952685421994885,0.5596227621483376
6,cumulative,no_baseline,12,151,98,160,0.40816326530612246,0.425,contribution_rate,delta_r2,random forest,-0.053794918353416654,-0.1132843855677608,0.020549645328874426,0.10348546633010192,0.04969054797668526,0.01685739431501898,-0.04437142948601003,0.0694859021474863,0.0753570179921762,0.09221441230719518,,,,,,,,,,
6,cumulative,no_baseline,12,151,98,160,0.40816326530612246,0.425,maxed_out,delta_auc,random forest,,,,,,,,,,,0.026293103448275845,-0.08602097116618945,0.14305546998767787,0.5228448275862069,0.5491379310344827,0.0006393861892584063,-0.12109918064024382,0.12164402759431538,0.6094948849104859,0.6101342710997443
6,cumulative,early_contribution,12,151,98,160,0.40816326530612246,0.425,contribution_rate,delta_r2,elastic net,0.04807829488212145,-0.030212522113203834,0.15409155549988468,0.17954459460020622,0.22762288948232767,-0.08081482959813036,-0.13781236027024427,-0.019978962403298398,0.37192175364225666,0.2911069240441263,,,,,,,,,,
6,cumulative,early_contribution,12,151,98,160,0.40816326530612246,0.425,maxed_out,delta_auc,elastic net,,,,,,,,,,,-0.012068965517241348,-0.06646007412775667,0.03991156462585021,0.7482758620689656,0.7362068965517242,-0.03628516624040923,-0.07576783167685022,0.0007212343549460299,0.7002877237851662,0.664002557544757
6,cumulative,early_contribution,12,151,98,160,0.40816326530612246,0.425,contribution_rate,delta_r2,random forest,-0.059867194747224795,-0.11282856497645702,0.004744242203874077,0.1422982468391828,0.082431052091958,0.005479075166490044,-0.04122738090700918,0.04286122063477181,0.15145181611910252,0.15693089128559257,,,,,,,,,,
6,cumulative,early_contribution,12,151,98,160,0.40816326530612246,0.425,maxed_out,delta_auc,random forest,,,,,,,,,,,-0.04870689655172422,-0.14386582345075527,0.05259694401643555,0.7172413793103448,0.6685344827586206,-0.032289002557544855,-0.10942915459323127,0.04486392251492158,0.7025255754475703,0.6702365728900255
7,cumulative,no_baseline,12,151,100,161,0.4,0.422360248447205,contribution_rate,delta_r2,elastic net,0.03652955782670386,-0.12006022843820864,0.2543441000542545,0.03344432333795733,0.06997388116466119,-0.045850719781432625,-0.16727985443763846,0.0914610638886442,0.10123472134910627,0.055384001567673646,,,,,,,,,,
7,cumulative,no_baseline,12,151,100,161,0.4,0.422360248447205,maxed_out,delta_auc,elastic net,,,,,,,,,,,0.05729166666666663,-0.07662925788213014,0.1865439328939786,0.6147916666666666,0.6720833333333333,-0.027988614800758982,-0.119133300877382,0.0634144968658433,0.5983554712207464,0.5703668564199874
7,cumulative,no_baseline,12,151,100,161,0.4,0.422360248447205,contribution_rate,delta_r2,random forest,-0.04272104124056142,-0.11992176448151337,0.05254297564604023,0.10602387048353046,0.06330282924296904,0.007207234762993675,-0.049389612338521266,0.05897526771102285,0.0801164908236498,0.08732372558664347,,,,,,,,,,
7,cumulative,no_baseline,12,151,100,161,0.4,0.422360248447205,maxed_out,delta_auc,random forest,,,,,,,,,,,-0.05916666666666659,-0.17347069541295343,0.06698164653604566,0.5970833333333333,0.5379166666666667,0.04767552182163182,-0.06539857172797278,0.17267830590723854,0.6132985452245414,0.6609740670461732
7,cumulative,early_contribution,12,151,100,161,0.4,0.422360248447205,contribution_rate,delta_r2,elastic net,-0.0789650257776704,-0.19216746918878833,0.055722541158116486,0.20447615408755682,0.12551112830988642,-0.06541882171394298,-0.12029093184856746,-0.00745303948258653,0.42387626264240297,0.35845744092846,,,,,,,,,,
7,cumulative,early_contribution,12,151,100,161,0.4,0.422360248447205,maxed_out,delta_auc,elastic net,,,,,,,,,,,-0.03874999999999995,-0.1452931554154382,0.06468751105333896,0.7324999999999999,0.69375,-0.09313725490196068,-0.1803865433091085,-0.0032208872013454585,0.7136306135357369,0.6204933586337762
7,cumulative,early_contribution,12,151,100,161,0.4,0.422360248447205,contribution_rate,delta_r2,random forest,-0.06531470705067643,-0.1345342308903353,0.01645234771415995,0.1622077802136066,0.09689307316293017,0.0014709007261474172,-0.04004258016822333,0.0408145463240019,0.16460894851783903,0.16607984924398644,,,,,,,,,,
7,cumulative,early_contribution,12,151,100,161,0.4,0.422360248447205,maxed_out,delta_auc,random forest,,,,,,,,,,,-0.040416666666666656,-0.11368876307676798,0.032688412580706525,0.7395833333333333,0.6991666666666666,-0.020003162555344733,-0.10064456181533654,0.0580552870273056,0.7107052498418722,0.6907020872865275
8,cumulative,no_baseline,12,151,100,162,0.4,0.41975308641975306,contribution_rate,delta_r2,elastic net,0.042986846896732045,-0.10544111516613021,0.24001747441650212,0.03344432333795733,0.07643117023468937,-0.06886338119898983,-0.19661441102171898,0.08796707321749776,0.10426009956504112,0.035396718366051294,,,,,,,,,,
8,cumulative,no_baseline,12,151,100,162,0.4,0.41975308641975306,maxed_out,delta_auc,elastic net,,,,,,,,,,,0.02645833333333336,-0.12144050109301958,0.17147930194805186,0.6147916666666666,0.64125,-0.03410513141426774,-0.12099083897843796,0.05854952116935488,0.600281602002503,0.5661764705882353
8,cumulative,no_baseline,12,151,100,162,0.4,0.41975308641975306,contribution_rate,delta_r2,random forest,-0.06628531587962794,-0.13793892768840932,0.01241467743409365,0.10602387048353046,0.03973855460390252,0.01349189713154264,-0.03691107199418323,0.061360617458764054,0.0821574777796904,0.09564937491123304,,,,,,,,,,
8,cumulative,no_baseline,12,151,100,162,0.4,0.41975308641975306,maxed_out,delta_auc,random forest,,,,,,,,,,,-0.04458333333333331,-0.1661008864496562,0.08916258669930627,0.5970833333333333,0.5525,0.02252816020025039,-0.09806288819875766,0.14160576425477317,0.6163954943679599,0.6389236545682103
8,cumulative,early_contribution,12,151,100,162,0.4,0.41975308641975306,contribution_rate,delta_r2,elastic net,-0.02702320631028987,-0.1368127577140774,0.10352247666412169,0.2610329472422085,0.23400974093191862,-0.09632110232250701,-0.1549970130019234,-0.03744867420310774,0.46206800796740655,0.36574690564489953,,,,,,,,,,
8,cumulative,early_contribution,12,151,100,162,0.4,0.41975308641975306,maxed_out,delta_auc,elastic net,,,,,,,,,,,-0.05958333333333332,-0.152729943077194,0.03202216321154899,0.7520833333333333,0.6925,-0.015957446808510745,-0.05919655225488687,0.02343177655677656,0.7296620775969963,0.7137046307884856
8,cumulative,early_contribution,12,151,100,162,0.4,0.41975308641975306,contribution_rate,delta_r2,random forest,-0.07481005761548576,-0.14140610433680778,-0.004589155152747128,0.1851455909939349,0.11033553337844915,0.00030291604326559973,-0.0381422577563794,0.03513888496887884,0.18414150392051332,0.18444441996377892,,,,,,,,,,
8,cumulative,early_contribution,12,151,100,162,0.4,0.41975308641975306,maxed_out,delta_auc,random forest,,,,,,,,,,,-0.04125000000000001,-0.1207754369927911,0.037337662337662336,0.7454166666666666,0.7041666666666666,-0.01971214017521905,-0.08887238583323344,0.05098556112786031,0.7166770963704632,0.6969649561952441
9,cumulative,no_baseline,12,151,100,164,0.4,0.4146341463414634,contribution_rate,delta_r2,elastic net,-0.038570972214180044,-0.18884829666839337,0.15567156603324359,0.03344432333795733,-0.005126648876222717,-0.04968946561526677,-0.1650634008281306,0.0905386543307512,0.11105484365004792,0.06136537803478115,,,,,,,,,,
9,cumulative,no_baseline,12,151,100,164,0.4,0.4146341463414634,maxed_out,delta_auc,elastic net,,,,,,,,,,,0.07020833333333343,-0.07828938313959663,0.21509794825291412,0.6147916666666666,0.685,-0.03331801470588236,-0.11855326604753202,0.04847497551645773,0.6013327205882353,0.5680147058823529
9,cumulative,no_baseline,12,151,100,164,0.4,0.4146341463414634,contribution_rate,delta_r2,random forest,-0.07118673461422742,-0.1407195272991353,0.007081722837054822,0.10602387048353046,0.03483713586930304,0.01849649613351423,-0.03004457033829748,0.06758404467778088,0.08560684607405011,0.10410334220756434,,,,,,,,,,
9,cumulative,no_baseline,12,151,100,164,0.4,0.4146341463414634,maxed_out,delta_auc,random forest,,,,,,,,,,,-0.03375000000000006,-0.1716691656466749,0.10629149710858853,0.5970833333333333,0.5633333333333332,0.037377450980392024,-0.08039625792572469,0.16747290105485968,0.6155024509803922,0.6528799019607843
9,cumulative,early_contribution,12,151,100,164,0.4,0.4146341463414634,contribution_rate,delta_r2,elastic net,-0.06427221626118718,-0.16918398699083034,0.06776999441951724,0.27630797031667464,0.21203575405548747,-0.058022645739230105,-0.11094154506951841,0.0014283099255712227,0.4789715400008153,0.4209488942615852,,,,,,,,,,
9,cumulative,early_contribution,12,151,100,164,0.4,0.4146341463414634,maxed_out,delta_auc,elastic net,,,,,,,,,,,-0.03500000000000014,-0.1471682513435304,0.07218605938148454,0.7658333333333334,0.7308333333333332,-0.11488970588235292,-0.203815705969888,-0.019753281111399644,0.7408088235294117,0.6259191176470588
9,cumulative,early_contribution,12,151,100,164,0.4,0.4146341463414634,contribution_rate,delta_r2,random forest,-0.07399203551546751,-0.13940870927766688,-0.011445452727075792,0.1865852567281605,0.112593221212693,0.009891114175179072,-0.025862735277570163,0.044244815143123284,0.1960947553440039,0.20598586951918296,,,,,,,,,,
9,cumulative,early_contribution,12,151,100,164,0.4,0.4146341463414634,maxed_out,delta_auc,random forest,,,,,,,,,,,0.00374999999999992,-0.06756715405062998,0.07079089557537831,0.7554166666666667,0.7591666666666667,-0.03025428921568618,-0.09269308874865738,0.031102259725400414,0.7359834558823529,0.7057291666666667
10,cumulative,no_baseline,12,151,101,166,0.39603960396039606,0.41566265060240964,contribution_rate,delta_r2,elastic net,-0.0625356317889263,-0.22590030174156495,0.15838496197525054,-0.006099389924290266,-0.06863502171321656,-0.050581139074618475,-0.17479327016777607,0.08842389399769318,0.12808144631271146,0.07750030723809298,,,,,,,,,,
10,cumulative,no_baseline,12,151,101,166,0.39603960396039606,0.41566265060240964,maxed_out,delta_auc,elastic net,,,,,,,,,,,0.12581967213114753,-0.0017167869553595223,0.24705447635135128,0.5897540983606557,0.7155737704918033,-0.012475720902435428,-0.09185118357968194,0.07139490664700107,0.6116091438816674,0.599133422979232
10,cumulative,no_baseline,12,151,101,166,0.39603960396039606,0.41566265060240964,contribution_rate,delta_r2,random forest,-0.042087670785025844,-0.11393046026122262,0.03298367422957598,0.08553927609471301,0.04345160530968717,0.01804633998421501,-0.03683064783997146,0.06549648775624296,0.08935832737079086,0.10740466735500587,,,,,,,,,,
10,cumulative,no_baseline,12,151,101,166,0.39603960396039606,0.41566265060240964,maxed_out,delta_auc,random forest,,,,,,,,,,,0.04508196721311486,-0.09968664660048983,0.19089428115743895,0.5422131147540983,0.5872950819672131,-0.009263409532347389,-0.13032191359869388,0.11098945793307603,0.6173614223815929,0.6080980128492455
10,cumulative,early_contribution,12,151,101,166,0.39603960396039606,0.41566265060240964,contribution_rate,delta_r2,elastic net,-0.06221911424353643,-0.15887606841994947,0.06154778818763464,0.29662175667112733,0.2344026424275909,-0.04438443291575089,-0.09530794644537385,0.01101612320256677,0.49074621928604234,0.44636178637029145,,,,,,,,,,
10,cumulative,early_contribution,12,151,101,166,0.39603960396039606,0.41566265060240964,maxed_out,delta_auc,elastic net,,,,,,,,,,,-0.012704918032786838,-0.04615686274509799,0.01948468532269648,0.8012295081967212,0.7885245901639344,-0.011131032421933362,-0.035496025998876565,0.01356708858713919,0.7442850739578664,0.733154041535933
10,cumulative,early_contribution,12,151,101,166,0.39603960396039606,0.41566265060240964,contribution_rate,delta_r2,random forest,-0.026159349085837835,-0.08604576332785145,0.04296994892014739,0.1746980997344597,0.14853875064862188,0.02582345981074119,-0.012964277319493117,0.060158076986519676,0.20586093214602041,0.2316843919567616,,,,,,,,,,
10,cumulative,early_contribution,12,151,101,166,0.39603960396039606,0.41566265060240964,maxed_out,delta_auc,random forest,,,,,,,,,,,-0.02622950819672143,-0.09471806141459121,0.04058299943050053,0.7713114754098361,0.7450819672131147,-0.03227252353204846,-0.0921376580387872,0.027727372198879534,0.7353951890034366,0.7031226654713881
2,mean_of_rounds,no_baseline,20,151,55,45,0.45454545454545453,0.4444444444444444,contribution_rate,delta_r2,elastic net,-0.10957134080774522,-0.2427224970272118,0.10176176561743261,-0.04385376865919999,-0.1534251094669452,-0.13992433942190252,-0.26866976646398616,0.04982654248786,0.07091318398991087,-0.06901115543199166,,,,,,,,,,
2,mean_of_rounds,no_baseline,20,151,55,45,0.45454545454545453,0.4444444444444444,maxed_out,delta_auc,elastic net,,,,,,,,,,,-0.11066666666666669,-0.3140521830862741,0.10120892365210535,0.6186666666666667,0.508,0.18099999999999994,-0.0010491106719367565,0.3770736938500091,0.485,0.6659999999999999
2,mean_of_rounds,no_baseline,20,151,55,45,0.45454545454545453,0.4444444444444444,contribution_rate,delta_r2,random forest,0.0,0.0,0.0,-0.02813491941023427,-0.02813491941023427,0.0010686265322124022,-0.00045574163018369804,0.0025616158733426314,-0.06865867510020118,-0.06759004856798878,,,,,,,,,,
2,mean_of_rounds,no_baseline,20,151,55,45,0.45454545454545453,0.4444444444444444,maxed_out,delta_auc,random forest,,,,,,,,,,,0.01866666666666672,-0.16738250855897915,0.20111930641821923,0.5093333333333333,0.528,0.07900000000000007,-0.1418684523809524,0.2925130366238176,0.487,0.5660000000000001
2,mean_of_rounds,early_contribution,20,151,55,45,0.45454545454545453,0.4444444444444444,contribution_rate,delta_r2,elastic net,-0.10935411227748748,-0.24777647371035302,0.09677258772940373,-0.04407099718945773,-0.1534251094669452,-0.13992433942190252,-0.274024353188837,0.04953017806044632,0.07091318398991087,-0.06901115543199166,,,,,,,,,,
2,mean_of_rounds,early_contribution,20,151,55,45,0.45454545454545453,0.4444444444444444,maxed_out,delta_auc,elastic net,,,,,,,,,,,-0.06533333333333335,-0.2530154629419335,0.10669116847826073,0.6053333333333334,0.54,0.03199999999999992,-0.15019783177995752,0.20668724696356275,0.648,0.6799999999999999
2,mean_of_rounds,early_contribution,20,151,55,45,0.45454545454545453,0.4444444444444444,contribution_rate,delta_r2,random forest,0.0,0.0,0.0,-0.02813491941023427,-0.02813491941023427,0.0011047164217161676,0.00014438567471501408,0.002218908813843544,-0.06802156327860853,-0.06691684685689236,,,,,,,,,,
2,mean_of_rounds,early_contribution,20,151,55,45,0.45454545454545453,0.4444444444444444,maxed_out,delta_auc,random forest,,,,,,,,,,,0.06399999999999995,-0.12231893610421836,0.257374338624338,0.4973333333333334,0.5613333333333334,-0.0040000000000000036,-0.21158088235294126,0.20559483674892862,0.612,0.608
3,mean_of_rounds,no_baseline,20,151,55,48,0.45454545454545453,0.4375,contribution_rate,delta_r2,elastic net,-0.0967066620244319,-0.2426200233653958,0.16834295182869652,-0.04385376865919999,-0.1405604306836319,-0.16668262280245272,-0.29180771430543423,0.0045370031677117095,0.09191983202534759,-0.07476279077710513,,,,,,,,,,
3,mean_of_rounds,no_baseline,20,151,55,48,0.45454545454545453,0.4375,maxed_out,delta_auc,elastic net,,,,,,,,,,,-0.10266666666666668,-0.29714462627156096,0.1087115942028985,0.6186666666666667,0.516,0.08201058201058209,-0.10716517857142857,0.2689240043843623,0.5141093474426808,0.5961199294532629
3,mean_of_rounds,no_baseline,20,151,55,48,0.45454545454545453,0.4375,contribution_rate,delta_r2,random forest,0.0,0.0,0.0,-0.02813491941023427,-0.02813491941023427,0.0014968249976978765,0.0001695240901073536,0.0027641341026996887,-0.07432570334890998,-0.0728288783512121,,,,,,,,,,
3,mean_of_rounds,no_baseline,20,151,55,48,0.45454545454545453,0.4375,maxed_out,delta_auc,random forest,,,,,,,,,,,-0.013333333333333308,-0.2307807807807808,0.2300396283213365,0.5093333333333333,0.496,0.0793650793650793,-0.1551770320197044,0.31607368326118335,0.5114638447971782,0.5908289241622575
3,mean_of_rounds,early_contribution,20,151,55,48,0.45454545454545453,0.4375,contribution_rate,delta_r2,elastic net,-0.09579680979474237,-0.2428979834834424,0.1992906414372936,-0.03248292170847811,-0.12827973150322047,-0.2040469828071998,-0.31339185440787326,-0.05369157675761422,0.12928419203009467,-0.07476279077710513,,,,,,,,,,
3,mean_of_rounds,early_contribution,20,151,55,48,0.45454545454545453,0.4375,maxed_out,delta_auc,elastic net,,,,,,,,,,,-0.08666666666666667,-0.25486842397582865,0.10617744252873514,0.6306666666666667,0.544,-0.0749559082892417,-0.23426573426573427,0.09299839895635656,0.7310405643738977,0.656084656084656
3,mean_of_rounds,early_contribution,20,151,55,48,0.45454545454545453,0.4375,contribution_rate,delta_r2,random forest,0.0,0.0,0.0,-0.02813491941023427,-0.02813491941023427,-0.0005142700907323494,-0.001927694414838077,0.0009435644216827515,-0.0730084637051891,-0.07352273379592145,,,,,,,,,,
3,mean_of_rounds,early_contribution,20,151,55,48,0.45454545454545453,0.4375,maxed_out,delta_auc,random forest,,,,,,,,,,,-0.10133333333333328,-0.29112192118226604,0.0835714955022489,0.6106666666666667,0.5093333333333334,-0.16666666666666663,-0.37002776020802597,0.03157928210346602,0.6763668430335097,0.5097001763668431
4,mean_of_rounds,no_baseline,20,151,57,51,0.43859649122807015,0.47058823529411764,contribution_rate,delta_r2,elastic net,-0.24391404511114745,-0.3664835019409947,-0.03348381098792249,0.08187445127735304,-0.1620395938337944,-0.07731238224491999,-0.17116558798665077,0.06483224493765119,0.10304213040803956,0.02572974816311957,,,,,,,,,,
4,mean_of_rounds,no_baseline,20,151,57,51,0.43859649122807015,0.47058823529411764,maxed_out,delta_auc,elastic net,,,,,,,,,,,-0.27749999999999997,-0.4391971137804471,-0.10036022167487682,0.6875,0.41000000000000003,-0.09953703703703709,-0.2847580128205129,0.09234615384615363,0.6103395061728395,0.5108024691358024
4,mean_of_rounds,no_baseline,20,151,57,51,0.43859649122807015,0.47058823529411764,contribution_rate,delta_r2,random forest,-9.179836494066507e-06,-0.00030281893516851955,0.0005024405049367125,-0.02799188358900384,-0.028001063425497907,0.006710983208279897,-0.0021931692804103343,0.013302230666583028,-0.037809416237496896,-0.031098433029217,,,,,,,,,,
4,mean_of_rounds,no_baseline,20,151,57,51,0.43859649122807015,0.47058823529411764,maxed_out,delta_auc,random forest,,,,,,,,,,,-0.161875,-0.3396176668159427,0.007035479557857992,0.515625,0.35375,-0.11805555555555547,-0.3274248647565619,0.09551331820353554,0.5501543209876543,0.4320987654320988
4,mean_of_rounds,early_contribution,20,151,57,51,0.43859649122807015,0.47058823529411764,contribution_rate,delta_r2,elastic net,-0.26058681267236483,-0.45508954380124383,-0.007604129381864124,0.10148857594319682,-0.159098236729168,-0.32817046938819283,-0.5108836449356773,-0.06342400441298128,0.28253025171601487,-0.04564021767217796,,,,,,,,,,
4,mean_of_rounds,early_contribution,20,151,57,51,0.43859649122807015,0.47058823529411764,maxed_out,delta_auc,elastic net,,,,,,,,,,,-0.12624999999999997,-0.2610754870129871,-0.003696599825632202,0.6475,0.52125,-0.08487654320987659,-0.1758936838624339,0.006747108178559691,0.7469135802469136,0.662037037037037
4,mean_of_rounds,early_contribution,20,151,57,51,0.43859649122807015,0.47058823529411764,contribution_rate,delta_r2,random forest,-6.802975094388763e-05,-0.000977108642856306,0.00041309525771737727,-0.028207009083007772,-0.02827503883395166,0.0029534685963390483,-0.005403097711946569,0.0086462499356675,-0.0336414024629188,-0.030687933866579753,,,,,,,,,,
4,mean_of_rounds,early_contribution,20,151,57,51,0.43859649122807015,0.47058823529411764,maxed_out,delta_auc,random forest,,,,,,,,,,,-0.264375,-0.42751025132275144,-0.09297792457091257,0.629375,0.365,-0.12191358024691368,-0.2820688163703616,0.05079243827160483,0.6527777777777778,0.5308641975308641
5,mean_of_rounds,no_baseline,20,151,57,54,0.43859649122807015,0.4444444444444444,contribution_rate,delta_r2,elastic net,-0.14007089186132315,-0.2331380701191378,0.05739583777948155,0.08187445127735304,-0.05819644058397011,-0.05503044880599628,-0.13653628626237954,0.06110686546018067,0.09262418359502489,0.03759373478902861,,,,,,,,,,
5,mean_of_rounds,no_baseline,20,151,57,54,0.43859649122807015,0.4444444444444444,maxed_out,delta_auc,elastic net,,,,,,,,,,,-0.18875000000000003,-0.31711963381684694,-0.04938191438191449,0.6875,0.49874999999999997,-0.007638888888888862,-0.18095139672463062,0.1586632097485092,0.6090277777777777,0.6013888888888889
5,mean_of_rounds,no_baseline,20,151,57,54,0.43859649122807015,0.4444444444444444,contribution_rate,delta_r2,random forest,5.408694745634435e-06,-0.00032530584933203045,0.0005497992202291632,-0.02799188358900384,-0.027986474894258206,0.007186718852693508,-0.002711548860315782,0.014231027416039665,-0.05043124314835312,-0.043244524295659614,,,,,,,,,,
5,mean_of_rounds,no_baseline,20,151,57,54,0.43859649122807015,0.4444444444444444,maxed_out,delta_auc,random forest,,,,,,,,,,,-0.128125,-0.29625372229916885,0.03896554834054833,0.515625,0.3875,-0.08055555555555549,-0.2741506517379678,0.11725564637036304,0.5638888888888889,0.4833333333333334
5,mean_of_rounds,early_contribution,20,151,57,54,0.43859649122807015,0.4444444444444444,contribution_rate,delta_r2,elastic net,-0.22139425500624932,-0.37871774719221163,0.015140607583725652,0.12095422530459987,-0.10044002970164945,-0.056115782431074845,-0.13163760706640756,0.06198184664757207,0.30602038719026425,0.2499046047591894,,,,,,,,,,
5,mean_of_rounds,early_contribution,20,151,57,54,0.43859649122807015,0.4444444444444444,maxed_out,delta_auc,elastic net,,,,,,,,,,,-0.1137499999999999,-0.22829052170450015,0.001300017550017597,0.6812499999999999,0.5675,-0.07152777777777775,-0.21808692528735632,0.07231321839080418,0.75625,0.6847222222222222
5,mean_of_rounds,early_contribution,20,151,57,54,0.43859649122807015,0.4444444444444444,contribution_rate,delta_r2,random forest,-0.00034426764472961224,-0.0010796994155336081,3.308419753574306e-05,-0.028204965142958116,-0.02854923278768773,0.003225187431650678,-0.005113329631413768,0.008708505741714124,-0.0468086391460083,-0.043583451714357624,,,,,,,,,,
5,mean_of_rounds,early_contribution,20,151,57,54,0.43859649122807015,0.4444444444444444,maxed_out,delta_auc,random forest,,,,,,,,,,,-0.16249999999999998,-0.3048180169085341,-0.011082621082621362,0.61375,0.45125000000000004,-0.14722222222222225,-0.3187931714586255,0.026390931372549026,0.675,0.5277777777777778
6,mean_of_rounds,no_baseline,20,151,57,54,0.43859649122807015,0.4444444444444444,contribution_rate,delta_r2,elastic net,-0.1286287181083572,-0.22329308410149987,0.04626853635099115,0.08187445127735304,-0.04675426683100414,-0.015769674682772905,-0.09516356935383974,0.07057698032664679,0.09262418359502489,0.07685450891225198,,,,,,,,,,
6,mean_of_rounds,no_baseline,20,151,57,54,0.43859649122807015,0.4444444444444444,maxed_out,delta_auc,elastic net,,,,,,,,,,,-0.13124999999999987,-0.28334876543209875,0.03640033338309162,0.6875,0.5562500000000001,-0.03541666666666654,-0.18725431771702097,0.12481982385430662,0.6090277777777777,0.5736111111111112
6,mean_of_rounds,no_baseline,20,151,57,54,0.43859649122807015,0.4444444444444444,contribution_rate,delta_r2,random forest,-0.00035499077731016015,-0.0009152375911754662,0.0004464424231126971,-0.02799188358900384,-0.028346874366314,0.006964217770121461,-0.003018916048920206,0.013976766473040109,-0.05043124314835312,-0.04346702537823166,,,,,,,,,,
6,mean_of_rounds,no_baseline,20,151,57,54,0.43859649122807015,0.4444444444444444,maxed_out,delta_auc,random forest,,,,,,,,,,,-0.09187499999999998,-0.28538205645161285,0.09550763821828857,0.515625,0.42375,-0.006249999999999978,-0.21199294532627858,0.1903701575138356,0.5638888888888889,0.5576388888888889
6,mean_of_rounds,early_contribution,20,151,57,54,0.43859649122807015,0.4444444444444444,contribution_rate,delta_r2,elastic net,-0.15376385877466137,-0.3034404638650895,0.10167882972544115,0.12891334240306274,-0.02485051637159863,-0.02215586615480014,-0.10032641039135831,0.09380221562662461,0.3655447991777323,0.34338893302293216,,,,,,,,,,
6,mean_of_rounds,early_contribution,20,151,57,54,0.43859649122807015,0.4444444444444444,maxed_out,delta_auc,elastic net,,,,,,,,,,,-0.07124999999999981,-0.18963355698010437,0.05124999999999991,0.7124999999999999,0.6412500000000001,-0.11319444444444449,-0.23173460591133008,0.005404134738186523,0.7701388888888889,0.6569444444444444
6,mean_of_rounds,early_contribution,20,151,57,54,0.43859649122807015,0.4444444444444444,contribution_rate,delta_r2,random forest,-0.00025733489300816537,-0.0008245051323732211,3.26884632359516e-06,-0.028210287878561724,-0.02846762277156989,0.0038433260002821434,-0.0032530056458978025,0.0085033095981914,-0.04578871020901376,-0.04194538420873162,,,,,,,,,,
6,mean_of_rounds,early_contribution,20,151,57,54,0.43859649122807015,0.4444444444444444,maxed_out,delta_auc,random forest,,,,,,,,,,,-0.19562500000000005,-0.348758871483376,-0.036868529040404066,0.655625,0.45999999999999996,-0.026388888888888795,-0.16803883744855982,0.1218979266347681,0.7013888888888888,0.675
7,mean_of_rounds,no_baseline,20,151,58,55,0.43103448275862066,0.43636363636363634,contribution_rate,delta_r2,elastic net,-0.13628827591175452,-0.2593777134300099,-0.002588832864243597,0.15462618114002613,0.01833790522827161,-0.003075453494523761,-0.17779303848362388,0.12484865910976037,0.09342578752787867,0.0903503340333549,,,,,,,,,,
7,mean_of_rounds,no_baseline,20,151,58,55,0.43103448275862066,0.43636363636363634,maxed_out,delta_auc,elastic net,,,,,,,,,,,-0.07757575757575752,-0.2386600378787879,0.08248814532825736,0.72,0.6424242424242425,-0.02620967741935476,-0.20128037463763948,0.1594553122607277,0.5504032258064515,0.5241935483870968
7,mean_of_rounds,no_baseline,20,151,58,55,0.43103448275862066,0.43636363636363634,contribution_rate,delta_r2,random forest,0.00021088610588515522,-0.0004748273700326322,0.0013726514053622842,-0.04519215270084875,-0.0449812665949636,0.009910124673463416,-0.0023448344437483116,0.01951329676419441,-0.046676440606802094,-0.03676631593333868,,,,,,,,,,
7,mean_of_rounds,no_baseline,20,151,58,55,0.43103448275862066,0.43636363636363634,maxed_out,delta_auc,random forest,,,,,,,,,,,-0.06121212121212127,-0.24063257575757585,0.1287939882697948,0.513939393939394,0.45272727272727276,0.032258064516129115,-0.14986895161290326,0.21144560725835418,0.5483870967741935,0.5806451612903226
7,mean_of_rounds,early_contribution,20,151,58,55,0.43103448275862066,0.43636363636363634,contribution_rate,delta_r2,elastic net,-0.16910209131835297,-0.26322589066390484,-0.03655846142535093,0.12837407273164803,-0.04072801858670494,-0.03200542176426291,-0.11964039712861448,0.06410440374534587,0.40875309589124964,0.37674767412698673,,,,,,,,,,
7,mean_of_rounds,early_contribution,20,151,58,55,0.43103448275862066,0.43636363636363634,maxed_out,delta_auc,elastic net,,,,,,,,,,,-0.05696969696969689,-0.20711196524064174,0.08702754127966969,0.7321212121212121,0.6751515151515152,-0.1391129032258065,-0.2762807450307451,-0.01717348171152543,0.7869623655913979,0.6478494623655914
7,mean_of_rounds,early_contribution,20,151,58,55,0.43103448275862066,0.43636363636363634,contribution_rate,delta_r2,random forest,-0.0005231433161427823,-0.0011462209303048476,0.00034545095707124617,-0.04456954225246523,-0.045092685568608015,0.002765720027406937,-0.005826204311526639,0.009281739533400012,-0.03773219039338538,-0.03496647036597844,,,,,,,,,,
7,mean_of_rounds,early_contribution,20,151,58,55,0.43103448275862066,0.43636363636363634,maxed_out,delta_auc,random forest,,,,,,,,,,,-0.1339393939393939,-0.29516455419580423,0.02243181818181817,0.673939393939394,0.54,-0.01276881720430112,-0.12811097992916187,0.10218413978494596,0.719758064516129,0.7069892473118279
8,mean_of_rounds,no_baseline,20,151,58,55,0.43103448275862066,0.43636363636363634,contribution_rate,delta_r2,elastic net,-0.14781293951357843,-0.22286084385136273,-0.028269655002676513,0.15462618114002613,0.006813241626447697,0.021907845661991776,-0.10062902564209303,0.12432970813289222,0.09342578752787867,0.11533363318987044,,,,,,,,,,
8,mean_of_rounds,no_baseline,20,151,58,55,0.43103448275862066,0.43636363636363634,maxed_out,delta_auc,elastic net,,,,,,,,,,,-0.08848484848484839,-0.23322253787878783,0.05358018207282901,0.72,0.6315151515151516,-0.05981182795698914,-0.21971529814271756,0.10809957124612285,0.5504032258064515,0.4905913978494624
8,mean_of_rounds,no_baseline,20,151,58,55,0.43103448275862066,0.43636363636363634,contribution_rate,delta_r2,random forest,0.00011785116396123563,-0.0005882294414511546,0.000980252493511069,-0.04519215270084875,-0.04507430153688752,0.011503515456376734,0.0006716375326901006,0.019198028261304872,-0.046676440606802094,-0.03517292515042536,,,,,,,,,,
8,mean_of_rounds,no_baseline,20,151,58,55,0.43103448275862066,0.43636363636363634,maxed_out,delta_auc,random forest,,,,,,,,,,,-0.017575757575757633,-0.21695028011204492,0.1617170601891171,0.513939393939394,0.4963636363636364,0.021505376344086002,-0.15981432360742698,0.20029631879276896,0.5483870967741935,0.5698924731182795
8,mean_of_rounds,early_contribution,20,151,58,55,0.43103448275862066,0.43636363636363634,contribution_rate,delta_r2,elastic net,-0.08532279471250348,-0.21551581620480414,0.029885961229413557,0.14249836286673223,0.05717556815422875,0.03223363874540153,-0.0707216169979755,0.1281507189332665,0.45099194457776703,0.48322558332316856,,,,,,,,,,
8,mean_of_rounds,early_contribution,20,151,58,55,0.43103448275862066,0.43636363636363634,maxed_out,delta_auc,elastic net,,,,,,,,,,,-0.0884848484848485,-0.24000475624256837,0.05051515151515156,0.743030303030303,0.6545454545454545,-0.18279569892473124,-0.3186823369565218,-0.05465941644562336,0.8024193548387097,0.6196236559139785
8,mean_of_rounds,early_contribution,20,151,58,55,0.43103448275862066,0.43636363636363634,contribution_rate,delta_r2,random forest,-0.0006411645365675955,-0.0010775970495661535,8.451671064848884e-05,-0.04451957030945941,-0.045160734846027006,0.002184058081426743,-0.0049310278521243365,0.007577725752018526,-0.03694487648476796,-0.03476081840334122,,,,,,,,,,
8,mean_of_rounds,early_contribution,20,151,58,55,0.43103448275862066,0.43636363636363634,maxed_out,delta_auc,random forest,,,,,,,,,,,-0.1387878787878788,-0.28977411987522284,0.02514688940092125,0.696969696969697,0.5581818181818182,-0.06989247311827962,-0.19006892230576436,0.03902703987931252,0.7271505376344086,0.657258064516129
9,mean_of_rounds,no_baseline,20,151,58,56,0.43103448275862066,0.42857142857142855,contribution_rate,delta_r2,elastic net,-0.12196175375578666,-0.19143969008702874,-0.0007679332392614581,0.15462618114002613,0.03266442738423947,-0.005005174720508099,-0.22104783875639347,0.15702715519311036,0.0998845955459935,0.0948794208254854,,,,,,,,,,
9,mean_of_rounds,no_baseline,20,151,58,56,0.43103448275862066,0.42857142857142855,maxed_out,delta_auc,elastic net,,,,,,,,,,,-0.10545454545454547,-0.25091543340380557,0.03089222763135809,0.72,0.6145454545454545,-0.03776041666666674,-0.1791957448122529,0.11030825791855202,0.5625,0.5247395833333333
9,mean_of_rounds,no_baseline,20,151,58,56,0.43103448275862066,0.42857142857142855,contribution_rate,delta_r2,random forest,0.0006655600065981204,6.556183269672e-05,0.0013792912951087195,-0.04519215270084875,-0.04452659269425063,0.010808810467551222,-0.0007007612130103589,0.01975597476457617,-0.05589716918309118,-0.045088358715539956,,,,,,,,,,
9,mean_of_rounds,no_baseline,20,151,58,56,0.43103448275862066,0.42857142857142855,maxed_out,delta_auc,random forest,,,,,,,,,,,-0.00060606060606061,-0.19471889863258002,0.1783262844611528,0.513939393939394,0.5133333333333334,-0.03059895833333337,-0.22901239290085684,0.16945482120051086,0.560546875,0.5299479166666666
9,mean_of_rounds,early_contribution,20,151,58,56,0.43103448275862066,0.42857142857142855,contribution_rate,delta_r2,elastic net,-0.06574006631014007,-0.20236706149023018,0.07939035075514568,0.1669398822755599,0.10119981596541983,0.015780901572044037,-0.11078136589904682,0.11697574346137925,0.47825501253732816,0.4940359141093722,,,,,,,,,,
9,mean_of_rounds,early_contribution,20,151,58,56,0.43103448275862066,0.42857142857142855,maxed_out,delta_auc,elastic net,,,,,,,,,,,-0.06666666666666665,-0.19953124999999985,0.05536151446477526,0.7503030303030304,0.6836363636363637,-0.18424479166666674,-0.31437879135502217,-0.06530612244897971,0.818359375,0.6341145833333333
9,mean_of_rounds,early_contribution,20,151,58,56,0.43103448275862066,0.42857142857142855,contribution_rate,delta_r2,random forest,-0.0005434570505977732,-0.0011409578451321122,0.00038890548379258373,-0.04450534471584655,-0.045048801766444324,0.003905541036062443,-0.003261370456070406,0.00890550811572828,-0.04541993388830501,-0.041514392852242565,,,,,,,,,,
9,mean_of_rounds,early_contribution,20,151,58,56,0.43103448275862066,0.42857142857142855,maxed_out,delta_auc,random forest,,,,,,,,,,,-0.09151515151515144,-0.2363645186335404,0.05337491246498567,0.7042424242424241,0.6127272727272727,-0.091796875,-0.22709535256410254,0.026740016800868818,0.7571614583333334,0.6653645833333334
10,mean_of_rounds,no_baseline,20,151,59,57,0.423728813559322,0.42105263157894735,contribution_rate,delta_r2,elastic net,-0.12776550646614993,-0.26866381796201827,0.020313331067132744,0.07364814070243775,-0.05411736576371218,0.021637406681882854,-0.10886885137266351,0.12178172064506747,0.10480682323543411,0.12644422991731696,,,,,,,,,,
10,mean_of_rounds,no_baseline,20,151,59,57,0.423728813559322,0.42105263157894735,maxed_out,delta_auc,elastic net,,,,,,,,,,,-0.07647058823529407,-0.24305635560675898,0.09881513112491369,0.7435294117647059,0.6670588235294118,-0.08270202020202022,-0.25812636500136504,0.08271239177489174,0.6016414141414141,0.5189393939393939
10,mean_of_rounds,no_baseline,20,151,59,57,0.423728813559322,0.42105263157894735,contribution_rate,delta_r2,random forest,-0.00035628827077460734,-0.0010063240374182825,0.0006557096432512939,-0.07108985936553847,-0.07144614763631307,0.015143688232116093,0.003556101429281461,0.02445607047185445,-0.06835275511697247,-0.05320906688485638,,,,,,,,,,
10,mean_of_rounds,no_baseline,20,151,59,57,0.423728813559322,0.42105263157894735,maxed_out,delta_auc,random forest,,,,,,,,,,,-0.10705882352941176,-0.3071731309231309,0.10028195488721776,0.6952941176470588,0.5882352941176471,0.005681818181818232,-0.16997145096283023,0.17839947089947084,0.5688131313131313,0.5744949494949495
10,mean_of_rounds,early_contribution,20,151,59,57,0.423728813559322,0.42105263157894735,contribution_rate,delta_r2,elastic net,0.08133805598082577,-0.03329071073065681,0.25342168026638195,0.0027735877514890594,0.08411164373231483,0.037015805683374814,-0.07788496364781958,0.12966841562432013,0.478073739618431,0.5150895453018058,,,,,,,,,,
10,mean_of_rounds,early_contribution,20,151,59,57,0.423728813559322,0.42105263157894735,maxed_out,delta_auc,elastic net,,,,,,,,,,,-0.06352941176470583,-0.19524718915343925,0.06063696172248792,0.776470588235294,0.7129411764705882,-0.13383838383838387,-0.2695752665544332,-0.0027000702000701876,0.8358585858585859,0.702020202020202
10,mean_of_rounds,early_contribution,20,151,59,57,0.423728813559322,0.42105263157894735,contribution_rate,delta_r2,random forest,-0.0009321531273909223,-0.0019011399941212925,-0.00026858690145383304,-0.07068737192914964,-0.07161952505654057,0.0062361078267250125,-0.004677342223765618,0.014248510465978097,-0.05647994872699069,-0.05024384090026568,,,,,,,,,,
10,mean_of_rounds,early_contribution,20,151,59,57,0.423728813559322,0.42105263157894735,maxed_out,delta_auc,random forest,,,,,,,,,,,-0.08352941176470585,-0.1941210277214334,0.020743369533692154,0.808235294117647,0.7247058823529412,-0.019570707070707072,-0.1364764267990074,0.0901638843583608,0.764520202020202,0.7449494949494949
2,cumulative,no_baseline,20,151,55,45,0.45454545454545453,0.4444444444444444,contribution_rate,delta_r2,elastic net,-0.5048167284348153,-1.5336989689504077,-0.09436813819630413,-0.04385376865919999,-0.5486704970940153,-0.3318239249436665,-0.6763044369638169,-0.10877945921608523,0.07091318398991087,-0.26091074095375566,,,,,,,,,,
2,cumulative,no_baseline,20,151,55,45,0.45454545454545453,0.4444444444444444,maxed_out,delta_auc,elastic net,,,,,,,,,,,0.06799999999999995,-0.10534550264550259,0.25134133543224435,0.6186666666666667,0.6866666666666666,0.1409999999999999,-0.06222916666666663,0.33848317403424927,0.485,0.6259999999999999
2,cumulative,no_baseline,20,151,55,45,0.45454545454545453,0.4444444444444444,contribution_rate,delta_r2,random forest,0.0,0.0,0.0,-0.02813491941023427,-0.02813491941023427,0.0016122586921065718,0.0007688619470198499,0.0025396184839776787,-0.06865867510020118,-0.06704641640809461,,,,,,,,,,
2,cumulative,no_baseline,20,151,55,45,0.45454545454545453,0.4444444444444444,maxed_out,delta_auc,random forest,,,,,,,,,,,0.11599999999999999,-0.08129124010785452,0.32666666666666666,0.5093333333333333,0.6253333333333333,0.16099999999999992,-0.06607222222222227,0.4028422092781359,0.487,0.6479999999999999
2,cumulative,early_contribution,20,151,55,45,0.45454545454545453,0.4444444444444444,contribution_rate,delta_r2,elastic net,-0.5046961387727031,-1.4320780227043404,-0.1017131151685098,-0.04407099718945773,-0.5487671359621609,-0.3318239249436665,-0.6810743037342192,-0.10061333732300205,0.07091318398991087,-0.26091074095375566,,,,,,,,,,
2,cumulative,early_contribution,20,151,55,45,0.45454545454545453,0.4444444444444444,maxed_out,delta_auc,elastic net,,,,,,,,,,,0.06799999999999995,-0.10317788272333712,0.22487936507936493,0.6053333333333334,0.6733333333333333,0.019999999999999907,-0.17442860764995657,0.21197177084858232,0.648,0.6679999999999999
2,cumulative,early_contribution,20,151,55,45,0.45454545454545453,0.4444444444444444,contribution_rate,delta_r2,random forest,0.0,0.0,0.0,-0.02813491941023427,-0.02813491941023427,-1.2619174907246844e-06,-0.0014284035002119833,0.0014792647697642537,-0.06802156327860853,-0.06802282519609926,,,,,,,,,,
2,cumulative,early_contribution,20,151,55,45,0.45454545454545453,0.4444444444444444,maxed_out,delta_auc,random forest,,,,,,,,,,,0.1453333333333332,-0.07068091397849471,0.33401177675371213,0.4973333333333334,0.6426666666666666,0.05599999999999994,-0.17800925925925942,0.28263673222912333,0.612,0.6679999999999999
3,cumulative,no_baseline,20,151,55,48,0.45454545454545453,0.4375,contribution_rate,delta_r2,elastic net,-0.05208641421681248,-0.17581284742021855,0.1987510795731687,-0.04385376865919999,-0.09594018287601247,-0.16668262280245272,-0.29623977992514655,0.008131471328060313,0.09191983202534759,-0.07476279077710513,,,,,,,,,,
3,cumulative,no_baseline,20,151,55,48,0.45454545454545453,0.4375,maxed_out,delta_auc,elastic net,,,,,,,,,,,-0.09599999999999997,-0.28898214896893987,0.1005360343061956,0.6186666666666667,0.5226666666666667,0.013227513227513255,-0.1722435897435897,0.1887554511822088,0.5141093474426808,0.527336860670194
3,cumulative,no_baseline,20,151,55,48,0.45454545454545453,0.4375,contribution_rate,delta_r2,random forest,0.0,0.0,0.0,-0.02813491941023427,-0.02813491941023427,0.0012653817727112937,-0.00013678221887351017,0.0023214438262040443,-0.07432570334890998,-0.07306032157619868,,,,,,,,,,
3,cumulative,no_baseline,20,151,55,48,0.45454545454545453,0.4375,maxed_out,delta_auc,random forest,,,,,,,,,,,0.028000000000000025,-0.18644292345585445,0.25739540229885005,0.5093333333333333,0.5373333333333333,0.15167548500881833,-0.09534722222222225,0.3839492319159967,0.5114638447971782,0.6631393298059965
3,cumulative,early_contribution,20,151,55,48,0.45454545454545453,0.4375,contribution_rate,delta_r2,elastic net,-0.06345726116753436,-0.1971499376770967,0.24108339857122904,-0.03248292170847811,-0.09594018287601247,-0.2040469828071998,-0.31187772054053764,-0.05998521032359104,0.12928419203009467,-0.07476279077710513,,,,,,,,,,
3,cumulative,early_contribution,20,151,55,48,0.45454545454545453,0.4375,maxed_out,delta_auc,elastic net,,,,,,,,,,,-0.07733333333333337,-0.27514102059556605,0.1019283746556473,0.6306666666666667,0.5533333333333333,-0.1313932980599647,-0.2921739130434782,0.03451354679802935,0.7310405643738977,0.5996472663139331
3,cumulative,early_contribution,20,151,55,48,0.45454545454545453,0.4375,contribution_rate,delta_r2,random forest,0.0,0.0,0.0,-0.02813491941023427,-0.02813491941023427,-0.0009452713422442027,-0.002405190277594915,0.0003118457867220364,-0.0730084637051891,-0.0739537350474333,,,,,,,,,,
3,cumulative,early_contribution,20,151,55,48,0.45454545454545453,0.4375,maxed_out,delta_auc,random forest,,,,,,,,,,,-0.04933333333333334,-0.2446254385214341,0.14382084540097864,0.6106666666666667,0.5613333333333334,-0.02910052910052907,-0.21607761249661156,0.1546880511463842,0.6763668430335097,0.6472663139329806
4,cumulative,no_baseline,20,151,57,51,0.43859649122807015,0.47058823529411764,contribution_rate,delta_r2,elastic net,-0.13770926684567453,-0.2382619805864761,0.04224755360831071,0.08187445127735304,-0.05583481556832148,-0.14868234808021752,-0.27212274254406554,0.0376321223021031,0.10304213040803956,-0.04564021767217796,,,,,,,,,,
4,cumulative,no_baseline,20,151,57,51,0.43859649122807015,0.47058823529411764,maxed_out,delta_auc,elastic net,,,,,,,,,,,-0.26,-0.41536544211405696,-0.10164141414141414,0.6875,0.4275,-0.12114197530864201,-0.3072823582448406,0.07300207039337468,0.6103395061728395,0.4891975308641975
4,cumulative,no_baseline,20,151,57,51,0.43859649122807015,0.47058823529411764,contribution_rate,delta_r2,random forest,-0.00040812409562773766,-0.0009013253346627226,0.00024833249949996383,-0.02799188358900384,-0.02840000768463158,0.0038978872309420876,-0.002354933244781593,0.008867187285875058,-0.037809416237496896,-0.03391152900655481,,,,,,,,,,
4,cumulative,no_baseline,20,151,57,51,0.43859649122807015,0.47058823529411764,maxed_out,delta_auc,random forest,,,,,,,,,,,-0.0031250000000000444,-0.2026865786240787,0.19626658950617273,0.515625,0.5125,0.02083333333333337,-0.21236538461538468,0.2531922877846791,0.5501543209876543,0.5709876543209876
4,cumulative,early_contribution,20,151,57,51,0.43859649122807015,0.47058823529411764,contribution_rate,delta_r2,elastic net,-0.1562323992482767,-0.30956099001157006,0.07152649258655555,0.10148857594319682,-0.054743823305079875,-0.32817046938819283,-0.5112806955106376,-0.08165255199538617,0.28253025171601487,-0.04564021767217796,,,,,,,,,,
4,cumulative,early_contribution,20,151,57,51,0.43859649122807015,0.47058823529411764,maxed_out,delta_auc,elastic net,,,,,,,,,,,-0.1762499999999999,-0.34416305916305917,-0.009996913580246937,0.6475,0.47125000000000006,-0.1635802469135802,-0.29248618578255675,-0.03238811728395087,0.7469135802469136,0.5833333333333334
4,cumulative,early_contribution,20,151,57,51,0.43859649122807015,0.47058823529411764,contribution_rate,delta_r2,random forest,-0.00026442371633605966,-0.00088163507613776,0.00010629405977152757,-0.028207009083007772,-0.028471432799343832,0.0005404086590581336,-0.004911570684050723,0.0054786063271356185,-0.0336414024629188,-0.03310099380386067,,,,,,,,,,
4,cumulative,early_contribution,20,151,57,51,0.43859649122807015,0.47058823529411764,maxed_out,delta_auc,random forest,,,,,,,,,,,-0.19562499999999994,-0.3638190711606684,-0.028112049653176777,0.629375,0.4337500000000001,0.0015432098765432167,-0.17339269713261654,0.17002018633540356,0.6527777777777778,0.654320987654321
5,cumulative,no_baseline,20,151,57,54,0.43859649122807015,0.4444444444444444,contribution_rate,delta_r2,elastic net,-0.103294670951243,-0.2043740388898413,0.05157277882801591,0.08187445127735304,-0.021420219673889962,-0.15192661868209278,-0.2780375950658076,0.013612794345989677,0.09262418359502489,-0.059302435087067895,,,,,,,,,,
5,cumulative,no_baseline,20,151,57,54,0.43859649122807015,0.4444444444444444,maxed_out,delta_auc,elastic net,,,,,,,,,,,-0.203125,-0.3913386583223539,-0.011009900593234007,0.6875,0.484375,-0.07152777777777775,-0.2544864303959131,0.11043784340659323,0.6090277777777777,0.5375
5,cumulative,no_baseline,20,151,57,54,0.43859649122807015,0.4444444444444444,contribution_rate,delta_r2,random forest,0.000265439854814975,-0.00020395840289291756,0.0008502238946927576,-0.02799188358900384,-0.027726443734188866,0.005724612127959938,0.0002758023959864853,0.009638554424244307,-0.05043124314835312,-0.044706631020393184,,,,,,,,,,
5,cumulative,no_baseline,20,151,57,54,0.43859649122807015,0.4444444444444444,maxed_out,delta_auc,random forest,,,,,,,,,,,-0.038124999999999964,-0.25311322488741844,0.1629986903777224,0.515625,0.47750000000000004,0.0805555555555556,-0.11910173160173163,0.2889750836028726,0.5638888888888889,0.6444444444444445
5,cumulative,early_contribution,20,151,57,54,0.43859649122807015,0.4444444444444444,contribution_rate,delta_r2,elastic net,-0.15119507761129802,-0.2950314703394559,0.0721774720501764,0.12095422530459987,-0.03024085230669815,-0.3653228222773319,-0.5425774227226599,-0.1327975382383125,0.30602038719026425,-0.05930243508706767,,,,,,,,,,
5,cumulative,early_contribution,20,151,57,54,0.43859649122807015,0.4444444444444444,maxed_out,delta_auc,elastic net,,,,,,,,,,,-0.16499999999999992,-0.33994841269841264,0.013547634251657297,0.6812499999999999,0.51625,-0.10069444444444442,-0.2520999313186813,0.04841368309110226,0.75625,0.6555555555555556
5,cumulative,early_contribution,20,151,57,54,0.43859649122807015,0.4444444444444444,contribution_rate,delta_r2,random forest,-0.0002500726860674707,-0.0007871533608387826,-1.1148212851119955e-05,-0.028204965142958116,-0.028455037829025587,0.0029876370824293286,-0.0016402913323869698,0.006365231956029547,-0.0468086391460083,-0.04382100206357897,,,,,,,,,,
5,cumulative,early_contribution,20,151,57,54,0.43859649122807015,0.4444444444444444,maxed_out,delta_auc,random forest,,,,,,,,,,,-0.07499999999999996,-0.2314883633633633,0.0831525890988803,0.61375,0.5387500000000001,0.03888888888888886,-0.13077810565015485,0.2054737922199353,0.675,0.7138888888888889
6,cumulative,no_baseline,20,151,57,54,0.43859649122807015,0.4444444444444444,contribution_rate,delta_r2,elastic net,-0.15168438696097808,-0.24315180056488275,0.01172009307313841,0.08187445127735304,-0.06980993568362504,-0.10918097782304914,-0.20587655231151264,0.013916042080222126,0.09262418359502489,-0.016556794228024252,,,,,,,,,,
6,cumulative,no_baseline,20,151,57,54,0.43859649122807015,0.4444444444444444,maxed_out,delta_auc,elastic net,,,,,,,,,,,-0.16062500000000002,-0.3364467592592592,0.023382038091916586,0.6875,0.526875,-0.03402777777777777,-0.1777777777777778,0.09934027777777757,0.6090277777777777,0.575
6,cumulative,no_baseline,20,151,57,54,0.43859649122807015,0.4444444444444444,contribution_rate,delta_r2,random forest,0.00017341168146201014,-0.00030710536199222705,0.000643807932384427,-0.02799188358900384,-0.02781847190754183,0.008615982045772741,0.0025080950451074,0.013348193676339019,-0.05043124314835312,-0.04181526110258038,,,,,,,,,,
6,cumulative,no_baseline,20,151,57,54,0.43859649122807015,0.4444444444444444,maxed_out,delta_auc,random forest,,,,,,,,,,,-0.03687499999999999,-0.2279271509740259,0.17006818181818154,0.515625,0.47875,0.0986111111111112,-0.11083450210378679,0.30305871212121194,0.5638888888888889,0.6625000000000001
6,cumulative,early_contribution,20,151,57,54,0.43859649122807015,0.4444444444444444,contribution_rate,delta_r2,elastic net,-0.1557549696670314,-0.3159057711616648,0.09056464398424588,0.12891334240306274,-0.02684162726396866,-0.25559618575714727,-0.4160255800322942,-0.029560926483661744,0.3655447991777323,0.10994861342058504,,,,,,,,,,
6,cumulative,early_contribution,20,151,57,54,0.43859649122807015,0.4444444444444444,maxed_out,delta_auc,elastic net,,,,,,,,,,,-0.125,-0.2662466565692372,0.013932291666666487,0.7124999999999999,0.5874999999999999,-0.08402777777777781,-0.24724856321839092,0.05907204433497524,0.7701388888888889,0.6861111111111111
6,cumulative,early_contribution,20,151,57,54,0.43859649122807015,0.4444444444444444,contribution_rate,delta_r2,random forest,-0.00010352710048411318,-0.0005203571006288599,0.00024592341902204265,-0.028210287878561724,-0.028313814979045837,0.0036360893585694054,-0.002403452554001048,0.008362605440085673,-0.04578871020901376,-0.042152620850444356,,,,,,,,,,
6,cumulative,early_contribution,20,151,57,54,0.43859649122807015,0.4444444444444444,maxed_out,delta_auc,random forest,,,,,,,,,,,-0.078125,-0.23814409722222224,0.08502447089947074,0.655625,0.5775,0.001388888888888884,-0.1607221638655463,0.1538443797581725,0.7013888888888888,0.7027777777777777
7,cumulative,no_baseline,20,151,58,55,0.43103448275862066,0.43636363636363634,contribution_rate,delta_r2,elastic net,-0.26110814901985113,-0.38984871124630605,-0.10085465972587877,0.15462618114002613,-0.106481967879825,-0.14947219319845895,-0.2638420621644646,0.0013181442801603622,0.09342578752787867,-0.05604640567058028,,,,,,,,,,
7,cumulative,no_baseline,20,151,58,55,0.43103448275862066,0.43636363636363634,maxed_out,delta_auc,elastic net,,,,,,,,,,,-0.14787878787878794,-0.31031128489193005,0.006060606060606102,0.72,0.572121212121212,-0.022177419354838634,-0.15694895159599953,0.1189611559139785,0.5504032258064515,0.5282258064516129
7,cumulative,no_baseline,20,151,58,55,0.43103448275862066,0.43636363636363634,contribution_rate,delta_r2,random forest,0.00019497430902037927,-0.00043182730525669343,0.000732170205795318,-0.04519215270084875,-0.044997178391828374,0.011608287665246353,0.004204911711958281,0.017671485835495552,-0.046676440606802094,-0.03506815294155574,,,,,,,,,,
7,cumulative,no_baseline,20,151,58,55,0.43103448275862066,0.43636363636363634,maxed_out,delta_auc,random forest,,,,,,,,,,,0.09151515151515144,-0.11052362333007486,0.2885294913419914,0.513939393939394,0.6054545454545455,0.15591397849462374,-0.04272058823529419,0.3385892857142856,0.5483870967741935,0.7043010752688172
7,cumulative,early_contribution,20,151,58,55,0.43103448275862066,0.43636363636363634,contribution_rate,delta_r2,elastic net,-0.2466871933465422,-0.40252648415027736,-0.051783911770749765,0.12837407273164803,-0.11831312061489418,-0.28708322992106294,-0.4519123303871978,-0.07140577023385476,0.40875309589124964,0.1216698659701867,,,,,,,,,,
7,cumulative,early_contribution,20,151,58,55,0.43103448275862066,0.43636363636363634,maxed_out,delta_auc,elastic net,,,,,,,,,,,-0.1466666666666666,-0.30770202020202014,0.009523809523809493,0.7321212121212121,0.5854545454545454,-0.15658602150537637,-0.30574048913043483,-0.008397081658750354,0.7869623655913979,0.6303763440860215
7,cumulative,early_contribution,20,151,58,55,0.43103448275862066,0.43636363636363634,contribution_rate,delta_r2,random forest,-0.00044138867031207063,-0.0010271240399078673,0.000583755893470622,-0.04456954225246523,-0.045010930922777304,0.0034414434034231167,-0.00257243833050419,0.008881544496608882,-0.03773219039338538,-0.03429074698996226,,,,,,,,,,
7,cumulative,early_contribution,20,151,58,55,0.43103448275862066,0.43636363636363634,maxed_out,delta_auc,random forest,,,,,,,,,,,-0.11878787878787878,-0.2842139847827454,0.04597299872231368,0.673939393939394,0.5551515151515152,0.02083333333333337,-0.11685455836271055,0.14201606606606598,0.719758064516129,0.7405913978494624
8,cumulative,no_baseline,20,151,58,55,0.43103448275862066,0.43636363636363634,contribution_rate,delta_r2,elastic net,-0.3103262226768896,-0.4174441860104197,-0.15552562614281454,0.15462618114002613,-0.15570004153686345,-0.14947219319845895,-0.27187336047453775,0.011950171695422987,0.09342578752787867,-0.05604640567058028,,,,,,,,,,
8,cumulative,no_baseline,20,151,58,55,0.43103448275862066,0.43636363636363634,maxed_out,delta_auc,elastic net,,,,,,,,,,,-0.1709090909090909,-0.349765625,-0.004782196969697092,0.72,0.5490909090909091,-0.06518817204301064,-0.1961017423273658,0.07001917989417991,0.5504032258064515,0.4852150537634409
8,cumulative,no_baseline,20,151,58,55,0.43103448275862066,0.43636363636363634,contribution_rate,delta_r2,random forest,7.86406932293815e-05,-0.0005834971895448959,0.0010571629675283124,-0.04519215270084875,-0.04511351200761937,0.011055548322186581,0.002687425139077024,0.017221155393602163,-0.046676440606802094,-0.03562089228461551,,,,,,,,,,
8,cumulative,no_baseline,20,151,58,55,0.43103448275862066,0.43636363636363634,maxed_out,delta_auc,random forest,,,,,,,,,,,0.034545454545454546,-0.1568868835412953,0.22825567502986827,0.513939393939394,0.5484848484848486,0.09408602150537648,-0.10490591397849464,0.2764899823153897,0.5483870967741935,0.64247311827957
8,cumulative,early_contribution,20,151,58,55,0.43103448275862066,0.43636363636363634,contribution_rate,delta_r2,elastic net,-0.269553207813632,-0.5113977485474075,0.08923726533401022,0.14249836286673223,-0.12705484494689978,-0.21337715132503643,-0.5523578770465145,-0.0036177989588671035,0.45099194457776703,0.2376147932527306,,,,,,,,,,
8,cumulative,early_contribution,20,151,58,55,0.43103448275862066,0.43636363636363634,maxed_out,delta_auc,elastic net,,,,,,,,,,,-0.2412121212121212,-0.4098682133838384,-0.07752570236780774,0.743030303030303,0.5018181818181818,-0.22043010752688175,-0.36844385964912285,-0.077129688493325,0.8024193548387097,0.581989247311828
8,cumulative,early_contribution,20,151,58,55,0.43103448275862066,0.43636363636363634,contribution_rate,delta_r2,random forest,-0.000508889533179735,-0.0012006366327057538,0.0004849681563485237,-0.04451957030945941,-0.045028459842639146,0.0052712852067058336,-0.0004964129338643597,0.01037890611331228,-0.03694487648476796,-0.03167359127806213,,,,,,,,,,
8,cumulative,early_contribution,20,151,58,55,0.43103448275862066,0.43636363636363634,maxed_out,delta_auc,random forest,,,,,,,,,,,-0.07333333333333347,-0.2036732785644795,0.0514094815111642,0.696969696969697,0.6236363636363635,0.016129032258064502,-0.11090006524343284,0.1326369577308119,0.7271505376344086,0.7432795698924731
9,cumulative,no_baseline,20,151,58,56,0.43103448275862066,0.42857142857142855,contribution_rate,delta_r2,elastic net,-0.3913584995292797,-0.5357429252684375,-0.22266235846315535,0.15462618114002613,-0.23673231838925357,-0.16604007157541756,-0.28667852785474857,-0.016615040795834462,0.0998845955459935,-0.06615547602942407,,,,,,,,,,
9,cumulative,no_baseline,20,151,58,56,0.43103448275862066,0.42857142857142855,maxed_out,delta_auc,elastic net,,,,,,,,,,,-0.12,-0.29607609988109385,0.06178361704677489,0.72,0.6,-0.06250000000000006,-0.19096956946746563,0.07288903199860867,0.5625,0.49999999999999994
9,cumulative,no_baseline,20,151,58,56,0.43103448275862066,0.42857142857142855,contribution_rate,delta_r2,random forest,0.00018727593323908387,-0.0003727984683944086,0.0009941873867538474,-0.04519215270084875,-0.04500487676760967,0.010389495781196523,0.0031511043881718606,0.01619581832263731,-0.05589716918309118,-0.045507673401894655,,,,,,,,,,
9,cumulative,no_baseline,20,151,58,56,0.43103448275862066,0.42857142857142855,maxed_out,delta_auc,random forest,,,,,,,,,,,0.04909090909090896,-0.15651219653766338,0.26849612193362177,0.513939393939394,0.563030303030303,0.08268229166666674,-0.12452313731816841,0.2641260162601624,0.560546875,0.6432291666666667
9,cumulative,early_contribution,20,151,58,56,0.43103448275862066,0.42857142857142855,contribution_rate,delta_r2,elastic net,-0.4106977398446401,-0.601372509580561,-0.12262652640727223,0.1669398822755599,-0.2437578575690802,-0.11070657590480637,-0.31929990704621103,0.05585192533535177,0.47825501253732816,0.3675484366325218,,,,,,,,,,
9,cumulative,early_contribution,20,151,58,56,0.43103448275862066,0.42857142857142855,maxed_out,delta_auc,elastic net,,,,,,,,,,,-0.09333333333333338,-0.2559613997113997,0.060895445134575406,0.7503030303030304,0.656969696969697,-0.22200520833333337,-0.36143760476532566,-0.08385752688172049,0.818359375,0.5963541666666666
9,cumulative,early_contribution,20,151,58,56,0.43103448275862066,0.42857142857142855,contribution_rate,delta_r2,random forest,-0.0006589090883766247,-0.0012092250253905035,-2.5202108027972523e-05,-0.04450534471584655,-0.045164253804223176,0.004981610079858978,-0.00014168454132894572,0.00937823291560987,-0.04541993388830501,-0.04043832380844603,,,,,,,,,,
9,cumulative,early_contribution,20,151,58,56,0.43103448275862066,0.42857142857142855,maxed_out,delta_auc,random forest,,,,,,,,,,,-0.11393939393939378,-0.27323721042471044,0.04778972520907998,0.7042424242424241,0.5903030303030303,-0.01757812500000011,-0.12639045698924742,0.08620747280103269,0.7571614583333334,0.7395833333333333
10,cumulative,no_baseline,20,151,59,57,0.423728813559322,0.42105263157894735,contribution_rate,delta_r2,elastic net,-0.14393328276284778,-0.30028545933812417,0.01182606858602204,0.07364814070243775,-0.07028514206041003,-0.18866261091278924,-0.30467483757240144,-0.04954494946796596,0.10480682323543411,-0.08385578767735513,,,,,,,,,,
10,cumulative,no_baseline,20,151,59,57,0.423728813559322,0.42105263157894735,maxed_out,delta_auc,elastic net,,,,,,,,,,,-0.09176470588235297,-0.264706785662668,0.07847058823529396,0.7435294117647059,0.6517647058823529,-0.03977272727272729,-0.20372620062517774,0.13338083982202456,0.6016414141414141,0.5618686868686869
10,cumulative,no_baseline,20,151,59,57,0.423728813559322,0.42105263157894735,contribution_rate,delta_r2,random forest,-0.0004019510548027849,-0.0010255504010214579,0.000376284204166721,-0.07108985936553847,-0.07149181042034125,0.012039207746418201,0.006905530805269578,0.016913465779744407,-0.06835275511697247,-0.05631354737055427,,,,,,,,,,
10,cumulative,no_baseline,20,151,59,57,0.423728813559322,0.42105263157894735,maxed_out,delta_auc,random forest,,,,,,,,,,,-0.1082352941176471,-0.2963189588189589,0.09195402298850569,0.6952941176470588,0.5870588235294117,0.10290404040404055,-0.10940625,0.31203244884910475,0.5688131313131313,0.6717171717171718
10,cumulative,early_contribution,20,151,59,57,0.423728813559322,0.42105263157894735,contribution_rate,delta_r2,elastic net,-0.1150551820837663,-0.23205895758857212,0.005941255736384894,0.0027735877514890594,-0.11228159433227725,-0.3663293079671768,-0.5476642154881779,-0.1501819629555657,0.478073739618431,0.11174443165125425,,,,,,,,,,
10,cumulative,early_contribution,20,151,59,57,0.423728813559322,0.42105263157894735,maxed_out,delta_auc,elastic net,,,,,,,,,,,-0.045882352941176374,-0.18333823529411766,0.0909122740005093,0.776470588235294,0.7305882352941176,-0.15782828282828276,-0.2909093815391769,-0.03156161367368278,0.8358585858585859,0.6780303030303031
10,cumulative,early_contribution,20,151,59,57,0.423728813559322,0.42105263157894735,contribution_rate,delta_r2,random forest,-0.000744277907079427,-0.0015367523076193045,-0.00018600947852091557,-0.07068737192914964,-0.07143164983622907,0.004574984783587199,-0.003165946759851446,0.011212639378913317,-0.05647994872699069,-0.05190496394340349,,,,,,,,,,
10,cumulative,early_contribution,20,151,59,57,0.423728813559322,0.42105263157894735,maxed_out,delta_auc,random forest,,,,,,,,,,,-0.0964705882352942,-0.22106814836149508,0.01839172244344647,0.808235294117647,0.7117647058823529,0.010732323232323315,-0.10653121423595566,0.11764900404606289,0.764520202020202,0.7752525252525253
